trade_date,wind_code,open,high,low,close,volume,amt
2023-01-03,801030.SI,4050.65,4114.56,4038.07,4109.20,2519790000,31819320000
2023-01-04,801030.SI,4107.69,4118.33,4083.64,4103.00,2370810000,30279880000
2023-01-05,801030.SI,4111.38,4142.36,4103.25,4133.23,2396640000,31030190000
2023-01-06,801030.SI,4131.12,4205.90,4131.12,4182.69,3246160000,42265390000
2023-01-09,801030.SI,4195.18,4226.25,4194.47,4206.23,3139240000,39438190000
2023-01-10,801030.SI,4202.82,4202.82,4156.26,4174.92,2478750000,31283310000
2023-01-11,801030.SI,4178.85,4197.15,4152.96,4153.83,2239890000,29783060000
2023-01-12,801030.SI,4160.24,4184.14,4150.17,4158.07,1997790000,26465360000
2023-01-13,801030.SI,4169.93,4185.63,4151.84,4174.66,2019900000,26027170000
2023-01-16,801030.SI,4172.37,4237.02,4172.37,4218.80,2526840000,33212050000
2023-01-17,801030.SI,4224.53,4239.84,4221.29,4235.03,2053520000,27815270000
2023-01-18,801030.SI,4242.40,4251.86,4234.34,4242.59,2049450000,26358630000
2023-01-19,801030.SI,4239.39,4271.15,4227.48,4271.15,2107310000,27434760000
2023-01-20,801030.SI,4280.80,4310.57,4276.98,4309.91,2409470000,30934200000
2023-01-30,801030.SI,4360.76,4379.81,4344.05,4347.40,3493370000,44118200000
2023-01-31,801030.SI,4341.85,4377.37,4331.74,4375.48,2924490000,38493000000
2023-02-01,801030.SI,4382.94,4434.93,4382.74,4434.93,3450160000,44253650000
2023-02-02,801030.SI,4441.17,4464.83,4415.47,4464.30,3247850000,41912940000
2023-02-03,801030.SI,4454.73,4454.81,4384.60,4442.64,3349730000,44181810000
2023-02-06,801030.SI,4425.11,4425.23,4376.11,4396.66,2576450000,34612170000
2023-02-07,801030.SI,4400.03,4408.37,4382.77,4407.96,2598380000,33279820000
2023-02-08,801030.SI,4408.69,4430.91,4404.45,4406.12,2654820000,36225560000
2023-02-09,801030.SI,4399.65,4458.30,4396.58,4458.30,3155260000,42085970000
2023-02-10,801030.SI,4451.48,4479.03,4435.55,4455.46,3241890000,42174150000
2023-02-13,801030.SI,4456.82,4496.71,4453.28,4496.65,3479380000,46265480000
2023-02-14,801030.SI,4503.01,4530.93,4494.56,4530.93,3788340000,49317160000
2023-02-15,801030.SI,4533.09,4534.16,4491.90,4501.33,3499040000,44756070000
2023-02-16,801030.SI,4506.88,4516.42,4381.35,4406.44,4295130000,54236680000
2023-02-17,801030.SI,4408.44,4459.26,4408.44,4421.52,3101290000,40610250000
2023-02-20,801030.SI,4422.43,4474.26,4387.99,4473.13,3316890000,43897220000
2023-02-21,801030.SI,4480.00,4546.72,4476.68,4523.99,3759390000,48447920000
2023-02-22,801030.SI,4504.34,4518.68,4476.90,4486.02,2737220000,35978720000
2023-02-23,801030.SI,4486.31,4499.35,4457.10,4475.47,2665060000,36743950000
2023-02-24,801030.SI,4474.51,4475.40,4431.61,4456.64,2291670000,31202910000
2023-02-27,801030.SI,4443.06,4510.10,4437.02,4473.79,3151460000,45068930000
2023-02-28,801030.SI,4481.02,4492.24,4447.52,4491.05,2477970000,34780020000
2023-03-01,801030.SI,4493.31,4502.94,4482.75,4499.70,2455640000,33775790000
2023-03-02,801030.SI,4501.52,4516.12,4490.12,4492.88,2776080000,37560040000
2023-03-03,801030.SI,4491.85,4495.88,4459.13,4476.90,2428670000,31871660000
2023-03-06,801030.SI,4476.32,4476.32,4424.58,4459.14,2686470000,36634250000
2023-03-07,801030.SI,4457.43,4465.15,4379.73,4379.73,2876760000,35785540000
2023-03-08,801030.SI,4369.79,4387.23,4357.20,4384.99,1982780000,26704310000
2023-03-09,801030.SI,4389.64,4394.48,4363.88,4373.07,2113910000,28668160000
2023-03-10,801030.SI,4352.13,4354.06,4302.24,4303.46,2417540000,31870120000
2023-03-13,801030.SI,4293.16,4321.90,4268.05,4291.26,2334310000,30082170000
2023-03-14,801030.SI,4285.13,4285.20,4192.14,4232.01,2581070000,33137360000
2023-03-15,801030.SI,4255.02,4283.77,4254.82,4261.01,2241060000,27737150000
2023-03-16,801030.SI,4241.71,4250.47,4175.64,4175.76,2321640000,29851490000
2023-03-17,801030.SI,4206.70,4229.17,4182.50,4191.83,2193500000,28169440000
2023-03-20,801030.SI,4193.57,4195.39,4162.02,4175.91,2231890000,30419080000
2023-03-21,801030.SI,4177.88,4226.02,4177.49,4225.69,2010920000,26752060000
2023-03-22,801030.SI,4234.48,4254.35,4207.58,4217.98,2074460000,27463420000
2023-03-23,801030.SI,4212.07,4212.38,4187.81,4204.95,2074690000,27603880000
2023-03-24,801030.SI,4200.64,4206.04,4180.41,4183.30,2251770000,31855670000
2023-03-27,801030.SI,4184.59,4184.59,4146.56,4160.94,2559840000,32400530000
2023-03-28,801030.SI,4182.39,4193.15,4154.15,4158.88,2596410000,31684690000
2023-03-29,801030.SI,4165.62,4171.46,4128.02,4130.82,2816070000,30345260000
2023-03-30,801030.SI,4126.95,4143.78,4099.95,4143.17,2476600000,28283870000
2023-03-31,801030.SI,4142.14,4190.52,4141.93,4167.81,2199400000,28445730000
2023-04-03,801030.SI,4172.70,4184.44,4158.39,4179.86,2602880000,34247490000
2023-04-04,801030.SI,4176.77,4176.84,4100.81,4115.24,2814400000,36060630000
2023-04-06,801030.SI,4106.59,4107.12,4087.31,4103.28,2366590000,29723220000
2023-04-07,801030.SI,4101.18,4134.19,4097.20,4122.34,1968900000,25764400000
2023-04-10,801030.SI,4122.51,4122.51,4092.72,4105.69,2427330000,31287550000
2023-04-11,801030.SI,4098.77,4098.78,4076.04,4090.72,2260530000,28255970000
2023-04-12,801030.SI,4091.63,4093.73,4061.48,4072.65,2402080000,30122170000
2023-04-13,801030.SI,4065.03,4065.11,4034.74,4042.85,2262490000,28604040000
2023-04-14,801030.SI,4047.60,4076.25,4047.48,4065.39,2281290000,30105910000
2023-04-17,801030.SI,4064.14,4126.86,4064.14,4126.86,2692300000,35073610000
2023-04-18,801030.SI,4125.77,4132.63,4109.60,4119.32,2305980000,30524890000
2023-04-19,801030.SI,4115.10,4115.17,4078.32,4082.34,2242090000,29408730000
2023-04-20,801030.SI,4077.65,4077.65,4016.34,4019.70,2539230000,31626560000
2023-04-21,801030.SI,4007.52,4007.57,3917.17,3917.17,2859850000,35003940000
2023-04-24,801030.SI,3916.51,3916.51,3869.55,3881.41,2293380000,28844360000
2023-04-25,801030.SI,3878.89,3878.89,3759.74,3799.28,2844360000,34278210000
2023-04-26,801030.SI,3785.51,3853.33,3781.41,3833.15,2139150000,27317070000
2023-04-27,801030.SI,3824.87,3862.04,3814.43,3844.18,2120240000,26039530000
2023-04-28,801030.SI,3829.92,3857.52,3822.48,3845.13,2398650000,28896940000
2023-05-04,801030.SI,3822.25,3841.78,3816.23,3828.16,2450100000,28043670000
2023-05-05,801030.SI,3825.60,3825.63,3758.35,3786.25,2117270000,24731950000
2023-05-08,801030.SI,3787.98,3811.77,3782.13,3800.58,2142080000,24728440000
2023-05-09,801030.SI,3802.45,3821.55,3769.14,3769.65,2496510000,27353910000
2023-05-10,801030.SI,3765.72,3815.91,3764.57,3793.77,1919490000,22975340000
2023-05-11,801030.SI,3800.48,3805.08,3779.46,3800.37,1715180000,20404600000
2023-05-12,801030.SI,3797.83,3805.56,3741.35,3743.94,1807750000,21181270000
2023-05-15,801030.SI,3739.95,3801.03,3739.95,3801.03,2003830000,23905560000
2023-05-16,801030.SI,3806.32,3806.32,3776.09,3782.22,1851690000,21603250000
2023-05-17,801030.SI,3778.41,3796.90,3770.63,3785.13,1786290000,21386150000
2023-05-18,801030.SI,3790.05,3793.23,3746.74,3761.28,1894740000,21665960000
2023-05-19,801030.SI,3755.67,3770.81,3729.24,3761.73,1847010000,20597960000
2023-05-22,801030.SI,3763.08,3796.31,3742.72,3795.43,2036310000,23530360000
2023-05-23,801030.SI,3796.46,3812.19,3778.30,3778.30,2046620000,23007940000
2023-05-24,801030.SI,3772.61,3799.39,3751.54,3770.95,1945650000,23212500000
2023-05-25,801030.SI,3761.58,3763.91,3707.71,3734.65,2302470000,26445490000
2023-05-26,801030.SI,3730.66,3730.68,3688.01,3721.97,1828860000,21497660000
2023-05-29,801030.SI,3723.71,3728.72,3677.98,3682.64,2011300000,23909480000
2023-05-30,801030.SI,3677.46,3680.25,3620.95,3662.84,2099810000,22538980000
2023-05-31,801030.SI,3654.76,3654.82,3620.54,3633.33,1879080000,21571420000
2023-06-01,801030.SI,3628.64,3675.24,3622.51,3647.74,2106970000,22884200000
2023-06-02,801030.SI,3652.19,3738.22,3652.17,3736.04,2534460000,28574280000
2023-06-05,801030.SI,3741.47,3744.19,3719.00,3731.51,1938530000,21978620000
2023-06-06,801030.SI,3728.36,3728.36,3675.32,3678.44,1972370000,23078000000
2023-06-07,801030.SI,3675.50,3678.95,3638.66,3645.84,1750340000,19243750000
2023-06-08,801030.SI,3647.74,3667.38,3636.34,3653.58,1739610000,19502070000
2023-06-09,801030.SI,3655.29,3659.65,3617.51,3636.35,2137570000,23156720000
2023-06-12,801030.SI,3632.83,3678.86,3611.61,3664.71,2081790000,22240390000
2023-06-13,801030.SI,3661.59,3671.26,3645.73,3661.50,1868330000,20168110000
2023-06-14,801030.SI,3668.25,3689.77,3657.26,3671.71,2157470000,23340860000
2023-06-15,801030.SI,3676.18,3720.03,3661.87,3720.03,2305020000,26366970000
2023-06-16,801030.SI,3722.38,3732.37,3705.79,3719.32,2354590000,27273360000
2023-06-19,801030.SI,3724.67,3736.35,3695.10,3696.50,2224210000,26243980000
2023-06-20,801030.SI,3694.55,3694.65,3668.26,3671.18,2322190000,27188200000
2023-06-21,801030.SI,3666.51,3687.18,3631.82,3631.82,2243150000,25036070000
2023-06-26,801030.SI,3612.30,3635.45,3587.53,3603.49,2408060000,26935200000
2023-06-27,801030.SI,3605.28,3675.80,3603.22,3674.38,2543840000,27591620000
2023-06-28,801030.SI,3674.57,3674.57,3637.41,3671.85,2191700000,25118990000
2023-06-29,801030.SI,3671.47,3674.89,3657.99,3658.72,2189820000,26284000000
2023-06-30,801030.SI,3662.00,3735.00,3661.98,3726.06,2987890000,35147160000
2023-07-03,801030.SI,3737.85,3767.46,3737.84,3746.26,2963370000,34605110000
2023-07-04,801030.SI,3751.55,3751.61,3734.37,3744.83,2455090000,28116640000
2023-07-05,801030.SI,3739.51,3754.26,3729.86,3739.08,2409280000,27167420000
2023-07-06,801030.SI,3734.42,3735.35,3713.66,3723.57,2353620000,26862300000
2023-07-07,801030.SI,3713.57,3723.97,3689.50,3704.78,2166160000,24316740000
2023-07-10,801030.SI,3713.14,3755.30,3713.03,3745.59,2434510000,28510010000
2023-07-11,801030.SI,3750.34,3775.79,3728.12,3775.79,2367380000,26534420000
2023-07-12,801030.SI,3773.74,3814.05,3763.99,3785.67,2853730000,33516840000
2023-07-13,801030.SI,3792.77,3815.61,3791.97,3811.82,2559530000,29777590000
2023-07-14,801030.SI,3810.49,3816.73,3798.95,3811.01,2650110000,29866400000
2023-07-17,801030.SI,3801.79,3801.81,3775.37,3793.58,2651940000,28789840000
2023-07-18,801030.SI,3801.56,3834.98,3788.55,3826.94,2897370000,30828570000
2023-07-19,801030.SI,3820.31,3837.06,3802.72,3816.97,2352330000,25464740000
2023-07-20,801030.SI,3823.19,3866.66,3816.48,3821.18,3049770000,34418710000
2023-07-21,801030.SI,3817.64,3852.99,3805.59,3820.29,2753000000,29412720000
2023-07-24,801030.SI,3813.39,3813.39,3775.30,3778.52,2568330000,26247640000
2023-07-25,801030.SI,3807.69,3848.76,3807.44,3834.48,2810540000,29416310000
2023-07-26,801030.SI,3842.67,3871.97,3841.37,3856.59,3194260000,30470570000
2023-07-27,801030.SI,3854.14,3859.43,3814.75,3820.54,2835190000,28012760000
2023-07-28,801030.SI,3810.86,3851.57,3799.63,3849.05,2746960000,28373570000
2023-07-31,801030.SI,3861.86,3899.69,3860.56,3871.88,2920770000,31113750000
2023-08-01,801030.SI,3871.00,3873.56,3844.35,3859.94,2612430000,27960260000
2023-08-02,801030.SI,3859.91,3865.02,3830.45,3840.02,2457860000,24621850000
2023-08-03,801030.SI,3832.58,3837.29,3816.72,3836.42,2244880000,23321480000
2023-08-04,801030.SI,3848.63,3863.38,3821.47,3821.47,2478630000,26312100000
2023-08-07,801030.SI,3819.74,3819.74,3785.40,3794.73,2404230000,25756920000
2023-08-08,801030.SI,3794.18,3817.43,3761.45,3813.37,2383720000,25917020000
2023-08-09,801030.SI,3806.86,3806.86,3788.13,3798.94,2058600000,22643130000
2023-08-10,801030.SI,3797.97,3818.81,3794.02,3811.29,1877640000,22860540000
2023-08-11,801030.SI,3814.46,3814.46,3746.77,3746.77,2111380000,24226440000
2023-08-14,801030.SI,3719.93,3738.76,3689.17,3738.76,2063080000,23194080000
2023-08-15,801030.SI,3737.87,3739.22,3690.67,3717.59,1971130000,21695660000
2023-08-16,801030.SI,3709.36,3719.41,3685.04,3685.04,1831340000,20491760000
2023-08-17,801030.SI,3674.89,3703.58,3645.76,3699.47,2090210000,22529380000
2023-08-18,801030.SI,3697.55,3710.10,3657.57,3657.57,1986070000,22036370000
2023-08-21,801030.SI,3652.63,3682.32,3622.46,3622.46,2036250000,21945760000
2023-08-22,801030.SI,3632.51,3642.14,3566.49,3616.71,2579500000,27547740000
2023-08-23,801030.SI,3615.25,3615.25,3561.73,3561.73,2221010000,23564710000
2023-08-24,801030.SI,3566.61,3604.28,3544.68,3583.43,2456290000,26726330000
2023-08-25,801030.SI,3578.54,3612.49,3547.18,3558.05,2758820000,28877760000
2023-08-28,801030.SI,3718.52,3718.52,3578.09,3587.60,3916260000,39850870000
2023-08-29,801030.SI,3583.26,3658.30,3580.73,3648.99,3047350000,33098400000
2023-08-30,801030.SI,3649.28,3675.31,3639.40,3651.49,2624730000,27187670000
2023-08-31,801030.SI,3647.65,3651.77,3625.37,3634.37,2413950000,23607720000
2023-09-01,801030.SI,3641.67,3674.27,3641.63,3666.21,2322560000,24240550000
2023-09-04,801030.SI,3680.15,3745.11,3680.09,3745.11,3304780000,32671920000
2023-09-05,801030.SI,3737.63,3740.11,3719.25,3732.07,2433320000,25487330000
2023-09-06,801030.SI,3723.63,3753.77,3711.25,3749.69,2454740000,27689680000
2023-09-07,801030.SI,3748.07,3748.10,3693.16,3693.16,2372690000,26592130000
2023-09-08,801030.SI,3687.45,3704.73,3679.27,3683.23,2047950000,22401990000
2023-09-11,801030.SI,3692.60,3727.09,3687.37,3713.03,2645210000,28359360000
2023-09-12,801030.SI,3711.32,3726.69,3702.25,3719.95,2522440000,25211600000
2023-09-13,801030.SI,3717.87,3734.77,3675.78,3694.43,2495790000,25738860000
2023-09-14,801030.SI,3697.41,3697.41,3661.26,3678.82,2262200000,23453810000
2023-09-15,801030.SI,3686.98,3689.05,3649.60,3663.10,2372920000,23809920000
2023-09-18,801030.SI,3652.38,3687.48,3633.87,3673.23,2419760000,23865690000
2023-09-19,801030.SI,3671.52,3671.52,3638.66,3648.77,2300990000,22214190000
2023-09-20,801030.SI,3643.57,3644.62,3624.56,3624.63,2237170000,20961270000
2023-09-21,801030.SI,3615.00,3630.16,3594.30,3594.30,2090960000,19905620000
2023-09-22,801030.SI,3590.32,3636.10,3583.26,3636.10,2340230000,23563410000
2023-09-25,801030.SI,3635.49,3635.54,3608.90,3614.71,2279580000,23660780000
2023-09-26,801030.SI,3608.76,3608.84,3577.03,3577.03,2192610000,22316660000
2023-09-27,801030.SI,3575.68,3614.68,3567.76,3587.45,2325420000,24133410000
2023-09-28,801030.SI,3594.07,3605.55,3588.78,3599.13,2231350000,22981910000
2023-10-09,801030.SI,3595.50,3595.65,3572.46,3580.89,2386450000,24459740000
2023-10-10,801030.SI,3589.56,3607.58,3566.32,3568.36,2227550000,23396630000
2023-10-11,801030.SI,3579.93,3589.14,3556.60,3563.64,2280110000,23564270000
2023-10-12,801030.SI,3579.41,3601.95,3570.37,3601.32,2331230000,24814800000
2023-10-13,801030.SI,3587.23,3587.45,3556.38,3567.37,2109020000,22439590000
2023-10-16,801030.SI,3570.84,3570.84,3526.11,3536.52,2266820000,24535910000
2023-10-17,801030.SI,3541.15,3546.57,3523.03,3543.74,1996500000,20490450000
2023-10-18,801030.SI,3537.12,3537.30,3478.59,3479.29,2445760000,22548210000
2023-10-19,801030.SI,3462.60,3494.71,3440.32,3440.32,2802430000,23603330000
2023-10-20,801030.SI,3429.39,3460.76,3424.59,3429.52,2613370000,21867060000
2023-10-23,801030.SI,3422.38,3422.59,3329.19,3342.74,2918080000,24433860000
2023-10-24,801030.SI,3350.61,3409.66,3350.39,3406.69,3170180000,27769710000
2023-10-25,801030.SI,3433.95,3471.73,3433.95,3451.67,3272990000,30611960000
2023-10-26,801030.SI,3440.33,3447.90,3407.13,3445.68,2944170000,27479620000
2023-10-27,801030.SI,3437.25,3536.29,3430.42,3525.48,3491310000,35717820000
2023-10-30,801030.SI,3515.64,3577.26,3515.63,3568.23,3415870000,34716590000
2023-10-31,801030.SI,3566.80,3574.95,3552.36,3563.96,3154380000,28992880000
2023-11-01,801030.SI,3567.19,3567.37,3545.47,3550.53,2857410000,26169620000
2023-11-02,801030.SI,3556.21,3556.86,3516.16,3516.16,2731960000,24588300000
2023-11-03,801030.SI,3520.63,3559.72,3520.59,3544.86,2583860000,24978050000
2023-11-06,801030.SI,3559.27,3584.66,3556.78,3584.26,3122210000,31798510000
2023-11-07,801030.SI,3579.56,3596.49,3559.21,3589.91,2927800000,29454710000
2023-11-08,801030.SI,3590.14,3590.14,3534.89,3556.05,3101800000,32329390000
2023-11-09,801030.SI,3554.05,3582.45,3553.16,3566.46,3030040000,32127610000
2023-11-10,801030.SI,3557.44,3563.18,3545.59,3557.02,2771090000,27433750000
2023-11-13,801030.SI,3563.62,3573.07,3541.11,3573.07,2948680000,29144080000
2023-11-14,801030.SI,3572.44,3588.44,3551.69,3565.57,2803580000,28929230000
2023-11-15,801030.SI,3586.19,3607.09,3586.07,3605.06,3122680000,34123110000
2023-11-16,801030.SI,3600.05,3600.11,3569.96,3569.96,2813210000,30371620000
2023-11-17,801030.SI,3564.40,3584.45,3561.64,3584.43,2905890000,30502040000
2023-11-20,801030.SI,3591.56,3608.37,3565.61,3607.91,3160490000,34848980000
2023-11-21,801030.SI,3610.11,3627.95,3596.28,3600.75,3283840000,35417240000
2023-11-22,801030.SI,3595.66,3602.38,3559.87,3559.87,2846820000,30036250000
2023-11-23,801030.SI,3557.98,3590.88,3557.90,3587.21,2603530000,26995400000
2023-11-24,801030.SI,3585.02,3585.23,3552.53,3555.90,2735100000,27520630000
2023-11-27,801030.SI,3551.42,3551.46,3516.15,3541.47,2663560000,27538260000
2023-11-28,801030.SI,3538.92,3560.68,3524.27,3560.24,2607710000,25972560000
2023-11-29,801030.SI,3560.08,3562.62,3533.45,3538.49,2298500000,24287720000
2023-11-30,801030.SI,3538.00,3538.01,3489.97,3509.29,2406650000,24612520000
2023-12-01,801030.SI,3509.93,3511.96,3482.59,3499.36,2237030000,23472490000
2023-12-04,801030.SI,3501.64,3513.39,3497.66,3500.19,2373720000,24018730000
2023-12-05,801030.SI,3498.44,3500.27,3447.63,3447.63,2353400000,23471160000
2023-12-06,801030.SI,3443.30,3495.21,3442.17,3473.22,2621260000,26354610000
2023-12-07,801030.SI,3473.37,3473.53,3429.74,3441.74,2665220000,25843590000
2023-12-08,801030.SI,3443.98,3447.64,3416.78,3418.07,2897810000,27774170000
2023-12-11,801030.SI,3405.72,3453.31,3383.01,3448.85,3080440000,28626900000
2023-12-12,801030.SI,3448.58,3455.42,3429.81,3455.42,2352670000,22908750000
2023-12-13,801030.SI,3451.79,3451.90,3413.51,3413.51,2307960000,22424000000
2023-12-14,801030.SI,3424.83,3442.76,3410.27,3410.95,2266560000,23062400000
2023-12-15,801030.SI,3415.78,3433.32,3392.00,3399.35,2310370000,22469210000
2023-12-18,801030.SI,3393.17,3393.33,3342.99,3348.08,2532440000,24034580000
2023-12-19,801030.SI,3345.82,3358.25,3335.52,3357.14,2362560000,24057010000
2023-12-20,801030.SI,3362.46,3381.57,3337.44,3337.81,2629440000,26751370000
2023-12-21,801030.SI,3328.76,3364.62,3297.36,3355.22,2985500000,30443590000
2023-12-22,801030.SI,3357.79,3381.55,3329.33,3363.14,3149220000,32575030000
2023-12-25,801030.SI,3361.27,3361.27,3334.58,3355.99,2685510000,26857280000
2023-12-26,801030.SI,3354.02,3375.73,3340.55,3347.43,3294950000,31847660000
2023-12-27,801030.SI,3347.52,3352.11,3314.27,3348.48,3268940000,32609900000
2023-12-28,801030.SI,3346.41,3438.53,3345.32,3432.02,4015750000,42640590000
2023-12-29,801030.SI,3429.17,3459.49,3429.17,3456.27,3604670000,39760610000
2024-01-02,801030.SI,3459.73,3469.86,3448.90,3455.32,3634620000,39863920000
2024-01-03,801030.SI,3448.09,3473.58,3445.55,3463.52,3714350000,38738300000
2024-01-04,801030.SI,3458.92,3465.59,3422.67,3438.22,3530120000,36118350000
2024-01-05,801030.SI,3434.43,3452.60,3378.45,3390.54,3572400000,37068680000
2024-01-08,801030.SI,3384.91,3388.66,3327.92,3327.92,3122060000,31763750000
2024-01-09,801030.SI,3330.11,3358.19,3305.53,3322.95,3019600000,31917570000
2024-01-10,801030.SI,3315.06,3348.68,3286.21,3312.38,2886630000,28966940000
2024-01-11,801030.SI,3305.54,3351.76,3292.98,3339.45,3082060000,31052300000
2024-01-12,801030.SI,3334.42,3378.83,3331.80,3333.51,3080110000,31917600000
2024-01-15,801030.SI,3323.36,3336.21,3300.76,3309.31,2691920000,27298370000
2024-01-16,801030.SI,3306.71,3318.89,3258.76,3299.95,2912720000,29161610000
2024-01-17,801030.SI,3296.64,3296.67,3214.84,3214.84,2681680000,27238970000
2024-01-18,801030.SI,3199.94,3204.23,3109.45,3204.19,4019370000,37926840000
2024-01-19,801030.SI,3200.39,3228.21,3179.10,3183.25,2805010000,28546870000
2024-01-22,801030.SI,3174.88,3174.96,3009.48,3023.24,3748630000,35377630000
2024-01-23,801030.SI,3018.55,3058.06,2978.87,3046.63,3329210000,30178730000
2024-01-24,801030.SI,3058.40,3077.85,2978.52,3073.37,3432910000,32170490000
2024-01-25,801030.SI,3074.52,3167.12,3069.83,3167.12,3462130000,33646690000
2024-01-26,801030.SI,3160.62,3191.98,3149.09,3155.00,2940240000,28860810000
2024-01-29,801030.SI,3163.66,3166.56,3086.30,3086.30,2841830000,26973090000
2024-01-30,801030.SI,3067.99,3078.35,2998.68,3000.77,2589410000,23699110000
2024-01-31,801030.SI,2988.19,3004.49,2894.89,2898.95,3296870000,27517200000
2024-02-01,801030.SI,2890.78,2920.56,2841.68,2871.09,3026880000,25572540000
2024-02-02,801030.SI,2876.19,2891.99,2700.17,2771.80,3860260000,31093930000
2024-02-05,801030.SI,2754.15,2754.61,2575.68,2655.01,4828520000,36096660000
2024-02-06,801030.SI,2617.02,2814.61,2598.37,2780.97,5263580000,37703200000
2024-02-07,801030.SI,2789.27,2874.07,2786.61,2850.22,5692450000,42699750000
2024-02-08,801030.SI,2861.51,2981.17,2861.51,2959.88,5915230000,44480910000
2024-02-19,801030.SI,2996.46,3011.16,2955.54,2990.64,4870990000,38290990000
2024-02-20,801030.SI,2983.16,3014.83,2959.28,3009.95,3277690000,27535480000
2024-02-21,801030.SI,2993.76,3106.39,2990.82,3041.71,4225640000,35272540000
2024-02-22,801030.SI,3038.77,3076.65,3035.27,3076.65,3540890000,28471150000
2024-02-23,801030.SI,3082.37,3112.02,3063.50,3110.93,3944040000,32173870000
2024-02-26,801030.SI,3109.50,3160.17,3094.74,3120.49,4045090000,34112640000
2024-02-27,801030.SI,3114.48,3180.45,3112.05,3180.45,3546760000,31623980000
2024-02-28,801030.SI,3186.20,3239.39,3074.34,3074.34,5754140000,49174800000
2024-02-29,801030.SI,3055.62,3166.76,3055.62,3166.76,4415180000,38652170000
2024-03-01,801030.SI,3172.97,3189.90,3157.14,3185.24,3981680000,36349570000
2024-03-04,801030.SI,3185.41,3193.65,3135.16,3163.30,3814140000,35688540000
2024-03-05,801030.SI,3149.22,3151.09,3124.50,3133.88,3401850000,30844880000
2024-03-06,801030.SI,3127.92,3167.36,3114.99,3145.13,3263810000,30286910000
2024-03-07,801030.SI,3147.42,3187.33,3140.37,3140.37,3624140000,32757120000
2024-03-08,801030.SI,3139.12,3164.63,3123.98,3159.40,2937180000,27132220000
2024-03-11,801030.SI,3159.41,3206.12,3159.41,3206.12,3661540000,33915850000
2024-03-12,801030.SI,3213.45,3224.68,3186.49,3224.53,4107800000,37990840000
2024-03-13,801030.SI,3225.47,3228.87,3197.91,3213.06,3596350000,32189380000
2024-03-14,801030.SI,3209.59,3230.09,3168.75,3192.13,3441650000,30893350000
2024-03-15,801030.SI,3187.33,3246.24,3174.47,3246.24,3510370000,33565420000
2024-03-18,801030.SI,3253.54,3284.51,3241.22,3284.51,3984640000,39206840000
2024-03-19,801030.SI,3279.95,3297.80,3270.51,3272.78,3827260000,36406620000
2024-03-20,801030.SI,3268.70,3287.99,3263.96,3284.74,3623310000,34113800000
2024-03-21,801030.SI,3287.97,3289.69,3250.82,3272.96,4188880000,38178590000
2024-03-22,801030.SI,3273.07,3274.61,3219.19,3230.61,4460040000,40422420000
2024-03-25,801030.SI,3223.73,3251.18,3187.33,3187.33,4416970000,39884660000
2024-03-26,801030.SI,3187.43,3220.82,3163.62,3216.74,4111050000,38622520000
2024-03-27,801030.SI,3213.20,3215.68,3150.09,3150.09,4045910000,37810650000
2024-03-28,801030.SI,3145.28,3218.07,3145.18,3187.58,4203090000,37830470000
2024-03-29,801030.SI,3186.81,3241.22,3186.81,3240.86,4108090000,38189690000
2024-04-01,801030.SI,3248.51,3321.47,3248.37,3321.47,4726970000,46310780000
2024-04-02,801030.SI,3323.07,3370.56,3323.03,3367.08,5915370000,54809510000
2024-04-03,801030.SI,3363.18,3379.76,3340.75,3373.36,5489260000,54116310000
2024-04-08,801030.SI,3362.06,3375.60,3311.16,3311.31,5100130000,51647560000
2024-04-09,801030.SI,3302.62,3364.15,3302.49,3364.15,4636660000,46814720000
2024-04-10,801030.SI,3359.84,3360.07,3305.35,3327.52,4584780000,45316160000
2024-04-11,801030.SI,3306.02,3360.50,3297.35,3330.08,4160120000,40675420000
2024-04-12,801030.SI,3324.66,3342.01,3299.33,3309.24,4078760000,40105420000
2024-04-15,801030.SI,3300.92,3318.76,3223.92,3268.87,5495110000,51655170000
2024-04-16,801030.SI,3244.55,3249.82,3129.77,3129.84,5424080000,46715880000
2024-04-17,801030.SI,3147.51,3241.74,3147.24,3241.57,4895210000,42890230000
2024-04-18,801030.SI,3237.69,3278.39,3224.24,3243.20,4799440000,44410010000
2024-04-19,801030.SI,3234.18,3293.28,3233.56,3279.80,5048470000,49094110000
2024-04-22,801030.SI,3266.50,3286.02,3235.31,3238.46,4863910000,46760580000
2024-04-23,801030.SI,3225.76,3233.76,3194.07,3200.16,4221460000,40085790000
2024-04-24,801030.SI,3204.42,3224.20,3188.09,3224.20,4351790000,38593100000
2024-04-25,801030.SI,3219.27,3283.68,3219.16,3261.30,5097130000,45936190000
2024-04-26,801030.SI,3250.93,3310.99,3250.93,3306.14,5652200000,52296140000
2024-04-29,801030.SI,3297.78,3402.60,3297.78,3400.08,6029900000,58345950000
2024-04-30,801030.SI,3392.10,3415.26,3380.68,3387.00,5731330000,53770760000
2024-05-06,801030.SI,3422.91,3515.16,3419.91,3515.16,6739490000,71023020000
2024-05-07,801030.SI,3522.56,3571.77,3521.65,3571.77,7101030000,73839870000
2024-05-08,801030.SI,3565.27,3574.99,3526.85,3533.99,6280980000,65717650000
2024-05-09,801030.SI,3529.80,3574.08,3529.80,3555.68,5829310000,62909880000
2024-05-10,801030.SI,3557.41,3559.37,3505.63,3523.04,5834260000,62412060000
2024-05-13,801030.SI,3495.25,3499.70,3462.46,3480.10,5144690000,53138480000
2024-05-14,801030.SI,3477.91,3496.15,3464.07,3466.01,4919280000,52586140000
2024-05-15,801030.SI,3457.61,3479.25,3439.17,3456.62,4780670000,48970600000
2024-05-16,801030.SI,3459.09,3481.65,3441.05,3450.21,5494590000,54028370000
2024-05-17,801030.SI,3444.64,3503.65,3444.64,3503.65,5897350000,56442620000
2024-05-20,801030.SI,3509.53,3542.11,3495.29,3522.29,6182550000,62480940000
2024-05-21,801030.SI,3515.54,3515.58,3455.37,3467.97,5131630000,53260820000
2024-05-22,801030.SI,3462.64,3484.08,3454.53,3466.09,4360380000,47288060000
2024-05-23,801030.SI,3447.19,3447.25,3379.59,3387.32,5047090000,51827540000
2024-05-24,801030.SI,3385.07,3399.52,3370.56,3370.80,4325520000,44532220000
2024-05-27,801030.SI,3367.90,3403.14,3349.41,3402.62,4622740000,45082470000
2024-05-28,801030.SI,3395.05,3404.23,3359.56,3360.15,4258790000,44557860000
2024-05-29,801030.SI,3350.19,3387.79,3350.19,3374.07,3855040000,40839560000
2024-05-30,801030.SI,3367.41,3418.81,3356.61,3361.64,4508210000,47711540000
2024-05-31,801030.SI,3360.36,3366.21,3336.19,3337.67,3996160000,41497970000
2024-06-03,801030.SI,3325.73,3325.76,3260.43,3283.50,4481190000,42395270000
2024-06-04,801030.SI,3270.76,3299.17,3242.60,3294.27,3645250000,36306330000
2024-06-05,801030.SI,3287.75,3288.07,3243.49,3243.74,3406850000,31431390000
2024-06-06,801030.SI,3240.09,3261.17,3175.76,3188.51,4409260000,39345810000
2024-06-07,801030.SI,3206.40,3232.43,3184.84,3211.31,3624780000,33096190000
2024-06-11,801030.SI,3201.66,3220.97,3179.11,3220.97,3226460000,30994090000
2024-06-12,801030.SI,3219.94,3242.44,3216.96,3234.66,3307540000,33684320000
2024-06-13,801030.SI,3237.02,3238.53,3185.81,3190.05,3800700000,38092020000
2024-06-14,801030.SI,3181.07,3183.16,3144.09,3176.17,3768640000,36231900000
2024-06-17,801030.SI,3161.55,3174.73,3150.46,3159.39,3099430000,30686070000
2024-06-18,801030.SI,3161.34,3192.92,3161.34,3192.92,3364070000,34151760000
2024-06-19,801030.SI,3193.29,3193.29,3159.78,3164.14,3443560000,34689260000
2024-06-20,801030.SI,3160.31,3160.31,3109.93,3111.82,3507450000,33558900000
2024-06-21,801030.SI,3104.86,3136.51,3095.36,3109.20,3072200000,28066850000
2024-06-24,801030.SI,3093.02,3099.86,3024.20,3042.19,3448500000,31898940000
2024-06-25,801030.SI,3046.13,3093.26,3046.13,3070.18,3109210000,30121250000
2024-06-26,801030.SI,3060.60,3113.77,3036.45,3113.77,3095950000,28230250000
2024-06-27,801030.SI,3102.50,3103.65,3035.53,3036.11,2847990000,27655850000
2024-06-28,801030.SI,3030.76,3076.14,3029.62,3035.18,2727860000,26809450000
2024-07-01,801030.SI,3032.76,3099.68,3030.79,3094.29,2982900000,28461490000
2024-07-02,801030.SI,3089.80,3089.86,3045.94,3053.59,2820670000,27779730000
2024-07-03,801030.SI,3049.64,3059.88,3033.30,3036.32,2407180000,22768210000
2024-07-04,801030.SI,3038.99,3044.13,2982.03,2988.76,2725970000,25061990000
2024-07-05,801030.SI,2984.13,3014.19,2968.54,3009.00,2351190000,22264040000
2024-07-08,801030.SI,3003.31,3003.54,2935.42,2942.37,2705360000,24977710000
2024-07-09,801030.SI,2940.64,2985.10,2902.10,2979.11,3392540000,31045230000
2024-07-10,801030.SI,2967.57,2990.16,2951.59,2955.63,3143570000,29792410000
2024-07-11,801030.SI,2990.46,3047.53,2984.03,3043.11,3524250000,32693200000
2024-07-12,801030.SI,3046.91,3051.13,3032.60,3040.99,3051170000,28730330000
2024-07-15,801030.SI,3036.88,3036.89,3001.89,3007.76,2573620000,24048170000
2024-07-16,801030.SI,3001.22,3003.05,2971.53,2982.40,2434620000,23986630000
2024-07-17,801030.SI,2983.64,2983.82,2944.68,2955.22,2460340000,23292100000
2024-07-18,801030.SI,2943.81,2963.68,2909.80,2960.14,2548310000,24256200000
2024-07-19,801030.SI,2952.50,2982.30,2936.18,2964.90,2518660000,23901460000
2024-07-22,801030.SI,2965.09,2965.09,2925.69,2940.33,2612980000,25083710000
2024-07-23,801030.SI,2938.92,2939.13,2853.34,2853.34,2822880000,25933890000
2024-07-24,801030.SI,2849.70,2858.30,2806.41,2814.19,2715600000,23393720000
2024-07-25,801030.SI,2802.23,2843.68,2798.52,2819.40,2315430000,20408280000
2024-07-26,801030.SI,2822.39,2872.14,2822.33,2861.48,2236040000,19427700000
2024-07-29,801030.SI,2866.24,2866.26,2836.13,2840.23,2138530000,18742840000
2024-07-30,801030.SI,2836.11,2845.44,2809.51,2830.51,2423930000,21419360000
2024-07-31,801030.SI,2833.20,2936.82,2820.96,2936.74,3631170000,32182330000
2024-08-01,801030.SI,2940.01,2963.23,2892.88,2902.38,2986770000,27390840000
2024-08-02,801030.SI,2885.42,2911.29,2875.51,2878.34,2788780000,26227750000
2024-08-05,801030.SI,2862.31,2903.72,2815.46,2815.46,3069530000,27950100000
2024-08-06,801030.SI,2839.67,2865.68,2824.02,2849.31,2580210000,23774900000
2024-08-07,801030.SI,2845.22,2872.46,2826.24,2857.25,2330820000,22304770000
2024-08-08,801030.SI,2849.49,2898.39,2844.22,2880.11,2722740000,24631510000
2024-08-09,801030.SI,2885.90,2902.47,2849.50,2849.50,2603770000,23691880000
2024-08-12,801030.SI,2846.58,2852.16,2828.57,2836.56,2221330000,19130580000
2024-08-13,801030.SI,2834.06,2844.61,2808.62,2844.61,2308930000,21104680000
2024-08-14,801030.SI,2846.79,2846.92,2792.61,2792.88,2352490000,22272990000
2024-08-15,801030.SI,2785.94,2831.48,2776.39,2803.20,2686460000,24626550000
2024-08-16,801030.SI,2806.28,2809.75,2780.10,2783.82,2440230000,21921870000
2024-08-19,801030.SI,2779.80,2810.95,2779.80,2784.93,2395130000,21128550000
2024-08-20,801030.SI,2786.32,2791.19,2739.47,2747.00,2907370000,24209960000
2024-08-21,801030.SI,2738.17,2756.75,2731.52,2744.26,2385460000,19420990000
2024-08-22,801030.SI,2746.24,2746.26,2712.19,2713.95,2493780000,20513150000
2024-08-23,801030.SI,2710.11,2742.48,2705.66,2716.05,2466940000,20945940000
2024-08-26,801030.SI,2719.08,2748.78,2716.34,2742.18,2553660000,21818820000
2024-08-27,801030.SI,2737.30,2743.69,2719.81,2725.96,2423890000,20943880000
2024-08-28,801030.SI,2721.03,2758.34,2721.01,2741.04,2483150000,21183250000
2024-08-29,801030.SI,2736.02,2780.51,2724.80,2774.31,2808240000,24786120000
2024-08-30,801030.SI,2775.34,2854.21,2755.53,2818.26,4024590000,35503040000
2024-09-02,801030.SI,2816.68,2823.27,2784.78,2784.88,3353010000,29732940000
2024-09-03,801030.SI,2783.51,2831.18,2780.62,2819.88,3126540000,26237070000
2024-09-04,801030.SI,2806.11,2824.91,2793.47,2800.43,3129720000,27053980000
2024-09-05,801030.SI,2797.58,2818.52,2777.12,2789.36,2820920000,24091920000
2024-09-06,801030.SI,2788.87,2788.90,2744.04,2744.46,2925530000,25623130000
2024-09-09,801030.SI,2743.14,2750.98,2720.23,2729.80,2700660000,24120660000
2024-09-10,801030.SI,2732.21,2732.21,2684.00,2720.62,2845060000,23740250000
2024-09-11,801030.SI,2712.34,2740.44,2704.01,2729.16,2663720000,22427470000
2024-09-12,801030.SI,2726.22,2755.99,2716.98,2716.98,2701250000,21145130000
2024-09-13,801030.SI,2718.53,2718.66,2687.54,2687.54,2734170000,20196670000
2024-09-18,801030.SI,2689.77,2696.56,2656.81,2690.54,2865070000,20598040000
2024-09-19,801030.SI,2703.70,2768.66,2683.64,2743.91,3233660000,25071850000
2024-09-20,801030.SI,2742.11,2742.12,2706.41,2722.69,2732590000,21196440000
2024-09-23,801030.SI,2720.55,2743.40,2709.05,2721.92,2366540000,18316340000
2024-09-24,801030.SI,2742.36,2847.70,2741.00,2847.70,4601710000,37257280000
2024-09-25,801030.SI,2879.91,2928.15,2858.49,2861.46,5438940000,44163140000
2024-09-26,801030.SI,2860.02,2968.03,2857.56,2968.03,5162870000,41064390000
2024-09-27,801030.SI,3015.45,3134.09,3015.44,3112.72,6414650000,54733240000
2024-09-30,801030.SI,3243.59,3419.80,3196.60,3397.01,11142320000,106551530000
2024-10-08,801030.SI,3776.61,3776.61,3418.86,3562.25,13131830000,138425610000
2024-10-09,801030.SI,3485.19,3486.25,3272.47,3278.41,9657870000,99226650000
2024-10-10,801030.SI,3299.93,3370.69,3244.39,3288.13,7000540000,69903230000
2024-10-11,801030.SI,3284.57,3284.67,3145.85,3179.48,5596440000,53456880000
2024-10-14,801030.SI,3195.39,3246.10,3148.17,3237.67,5314940000,53637690000
2024-10-15,801030.SI,3229.34,3257.87,3176.88,3176.88,5666430000,58047340000
2024-10-16,801030.SI,3146.20,3218.19,3146.20,3179.06,5159600000,52530590000
2024-10-17,801030.SI,3193.57,3201.08,3125.74,3126.62,5311350000,51716300000
2024-10-18,801030.SI,3121.74,3262.70,3116.65,3210.53,6724460000,67780760000
2024-10-21,801030.SI,3229.68,3267.09,3193.75,3237.44,6874970000,71174860000
2024-10-22,801030.SI,3238.49,3279.20,3228.61,3275.86,6434680000,62414860000
2024-10-23,801030.SI,3274.61,3324.82,3260.82,3309.68,6782580000,66715710000
2024-10-24,801030.SI,3303.19,3306.51,3268.31,3281.91,6318000000,60860290000
2024-10-25,801030.SI,3281.22,3373.48,3281.14,3363.06,7954170000,78020730000
2024-10-28,801030.SI,3369.60,3415.71,3351.39,3415.71,8275440000,81192110000
2024-10-29,801030.SI,3423.97,3423.97,3334.29,3338.98,8286270000,79761330000
2024-10-30,801030.SI,3329.08,3364.35,3314.67,3340.61,6654180000,64804440000
2024-10-31,801030.SI,3344.26,3372.49,3326.88,3362.31,7669550000,73427790000
2024-11-01,801030.SI,3358.37,3395.27,3320.56,3331.40,8176790000,83810430000
2024-11-04,801030.SI,3339.09,3383.64,3329.83,3383.64,5980350000,63334040000
2024-11-05,801030.SI,3386.09,3462.60,3385.06,3460.48,8046770000,87812830000
2024-11-06,801030.SI,3459.31,3505.55,3449.61,3467.19,8723130000,91872160000
2024-11-07,801030.SI,3446.14,3524.12,3446.14,3524.12,8637990000,83006300000
2024-11-08,801030.SI,3550.02,3564.87,3501.30,3516.55,8627080000,91622830000
2024-11-11,801030.SI,3503.00,3560.11,3495.61,3559.99,7640020000,82794680000
2024-11-12,801030.SI,3577.40,3618.72,3513.86,3542.40,8557030000,93199460000
2024-11-13,801030.SI,3530.34,3559.69,3485.18,3540.31,7351740000,73158850000
2024-11-14,801030.SI,3534.90,3542.44,3447.72,3451.38,6699670000,68472420000
2024-11-15,801030.SI,3437.66,3463.77,3391.12,3391.12,6210940000,62922190000
2024-11-18,801030.SI,3409.01,3426.68,3326.93,3341.35,6601070000,63652990000
2024-11-19,801030.SI,3347.63,3416.56,3327.92,3416.56,5738900000,55566500000
2024-11-20,801030.SI,3412.89,3494.16,3410.16,3489.81,7383220000,74302750000
2024-11-21,801030.SI,3491.92,3513.16,3474.78,3502.87,7757730000,78317400000
2024-11-22,801030.SI,3491.93,3497.12,3369.69,3369.75,8340150000,82283110000
2024-11-25,801030.SI,3370.46,3408.57,3345.09,3389.92,6630070000,64571100000
2024-11-26,801030.SI,3382.85,3390.49,3351.41,3355.25,5934840000,58240770000
2024-11-27,801030.SI,3338.99,3394.84,3286.89,3394.84,6244870000,61383360000
2024-11-28,801030.SI,3391.73,3410.15,3373.57,3377.50,6604240000,65267810000
2024-11-29,801030.SI,3375.47,3438.48,3357.36,3420.03,6533030000,65378780000
2024-12-02,801030.SI,3421.39,3486.33,3418.20,3483.66,7577080000,72714450000
2024-12-03,801030.SI,3488.74,3499.89,3460.97,3486.23,7315110000,75862720000
2024-12-04,801030.SI,3477.42,3477.43,3420.39,3432.56,6723220000,69669330000
2024-12-05,801030.SI,3423.69,3454.46,3418.60,3449.78,5964810000,60907080000
2024-12-06,801030.SI,3449.26,3490.96,3429.32,3486.24,7617060000,67177530000
2024-12-09,801030.SI,3486.65,3519.92,3470.41,3491.95,7780860000,70026550000
2024-12-10,801030.SI,3578.03,3578.03,3505.97,3511.42,8614310000,85086830000
2024-12-11,801030.SI,3504.23,3537.61,3504.21,3534.29,7317850000,68618050000
2024-12-12,801030.SI,3535.57,3565.49,3515.69,3564.08,7386730000,69996670000
2024-12-13,801030.SI,3550.19,3550.19,3482.39,3483.06,7386150000,72730880000
2024-12-16,801030.SI,3480.61,3488.72,3446.49,3459.37,6064580000,58842990000
2024-12-17,801030.SI,3456.72,3464.46,3403.66,3408.38,6491550000,62507700000
2024-12-18,801030.SI,3416.19,3434.17,3405.28,3412.17,5195760000,52142190000
2024-12-19,801030.SI,3384.57,3407.72,3361.46,3401.35,5278300000,52379960000
2024-12-20,801030.SI,3393.66,3424.12,3386.75,3404.05,5226760000,51753780000
2024-12-23,801030.SI,3401.12,3405.72,3336.45,3338.45,6005220000,59395910000
2024-12-24,801030.SI,3343.24,3378.07,3338.50,3377.80,4926430000,50517480000
2024-12-25,801030.SI,3376.84,3376.94,3302.71,3323.51,4943130000,49207380000
2024-12-26,801030.SI,3322.22,3348.66,3322.21,3340.01,4108480000,44786910000
2024-12-27,801030.SI,3340.92,3383.31,3336.40,3360.21,4809970000,50339120000
2024-12-30,801030.SI,3357.74,3363.12,3337.77,3347.00,4319310000,45268770000
2024-12-31,801030.SI,3351.35,3351.36,3277.79,3280.48,4639820000,48191810000
2025-01-02,801030.SI,3280.28,3298.09,3190.69,3212.50,5118630000,50515470000
2025-01-03,801030.SI,3218.80,3242.12,3144.08,3148.79,5132410000,48714750000
2025-01-06,801030.SI,3144.28,3190.73,3122.14,3165.08,4446520000,42513610000
2025-01-07,801030.SI,3167.09,3192.16,3137.65,3192.04,4146190000,40366640000
2025-01-08,801030.SI,3181.58,3181.64,3091.58,3155.69,4677950000,46414070000
2025-01-09,801030.SI,3143.39,3186.72,3142.09,3163.76,3871660000,39868080000
2025-01-10,801030.SI,3163.68,3186.07,3109.91,3109.91,4199930000,43742580000
2025-01-13,801030.SI,3085.89,3140.65,3083.53,3126.60,3869790000,38605320000
2025-01-14,801030.SI,3131.94,3224.74,3131.82,3224.21,4928020000,50155130000
2025-01-15,801030.SI,3222.78,3224.05,3196.48,3202.92,4189170000,42359820000
2025-01-16,801030.SI,3216.74,3257.00,3195.01,3220.27,4705080000,47295100000
2025-01-17,801030.SI,3214.97,3274.11,3214.97,3262.45,4873810000,49590150000
2025-01-20,801030.SI,3282.22,3287.01,3263.67,3273.62,4867840000,51133000000
2025-01-21,801030.SI,3286.58,3286.58,3240.36,3261.63,4382360000,46499540000
2025-01-22,801030.SI,3248.62,3253.39,3231.20,3244.26,3973560000,42339990000
2025-01-23,801030.SI,3270.41,3287.27,3231.16,3231.16,4650060000,48379730000
2025-01-24,801030.SI,3224.88,3256.26,3222.01,3253.56,3984340000,41473930000
2025-01-27,801030.SI,3265.11,3300.17,3260.50,3261.94,4004880000,40157810000
2025-02-05,801030.SI,3277.39,3277.39,3231.93,3245.54,3944530000,39499360000
2025-02-06,801030.SI,3242.67,3277.55,3232.00,3277.55,4408030000,45728780000
2025-02-07,801030.SI,3278.69,3332.84,3269.47,3314.11,5670850000,62440190000
2025-02-10,801030.SI,3323.78,3341.41,3307.28,3341.03,5083390000,52750320000
2025-02-11,801030.SI,3343.47,3356.81,3316.65,3353.08,4954620000,52367090000
2025-02-12,801030.SI,3348.97,3386.82,3348.97,3386.82,5274990000,60364290000
2025-02-13,801030.SI,3385.57,3405.27,3370.01,3370.01,5456420000,60226320000
2025-02-14,801030.SI,3370.23,3377.13,3349.88,3362.32,5161540000,59651980000
2025-02-17,801030.SI,3366.47,3373.56,3343.37,3373.04,5641180000,62457930000
2025-02-18,801030.SI,3369.01,3388.29,3320.50,3330.60,5421100000,62893400000
2025-02-19,801030.SI,3334.10,3368.64,3333.91,3368.48,5185200000,62723850000
2025-02-20,801030.SI,3370.47,3406.98,3363.87,3403.53,5726570000,67228570000
2025-02-21,801030.SI,3411.00,3411.10,3376.68,3402.32,6686340000,84056400000
2025-02-24,801030.SI,3401.89,3430.21,3396.42,3416.11,6811380000,75587830000
2025-02-25,801030.SI,3385.19,3404.74,3374.30,3382.15,6407890000,73201860000
2025-02-26,801030.SI,3392.33,3429.39,3392.26,3422.57,6488540000,75193160000
2025-02-27,801030.SI,3423.46,3426.77,3380.53,3423.51,6162250000,70868180000
2025-02-28,801030.SI,3415.95,3427.58,3364.77,3370.21,6105380000,68460390000
2025-03-03,801030.SI,3384.52,3449.78,3384.50,3412.24,6600840000,74263200000
2025-03-04,801030.SI,3394.10,3416.52,3387.55,3415.85,5173910000,58589710000
2025-03-05,801030.SI,3412.78,3412.78,3378.06,3409.55,5189810000,58555650000
2025-03-06,801030.SI,3418.43,3442.39,3405.37,3437.27,5675200000,66846740000
2025-03-07,801030.SI,3430.10,3467.72,3427.59,3446.62,5872890000,67214760000
2025-03-10,801030.SI,3449.53,3463.68,3439.33,3462.71,5370480000,61837110000
2025-03-11,801030.SI,3430.68,3490.41,3427.04,3490.41,5248410000,60740840000
2025-03-12,801030.SI,3498.54,3503.84,3483.18,3485.76,5898590000,70227180000
2025-03-13,801030.SI,3481.62,3489.46,3434.37,3462.45,5661500000,63270620000
2025-03-14,801030.SI,3459.36,3501.08,3446.64,3501.08,5686560000,63098950000
2025-03-17,801030.SI,3508.30,3518.59,3503.20,3513.44,5172960000,55713370000
2025-03-18,801030.SI,3516.43,3523.96,3509.44,3522.98,4982700000,57229410000
2025-03-19,801030.SI,3516.73,3522.75,3499.06,3511.76,4785580000,53135240000
2025-03-20,801030.SI,3508.35,3516.41,3492.14,3495.60,5058050000,53066350000
2025-03-21,801030.SI,3485.35,3505.42,3444.27,3454.53,5573850000,57357680000
2025-03-24,801030.SI,3452.92,3460.72,3408.39,3456.05,6388240000,66831520000
2025-03-25,801030.SI,3450.66,3509.60,3440.33,3498.94,7158320000,75145530000
2025-03-26,801030.SI,3493.19,3538.02,3493.19,3515.54,7657470000,77068250000
2025-03-27,801030.SI,3503.04,3561.91,3503.04,3541.88,8692990000,89722760000
2025-03-28,801030.SI,3526.29,3526.29,3451.79,3454.06,8508530000,84030490000
2025-03-31,801030.SI,3436.03,3437.77,3379.20,3409.61,6095950000,62746290000
2025-04-01,801030.SI,3414.32,3453.77,3414.24,3442.95,5957060000,60812450000
2025-04-02,801030.SI,3441.20,3461.46,3430.98,3444.79,5318420000,55228140000
2025-04-03,801030.SI,3410.54,3439.35,3384.39,3412.84,5957960000,61343600000
2025-04-07,801030.SI,3220.45,3238.02,3050.83,3081.91,7963600000,78953140000
2025-04-08,801030.SI,3075.41,3135.04,3055.54,3123.05,8414090000,83190580000
2025-04-09,801030.SI,3075.99,3163.76,2977.80,3152.89,8739640000,84271970000
2025-04-10,801030.SI,3192.29,3249.50,3192.23,3215.83,7761290000,80383140000
2025-04-11,801030.SI,3197.99,3260.82,3197.78,3237.45,6263080000,66241110000
2025-04-14,801030.SI,3269.01,3288.38,3262.44,3276.10,6067160000,66160030000
2025-04-15,801030.SI,3275.80,3284.10,3251.49,3274.34,5955610000,66645190000
2025-04-16,801030.SI,3261.30,3261.41,3197.64,3233.48,6019150000,65879690000
2025-04-17,801030.SI,3216.79,3267.92,3215.74,3250.76,5514370000,60500910000
2025-04-18,801030.SI,3246.63,3259.09,3229.86,3247.48,5539230000,58805690000
2025-04-21,801030.SI,3243.77,3296.68,3239.12,3296.46,6020000000,64545610000
2025-04-22,801030.SI,3293.73,3325.11,3286.98,3311.81,6743330000,71470530000
2025-04-23,801030.SI,3321.16,3341.86,3316.56,3334.12,6717510000,71237550000
2025-04-24,801030.SI,3330.04,3344.83,3308.75,3327.44,6840000000,73536610000
2025-04-25,801030.SI,3334.39,3351.92,3324.99,3335.36,6763660000,75427250000
2025-04-28,801030.SI,3321.19,3321.49,3286.27,3299.57,6328650000,67212240000
2025-04-29,801030.SI,3293.79,3336.38,3293.79,3328.22,6045030000,68621890000
2025-04-30,801030.SI,3328.80,3338.24,3318.19,3318.52,6258410000,68609080000
2025-05-06,801030.SI,3338.15,3390.73,3336.74,3390.73,6798780000,76994390000
2025-05-07,801030.SI,3420.53,3429.84,3397.61,3429.84,7810860000,88146200000
2025-05-08,801030.SI,3412.89,3428.14,3398.98,3422.67,6958950000,77495780000
2025-05-09,801030.SI,3418.94,3418.94,3378.94,3387.35,5966700000,64986270000
2025-05-12,801030.SI,3408.86,3426.84,3404.58,3426.84,5868090000,67861170000
2025-05-13,801030.SI,3449.38,3449.38,3418.48,3436.53,6644410000,74559460000
2025-05-14,801030.SI,3430.77,3466.64,3426.01,3457.36,7197660000,78659680000
2025-05-15,801030.SI,3452.26,3465.01,3428.23,3428.23,7061150000,75113510000
2025-05-16,801030.SI,3418.55,3455.13,3418.55,3448.92,7213310000,78005950000
2025-05-19,801030.SI,3446.91,3462.96,3420.02,3462.34,7144650000,77901850000
2025-05-20,801030.SI,3461.32,3472.34,3446.97,3467.14,7150080000,78157000000
2025-05-21,801030.SI,3457.21,3473.45,3454.42,3463.72,6991890000,77861640000
2025-05-22,801030.SI,3445.19,3455.54,3403.83,3404.78,6096360000,67166820000
2025-05-23,801030.SI,3404.45,3450.27,3404.45,3406.53,6404710000,71106250000
2025-05-26,801030.SI,3405.34,3425.03,3390.82,3413.83,5702770000,64671140000
2025-05-27,801030.SI,3410.99,3434.63,3390.47,3431.43,7093560000,75837070000
2025-05-28,801030.SI,3435.43,3438.01,3401.21,3404.24,7425850000,80176620000
2025-05-29,801030.SI,3393.38,3433.19,3385.61,3429.57,6911010000,73526000000
2025-05-30,801030.SI,3418.65,3418.66,3383.19,3383.91,6087020000,65545360000
2025-06-03,801030.SI,3372.57,3408.40,3372.53,3406.79,5536140000,60428640000
2025-06-04,801030.SI,3409.53,3438.39,3409.53,3438.39,5971190000,66161180000
2025-06-05,801030.SI,3436.76,3449.34,3421.96,3446.47,6222510000,71055220000
2025-06-06,801030.SI,3442.95,3487.98,3442.94,3472.09,6627120000,77961570000
2025-06-09,801030.SI,3474.38,3509.63,3474.38,3509.63,6745180000,76439490000
2025-06-10,801030.SI,3511.67,3516.18,3455.63,3484.57,7733780000,87428130000
2025-06-11,801030.SI,3485.15,3499.95,3483.49,3492.47,6450750000,73506360000
2025-06-12,801030.SI,3485.10,3498.41,3475.85,3495.54,6222290000,71029120000
2025-06-13,801030.SI,3489.73,3502.05,3465.53,3471.86,7489190000,82074930000
2025-06-16,801030.SI,3469.51,3500.17,3469.51,3483.82,6416510000,72524390000
2025-06-17,801030.SI,3482.48,3498.98,3466.07,3475.63,6761940000,73687390000
2025-06-18,801030.SI,3474.13,3474.13,3442.72,3449.78,6473900000,68925850000
2025-06-19,801030.SI,3441.26,3449.89,3395.70,3403.45,6634290000,70104020000
2025-06-20,801030.SI,3400.76,3421.45,3385.44,3385.44,5583430000,61984930000
2025-06-23,801030.SI,3372.02,3418.07,3372.02,3416.36,6091200000,65765740000
2025-06-24,801030.SI,3414.88,3469.14,3412.87,3469.14,7099170000,78922890000
2025-06-25,801030.SI,3474.55,3483.11,3454.35,3482.36,7476210000,84299640000
2025-06-26,801030.SI,3483.04,3504.84,3472.01,3472.28,7508930000,83735090000
2025-06-27,801030.SI,3480.66,3506.75,3480.62,3490.59,7243010000,76908240000
2025-06-30,801030.SI,3497.21,3522.85,3492.06,3522.64,6879530000,73489870000
2025-07-01,801030.SI,3523.26,3546.50,3508.61,3546.50,7787930000,82514640000
2025-07-02,801030.SI,3543.80,3555.38,3535.82,3554.28,7904320000,87113720000
2025-07-03,801030.SI,3550.08,3565.17,3534.61,3561.94,7104180000,77374460000
2025-07-04,801030.SI,3560.11,3560.11,3516.83,3518.55,7225850000,74131590000
2025-07-07,801030.SI,3518.62,3539.83,3518.25,3539.27,6223650000,66046150000
2025-07-08,801030.SI,3540.33,3590.09,3540.31,3587.10,7194580000,80433130000
2025-07-09,801030.SI,3591.71,3592.76,3549.96,3556.45,7099650000,77907880000
2025-07-10,801030.SI,3556.77,3583.92,3556.77,3578.38,7005010000,79177580000
2025-07-11,801030.SI,3578.10,3586.69,3560.60,3572.47,6881830000,74773660000
2025-07-14,801030.SI,3576.37,3598.89,3576.34,3593.74,6310680000,71476710000
2025-07-15,801030.SI,3585.74,3594.77,3543.24,3557.89,7207980000,79179070000
2025-07-16,801030.SI,3558.15,3565.65,3544.65,3556.80,5548800000,61689740000
2025-07-17,801030.SI,3557.53,3587.13,3557.53,3587.13,5403590000,64359340000
2025-07-18,801030.SI,3596.50,3635.87,3596.50,3635.87,6660310000,84312180000
2025-07-21,801030.SI,3664.36,3716.38,3664.36,3716.38,8586290000,99377030000
2025-07-22,801030.SI,3732.71,3772.45,3717.32,3772.45,8871210000,108730880000
2025-07-23,801030.SI,3784.09,3788.88,3738.24,3741.80,9004570000,108812880000
2025-07-24,801030.SI,3733.84,3775.47,3733.62,3775.47,8213390000,100437850000
2025-07-25,801030.SI,3780.35,3805.08,3779.76,3782.32,8188790000,101893810000
2025-07-28,801030.SI,3773.23,3795.95,3756.20,3791.63,7090940000,92530760000
2025-07-29,801030.SI,3786.69,3793.35,3746.68,3793.35,7180750000,92986920000
2025-07-30,801030.SI,3795.24,3838.56,3782.05,3806.19,7663340000,101350230000
2025-07-31,801030.SI,3789.90,3790.09,3717.90,3729.35,6997360000,88152700000
2025-08-01,801030.SI,3724.27,3753.53,3719.34,3727.14,5647610000,73988610000
2025-08-04,801030.SI,3710.54,3749.59,3706.45,3749.36,5296770000,69718940000
2025-08-05,801030.SI,3757.97,3782.04,3757.97,3782.04,5800840000,80076270000
2025-08-06,801030.SI,3779.60,3810.92,3777.55,3810.86,6427130000,87844050000
2025-08-07,801030.SI,3812.68,3817.48,3786.10,3805.20,6342200000,88568370000
2025-08-08,801030.SI,3802.75,3821.93,3790.60,3814.15,6103320000,81976320000
2025-08-11,801030.SI,3834.08,3869.77,3821.63,3865.88,7009000000,95977570000
2025-08-12,801030.SI,3864.52,3867.16,3841.36,3865.44,6554660000,93922260000
2025-08-13,801030.SI,3868.95,3892.28,3865.54,3886.61,7221450000,100114000000
2025-08-14,801030.SI,3890.50,3890.50,3824.12,3827.97,7980420000,105511920000
2025-08-15,801030.SI,3819.91,3908.04,3819.91,3908.04,7229000000,101295760000
2025-08-18,801030.SI,3934.73,3960.78,3923.36,3942.71,9063580000,128698770000
2025-08-19,801030.SI,3939.98,3949.73,3908.54,3928.16,7604140000,109217520000
2025-08-20,801030.SI,3918.16,3970.42,3912.30,3970.42,7950450000,105196600000
2025-08-21,801030.SI,3976.68,4018.49,3976.68,3999.59,9290840000,121884390000
2025-08-22,801030.SI,4000.22,4019.95,3982.73,4019.63,7870200000,106522480000
2025-08-25,801030.SI,4036.64,4074.72,4019.16,4062.51,8881760000,123615990000
2025-08-26,801030.SI,4056.86,4131.32,4056.85,4113.57,8712360000,118998380000
2025-08-27,801030.SI,4112.33,4118.67,4014.99,4014.99,9579840000,126835210000
2025-08-28,801030.SI,4012.13,4044.84,3929.73,4036.74,8875920000,119247710000
2025-08-29,801030.SI,4041.49,4090.77,4035.03,4064.30,7710850000,109682360000
2025-09-01,801030.SI,4075.15,4098.97,4061.74,4090.04,8032650000,110098780000
2025-09-02,801030.SI,4089.11,4089.11,3979.59,4006.08,8468200000,114683410000
2025-09-03,801030.SI,4018.39,4018.39,3931.50,3946.89,7019100000,91112040000
2025-09-04,801030.SI,3940.94,3963.95,3846.89,3900.05,7534730000,100769430000
2025-09-05,801030.SI,3906.33,4010.42,3906.33,4009.06,7331250000,98371100000
2025-09-08,801030.SI,4015.10,4126.84,3997.09,4123.45,8531790000,120138170000
2025-09-09,801030.SI,4112.94,4143.07,4071.90,4093.83,8135510000,111150940000
2025-09-10,801030.SI,4072.53,4088.08,4020.13,4055.23,6626050000,90236600000
2025-09-11,801030.SI,4047.70,4102.65,4034.22,4102.65,6501840000,91087200000
2025-09-12,801030.SI,4099.58,4123.87,4073.16,4103.52,7214260000,97803450000
2025-09-15,801030.SI,4107.27,4113.75,4084.87,4088.43,6684690000,89114260000
2025-09-16,801030.SI,4094.90,4101.41,4027.95,4086.62,6816070000,90390710000
2025-09-17,801030.SI,4077.51,4107.25,4070.33,4094.99,6588820000,89265650000
2025-09-18,801030.SI,4093.71,4119.29,4007.15,4042.99,9205800000,122653270000
2025-09-19,801030.SI,4037.45,4071.79,4031.33,4048.88,6929430000,91677210000
2025-09-22,801030.SI,4043.35,4043.35,3983.89,4023.59,6447170000,84157980000
2025-09-23,801030.SI,4016.72,4018.27,3903.05,3965.42,7242600000,93895750000
2025-09-24,801030.SI,3958.65,4032.33,3956.89,4032.33,5846960000,86419130000
2025-09-25,801030.SI,4028.74,4052.23,4014.31,4015.18,5740130000,81196740000
2025-09-26,801030.SI,4003.81,4049.99,4003.80,4010.41,5955240000,79080340000
2025-09-29,801030.SI,4015.42,4076.08,3998.69,4076.08,6349020000,84883820000
2025-09-30,801030.SI,4081.33,4120.27,4078.34,4113.74,6314420000,86414480000
2025-10-09,801030.SI,4140.73,4188.44,4107.45,4188.44,7865880000,104980710000
2025-10-10,801030.SI,4177.21,4217.45,4162.46,4195.72,7526590000,100359210000
2025-10-13,801030.SI,4037.88,4163.03,4037.88,4157.03,7114410000,96898410000
2025-10-14,801030.SI,4191.87,4202.69,4056.29,4071.17,7577200000,107696860000
2025-10-15,801030.SI,4079.81,4103.86,4053.12,4102.77,5786740000,81195390000
2025-10-16,801030.SI,4093.94,4093.94,4017.12,4030.68,5664200000,78742190000
2025-10-17,801030.SI,4030.48,4054.09,3948.55,3951.07,5863950000,80246150000
2025-10-20,801030.SI,3983.39,3992.53,3953.30,3976.51,5650320000,74315250000
2025-10-21,801030.SI,3980.89,4019.59,3974.89,4019.10,5587390000,73317680000
2025-10-22,801030.SI,4007.89,4020.34,3989.79,3994.37,5219760000,69468310000
2025-10-23,801030.SI,3985.83,4030.81,3947.42,4027.06,5397620000,70510110000
2025-10-24,801030.SI,4032.70,4060.27,4014.05,4035.46,5777530000,79012360000
2025-10-27,801030.SI,4061.01,4091.25,4060.95,4079.47,6706390000,95149240000
2025-10-28,801030.SI,4076.71,4113.43,4071.04,4083.54,6416650000,93699410000
2025-10-29,801030.SI,4085.76,4145.84,4074.07,4145.84,6538480000,95083540000
2025-10-30,801030.SI,4143.07,4145.85,4097.57,4112.73,6603190000,97590680000
2025-10-31,801030.SI,4110.51,4176.59,4110.50,4136.19,7089170000,100951750000
2025-11-03,801030.SI,4148.64,4148.64,4081.62,4138.63,6957290000,94178200000
2025-11-04,801030.SI,4133.88,4135.16,4050.98,4073.74,6587730000,87688000000
2025-11-05,801030.SI,4028.80,4115.79,4028.80,4102.12,6444310000,84267820000
2025-11-06,801030.SI,4105.02,4182.70,4105.02,4182.70,7249910000,99842220000
2025-11-07,801030.SI,4183.73,4306.92,4183.73,4282.50,10604240000,144214630000
2025-11-10,801030.SI,4328.12,4381.24,4325.84,4344.56,11569580000,162380200000
2025-11-11,801030.SI,4337.31,4377.44,4328.44,4370.87,9497990000,135509990000
2025-11-12,801030.SI,4353.46,4353.46,4293.04,4343.61,8576170000,124677890000
2025-11-13,801030.SI,4341.82,4471.17,4341.82,4457.39,11129520000,157184520000
2025-11-14,801030.SI,4419.51,4451.43,4394.29,4394.29,9939500000,141054880000
2025-11-17,801030.SI,4410.17,4450.52,4379.17,4426.68,9231270000,133462620000
2025-11-18,801030.SI,4418.82,4431.69,4288.05,4308.52,8909830000,127760380000
2025-11-19,801030.SI,4303.80,4350.20,4275.55,4319.12,8034960000,117331980000
2025-11-20,801030.SI,4331.86,4368.66,4261.52,4266.42,8023910000,119186220000
2025-11-21,801030.SI,4199.03,4202.78,4065.90,4065.90,9854620000,126790600000
2025-11-24,801030.SI,4089.26,4090.98,4023.30,4065.65,7269660000,97678940000
2025-11-25,801030.SI,4088.00,4129.86,4077.92,4114.12,6590220000,92810770000
2025-11-26,801030.SI,4118.28,4130.31,4089.22,4091.70,6037050000,83565850000
2025-11-27,801030.SI,4090.90,4156.97,4090.89,4132.98,6277240000,87740850000
2025-11-28,801030.SI,4130.38,4187.02,4130.30,4187.02,6222980000,87089550000
2025-12-01,801030.SI,4199.17,4233.91,4194.22,4207.25,6974050000,95255380000
2025-12-02,801030.SI,4197.27,4197.46,4170.91,4176.37,6028020000,76537860000
2025-12-03,801030.SI,4184.16,4193.72,4151.17,4167.76,6192010000,85092830000
2025-12-04,801030.SI,4163.50,4163.50,4113.12,4129.00,5399880000,70164590000
2025-12-05,801030.SI,4127.55,4196.82,4117.70,4192.59,5407950000,73344110000
2025-12-08,801030.SI,4199.57,4209.66,4175.44,4200.23,5981750000,80733020000
2025-12-09,801030.SI,4189.97,4196.85,4143.24,4148.97,5644670000,75631810000
2025-12-10,801030.SI,4143.30,4161.51,4118.18,4154.24,5111850000,69175520000
2025-12-11,801030.SI,4164.74,4168.86,4103.43,4104.48,5668920000,75592360000
2025-12-12,801030.SI,4108.19,4117.51,4079.73,4100.57,5753820000,80367330000
2025-12-15,801030.SI,4084.29,4148.71,4084.29,4127.19,5568360000,75125710000
2025-12-16,801030.SI,4121.06,4121.10,4031.13,4057.95,5568610000,72165010000
2025-12-17,801030.SI,4061.91,4152.89,4058.31,4145.20,5366550000,79222050000
2025-12-18,801030.SI,4131.99,4208.81,4131.99,4147.98,5379250000,76652030000
2025-12-19,801030.SI,4153.86,4209.42,4153.70,4206.20,5531770000,73699250000
2025-12-22,801030.SI,4226.03,4268.29,4226.03,4257.44,5696110000,82960500000
2025-12-23,801030.SI,4258.14,4291.54,4250.40,4266.78,6148990000,90760980000
2025-12-24,801030.SI,4272.85,4328.44,4267.63,4327.76,6052280000,95856560000
2025-12-25,801030.SI,4321.83,4365.74,4308.42,4357.90,5874880000,91405090000
2025-12-26,801030.SI,4368.69,4396.22,4346.65,4384.22,6848690000,102771580000
2025-12-29,801030.SI,4391.06,4395.40,4347.14,4365.74,7221400000,107926770000
2025-12-30,801030.SI,4337.59,4416.77,4331.98,4385.32,7411860000,105986890000
2025-12-31,801030.SI,4384.37,4385.49,4350.38,4372.39,6008700000,85562920000
2026-01-05,801030.SI,4398.14,4431.10,4384.50,4427.94,6990770000,106175590000
2026-01-06,801030.SI,4444.04,4571.13,4444.03,4566.24,9707750000,138395110000
2026-01-07,801030.SI,4568.22,4598.50,4563.44,4578.89,9017080000,127445400000
2026-01-08,801030.SI,4582.01,4598.67,4544.89,4569.80,8498210000,128506500000
2026-01-09,801030.SI,4570.11,4606.42,4554.17,4592.20,9036750000,140048490000
2026-01-12,801030.SI,4606.90,4610.32,4565.78,4605.82,10059150000,151453230000
2026-01-13,801030.SI,4604.56,4644.36,4569.75,4584.00,9435490000,144177040000
2026-01-14,801030.SI,4579.45,4644.74,4541.23,4592.26,10283540000,149256680000
2026-01-15,801030.SI,4568.66,4678.02,4568.66,4656.54,8511040000,126732330000
2026-01-16,801030.SI,4672.33,4685.28,4620.54,4633.49,7820700000,122007700000
2026-01-19,801030.SI,4615.51,4758.49,4615.51,4758.49,8910420000,130923260000
2026-01-20,801030.SI,4772.15,4820.15,4731.38,4813.20,9973710000,148521490000
2026-01-21,801030.SI,4807.50,4862.14,4773.75,4853.84,9876490000,144760910000
2026-01-22,801030.SI,4861.73,4920.47,4847.04,4911.97,10217900000,143462550000
2026-01-23,801030.SI,4923.04,4981.78,4907.31,4971.22,10569210000,154324690000
2026-01-26,801030.SI,4973.22,5000.84,4922.71,4948.85,10732080000,161885350000
2026-01-27,801030.SI,4926.10,4960.22,4851.71,4917.98,9539770000,144177470000
2026-01-28,801030.SI,4915.00,5024.75,4913.05,4988.89,10369320000,154550570000
2026-01-29,801030.SI,4985.97,5016.79,4928.25,4943.97,11611640000,162077450000
2026-01-30,801030.SI,4899.36,4957.14,4782.26,4928.61,11291220000,159577910000
2026-02-02,801030.SI,4863.26,4863.27,4648.40,4648.40,10389270000,147966040000
2026-02-03,801030.SI,4713.00,4799.45,4687.18,4797.48,7854420000,115326490000
2026-02-04,801030.SI,4808.00,4826.93,4758.73,4811.14,7368770000,104892660000
2026-02-05,801030.SI,4794.40,4815.11,4703.06,4729.08,6574710000,93342320000
2026-02-06,801030.SI,4679.29,4874.97,4665.93,4825.85,8295190000,122085890000
2026-02-09,801030.SI,4881.63,4896.80,4853.57,4895.47,8013060000,114963140000
2026-02-10,801030.SI,4897.93,4903.93,4846.79,4890.12,7083300000,101790310000
2026-02-11,801030.SI,4881.26,4999.80,4880.25,4958.56,8138750000,115790460000
2026-02-12,801030.SI,4949.21,4981.38,4927.99,4946.94,7354660000,105315150000
2026-02-13,801030.SI,4920.40,4933.51,4861.65,4863.54,6424530000,91719780000
2026-02-24,801030.SI,4933.33,5034.86,4932.05,5031.10,8987220000,127862620000
2026-02-25,801030.SI,5053.25,5187.63,5053.25,5139.86,11185950000,176268910000
2026-02-26,801030.SI,5162.88,5190.65,5130.97,5163.81,11012230000,164953860000
2026-02-27,801030.SI,5130.43,5215.38,5130.43,5211.18,10149090000,141693510000
2026-03-02,801030.SI,5215.65,5250.72,5136.95,5235.06,12309160000,176201720000
2026-03-03,801030.SI,5252.86,5270.75,5036.01,5045.10,13236110000,185564680000
2026-03-04,801030.SI,4964.52,5090.90,4964.52,5006.07,10132300000,140364380000
2026-03-05,801030.SI,5076.14,5076.14,5002.92,5039.08,9080340000,126356680000
2026-03-06,801030.SI,5012.19,5198.67,5006.31,5182.25,10590440000,147552870000
2026-03-09,801030.SI,5209.88,5210.65,5061.98,5117.19,13173580000,184144830000
2026-03-10,801030.SI,5071.13,5141.84,5071.08,5114.03,10185140000,139493610000
2026-03-11,801030.SI,5113.80,5224.01,5095.57,5220.24,11767220000,162478800000
2026-03-12,801030.SI,5258.16,5295.36,5198.95,5231.03,13727560000,185482720000
2026-03-13,801030.SI,5233.67,5328.26,5196.91,5211.65,14580830000,197100330000
2026-03-16,801030.SI,5217.32,5258.30,5047.42,5099.48,14612350000,196132660000
2026-03-17,801030.SI,5080.45,5137.82,4971.31,4973.45,13045140000,170042730000
2026-03-18,801030.SI,4969.83,4969.83,4887.06,4963.81,11079320000,134701840000
2026-03-19,801030.SI,4950.59,4950.84,4757.83,4777.84,11464050000,144916270000
2026-03-20,801030.SI,4770.38,4793.46,4658.94,4662.73,10044890000,126324280000
2026-03-23,801030.SI,4579.34,4669.64,4497.79,4523.67,11206310000,141150060000
2026-03-24,801030.SI,4581.43,4596.33,4454.23,4596.33,9343200000,115439350000
2026-03-25,801030.SI,4604.75,4680.01,4604.74,4673.74,8534930000,111819910000
2026-03-26,801030.SI,4670.06,4745.64,4636.08,4652.05,8766130000,108232770000
2026-03-27,801030.SI,4598.55,4794.74,4598.55,4770.63,9500110000,120765190000
2026-03-30,801030.SI,4756.81,4804.44,4744.50,4796.71,9930520000,120601440000
2026-03-31,801030.SI,4781.28,4781.30,4674.38,4674.38,8665090000,106094110000
2026-04-01,801030.SI,4741.16,4748.89,4717.01,4733.83,7596700000,101153530000
2026-04-02,801030.SI,4723.18,4736.75,4636.33,4665.08,7439530000,93561070000
2026-04-03,801030.SI,4678.37,4678.37,4572.61,4588.67,7388000000,89852500000
2026-04-07,801030.SI,4602.69,4758.41,4602.67,4756.71,8583090000,109348630000
2026-04-08,801030.SI,4743.17,4838.06,4735.13,4838.06,9719470000,130993060000
2026-04-09,801030.SI,4816.82,4849.76,4793.86,4828.80,8341620000,109826540000
2026-04-10,801030.SI,4844.73,4892.71,4822.65,4853.50,7574080000,105711830000
2026-04-13,801030.SI,4845.20,4901.60,4816.77,4894.29,8046890000,116732470000
2026-04-14,801030.SI,4900.96,4900.96,4835.41,4894.49,7881290000,118470690000
2026-04-15,801030.SI,4895.56,4895.56,4800.87,4809.25,7486860000,114134350000
2026-04-16,801030.SI,4813.24,4887.64,4805.26,4884.04,7332830000,111738370000
2026-04-17,801030.SI,4881.63,4898.15,4849.58,4873.56,8221230000,121990530000
2026-04-20,801030.SI,4870.22,4892.93,4842.90,4869.27,8603010000,129301680000
2026-04-21,801030.SI,4872.05,4896.66,4802.78,4894.27,8486490000,126444510000
2026-04-22,801030.SI,4883.30,4915.77,4883.30,4908.63,8270100000,125709720000
2026-04-23,801030.SI,4913.19,4913.90,4828.33,4864.48,9293180000,138105460000
2026-04-24,801030.SI,4849.81,4957.62,4849.81,4933.09,10193100000,148222590000
2026-04-27,801030.SI,4912.54,4960.91,4903.08,4946.69,9430610000,141815730000
2026-04-28,801030.SI,4925.56,4952.80,4893.26,4929.64,9224860000,139019350000
2026-04-29,801030.SI,4900.82,5028.73,4882.64,5020.64,9348540000,147743120000
2026-04-30,801030.SI,5026.88,5043.15,4972.72,4989.33,8646440000,138379190000
2026-05-06,801030.SI,5005.56,5044.86,4966.03,5044.52,9286270000,151246890000
2026-05-07,801030.SI,5035.77,5035.79,4949.60,4985.18,9852000000,159333790000
2026-05-08,801030.SI,4975.19,5000.10,4951.22,4978.21,8566500000,145961980000
2026-05-11,801030.SI,4995.09,5022.95,4984.78,5002.67,9363810000,153553260000
2026-05-12,801030.SI,5006.62,5006.65,4927.43,4965.81,8716490000,141823830000
2026-05-13,801030.SI,4954.15,5005.35,4948.35,5000.95,8048970000,136481490000
2026-05-14,801030.SI,5000.91,5009.52,4904.84,4904.84,9217680000,154733050000
2026-05-15,801030.SI,4929.90,4978.39,4878.62,4905.61,9212310000,158037540000
2026-05-18,801030.SI,4895.10,4895.89,4830.80,4861.46,8656010000,147026860000
2026-05-19,801030.SI,4852.15,4852.23,4763.06,4836.12,8043200000,133400290000
2026-05-20,801030.SI,4812.57,4882.19,4790.29,4862.13,8094620000,134904090000
2026-05-21,801030.SI,4864.34,4907.23,4704.19,4705.27,9069290000,156214080000
2026-05-22,801030.SI,4732.43,4838.67,4714.23,4831.79,7701810000,136502310000
2026-05-25,801030.SI,4845.68,4845.68,4743.05,4773.70,8325640000,148082000000
2026-05-26,801030.SI,4757.95,4797.73,4697.30,4795.21,8348960000,148093400000
2026-05-27,801030.SI,4784.59,4812.14,4642.94,4669.77,8038410000,138538740000
2026-05-28,801030.SI,4664.64,4698.36,4605.39,4683.64,7117130000,126413900000
2026-05-29,801030.SI,4692.53,4692.53,4528.74,4544.02,8051220000,135271580000
2026-06-01,801030.SI,4541.73,4649.94,4541.71,4607.10,7138360000,123377890000
2026-06-02,801030.SI,4617.43,4617.52,4515.28,4600.33,6911970000,118123590000
2026-06-03,801030.SI,4592.88,4638.11,4569.34,4606.85,7160760000,125670230000
2026-06-04,801030.SI,4575.59,4575.66,4535.96,4557.14,7179430000,127515120000
2026-06-05,801030.SI,4541.63,4639.32,4523.34,4578.80,8115220000,142072820000
2026-06-08,801030.SI,4461.43,4557.38,4393.71,4433.47,8154260000,137262620000
2026-06-09,801030.SI,4494.89,4532.32,4411.96,4532.32,7740070000,137227960000
2026-06-10,801030.SI,4516.54,4585.35,4515.15,4561.59,8315980000,146829660000
2026-06-11,801030.SI,4577.27,4603.59,4521.09,4579.80,9208240000,170564740000
2026-06-12,801030.SI,4604.86,4704.95,4552.54,4647.95,10821900000,198229770000
2026-06-15,801030.SI,4694.57,4782.70,4694.56,4781.37,9872630000,185937930000
2026-06-16,801030.SI,4771.65,4835.70,4750.93,4799.43,9548800000,186553800000
2026-06-17,801030.SI,4763.64,4807.01,4751.70,4789.66,9599590000,187564150000
2026-06-18,801030.SI,4758.58,4791.65,4708.20,4736.86,9317950000,179074070000
2026-06-22,801030.SI,4744.80,4934.44,4734.18,4934.17,11206380000,209596610000
2026-06-23,801030.SI,4960.47,4964.52,4823.88,4841.65,10617570000,206084170000
2026-06-24,801030.SI,4824.91,4939.02,4803.42,4934.04,10077820000,199419480000
2026-06-25,801030.SI,4919.14,4931.97,4867.55,4913.40,10442570000,207755550000
2026-06-26,801030.SI,4883.11,4915.72,4746.23,4783.76,9943180000,194539140000
2026-06-29,801030.SI,4800.56,4826.21,4665.40,4747.24,9650990000,187974150000
2026-06-30,801030.SI,4728.65,4767.86,4698.80,4765.95,8968550000,179954210000
2026-07-01,801030.SI,4782.78,4911.84,4776.87,4876.44,10685040000,208451770000
2026-07-02,801030.SI,4800.28,4948.44,4773.61,4846.34,10456330000,220787020000
2026-07-03,801030.SI,4859.04,4870.26,4749.87,4755.70,9619840000,191438180000
2026-07-06,801030.SI,4762.55,4833.40,4703.03,4705.49,8779150000,170504440000
2026-07-07,801030.SI,4703.81,4714.84,4566.23,4576.34,7677610000,142268380000
2026-07-08,801030.SI,4578.70,4578.75,4416.97,4419.07,7426950000,135964600000
2026-07-09,801030.SI,4428.05,4443.21,4297.14,4430.35,7945040000,142499720000
2026-07-10,801030.SI,4425.21,4462.18,4364.87,4364.87,8135580000,150409860000
2026-07-13,801030.SI,4334.52,4335.17,4171.03,4182.48,7555270000,124687930000
2026-07-14,801030.SI,4179.93,4287.14,4142.10,4287.14,7548620000,121590040000
2026-07-15,801030.SI,4291.41,4314.72,4255.27,4266.80,7298800000,109692250000
2026-07-16,801030.SI,4221.58,4243.87,4141.24,4158.02,6769140000,98710410000
2026-07-17,801030.SI,4149.56,4181.69,4017.21,4040.48,7966910900,115332692700
