date,open,close,high,low,vol
2025-07-01,28.08,28.44,28.59,28.01,250626.0
2025-07-02,28.46,28.42,28.73,28.23,195620.0
2025-07-03,28.37,27.78,28.44,27.57,216258.0
2025-07-04,27.85,27.75,28.0,27.74,124018.0
2025-07-07,27.96,27.96,28.2,27.79,125484.0
2025-07-08,27.94,28.23,28.39,27.9,164243.0
2025-07-09,28.82,26.99,28.9,26.93,566096.0
2025-07-10,26.99,26.19,27.13,26.14,420615.0
2025-07-11,26.25,26.16,26.59,26.15,305103.0
2025-07-14,26.3,26.62,26.72,26.3,241007.0
2025-07-15,26.65,26.55,26.84,26.42,173411.0
2025-07-16,26.52,26.59,26.7,26.38,129226.0
2025-07-17,26.44,26.39,26.62,26.29,202610.0
2025-07-18,26.39,26.36,26.39,25.67,345307.0
2025-07-21,26.29,26.48,26.51,26.04,223298.0
2025-07-22,26.45,26.94,26.97,26.45,273534.0
2025-07-23,26.94,26.89,27.12,26.76,181373.0
2025-07-24,26.8,26.62,26.84,26.34,223030.0
2025-07-25,26.62,26.36,26.7,26.08,204111.0
2025-07-28,26.39,26.05,26.39,25.94,219227.0
2025-07-29,25.99,25.86,26.18,25.83,183564.0
2025-07-30,25.78,26.24,26.41,25.55,270810.0
2025-07-31,26.05,26.21,26.79,26.01,280303.0
2025-08-01,26.17,26.37,26.94,26.14,335618.0
2025-08-04,26.6,26.82,27.29,26.6,357859.0
2025-08-05,26.95,26.8,27.04,26.61,182103.0
2025-08-06,26.86,27.0,27.07,26.72,264447.0
2025-08-07,26.95,27.85,27.94,26.94,426028.0
2025-08-08,27.87,27.9,28.19,27.8,197130.0
2025-08-11,28.04,27.58,28.13,27.46,260240.0
2025-08-12,27.58,28.39,28.5,27.52,339071.0
2025-08-13,28.49,28.46,29.09,28.27,358183.0
2025-08-14,28.59,28.08,28.79,28.05,287951.0
2025-08-15,28.06,29.3,29.52,28.06,428443.0
2025-08-18,30.44,30.64,31.63,29.84,853027.0
2025-08-19,31.11,30.57,31.56,30.09,618725.0
2025-08-20,30.42,30.67,30.92,30.09,369905.0
2025-08-21,30.79,30.75,31.57,30.61,372208.0
2025-08-22,30.69,32.44,32.55,30.46,634075.0
2025-08-25,33.13,34.13,35.7,32.26,925250.0
2025-08-26,34.09,35.04,35.77,33.92,590794.0
2025-08-27,35.14,35.28,36.39,34.86,683086.0
2025-08-28,35.06,35.64,35.76,34.52,766770.0
2025-08-29,36.02,38.13,38.9,35.84,792326.0
2025-09-01,39.03,38.46,39.54,37.64,732263.0
2025-09-02,38.23,36.49,38.44,36.24,728916.0
2025-09-03,36.74,36.03,37.0,35.33,554329.0
2025-09-04,35.75,34.53,36.0,33.94,737975.0
2025-09-05,34.44,35.34,35.72,34.2,520722.0
2025-09-08,35.34,35.71,35.79,34.66,443079.0
2025-09-09,35.43,35.29,36.01,34.74,337601.0
2025-09-10,35.1,35.21,35.89,34.92,253898.0
2025-09-11,35.21,36.65,36.74,35.14,512497.0
2025-09-12,35.93,36.73,37.79,35.25,734599.0
2025-09-15,36.91,36.24,36.93,35.64,386371.0
2025-09-16,36.53,35.89,36.71,35.24,364814.0
2025-09-17,35.84,36.62,37.21,35.67,396410.0
2025-09-18,36.44,36.2,36.99,35.71,425226.0
2025-09-19,36.17,36.06,36.85,35.87,280272.0
2025-09-22,36.05,36.29,36.29,34.92,354604.0
2025-09-23,35.48,35.29,36.22,34.64,350542.0
2025-09-24,35.31,35.93,36.28,35.14,313537.0
2025-09-25,35.64,36.08,36.56,35.6,256170.0
2025-09-26,35.94,36.11,36.82,35.62,355129.0
2025-09-29,36.23,39.04,39.15,36.16,717114.0
2025-09-30,38.85,39.45,39.65,38.28,494836.0
2025-10-09,40.44,40.98,41.39,39.57,477285.0
2025-10-10,40.44,40.03,41.1,39.69,430073.0
2025-10-13,38.44,38.14,39.2,37.47,541832.0
2025-10-14,38.94,35.83,39.04,35.62,581773.0
2025-10-15,35.84,36.74,36.86,35.32,296648.0
2025-10-16,36.35,36.09,36.54,35.85,232472.0
2025-10-17,36.02,34.74,36.16,34.69,324379.0
2025-10-20,34.93,35.46,35.6,34.93,245730.0
2025-10-21,35.34,35.6,36.03,35.24,233821.0
2025-10-22,35.47,35.24,35.74,34.89,166574.0
2025-10-23,34.95,35.07,35.2,34.16,241216.0
2025-10-24,34.46,34.9,34.98,34.24,380931.0
2025-10-27,35.14,35.21,35.96,34.75,359840.0
2025-10-28,35.23,35.17,35.84,34.94,298816.0
2025-10-29,35.27,36.82,36.89,35.24,406174.0
2025-10-30,36.88,35.52,36.89,35.44,332184.0
2025-10-31,35.43,34.76,35.87,34.66,303184.0
2025-11-03,34.76,33.25,34.84,32.62,462944.0
2025-11-04,33.44,32.59,33.49,32.39,284658.0
2025-11-05,32.24,32.85,33.07,32.01,189552.0
2025-11-06,32.99,34.28,34.39,32.89,360144.0
2025-11-07,34.24,34.44,34.94,33.75,285919.0
2025-11-10,34.49,35.29,35.54,34.49,319394.0
2025-11-11,35.12,34.14,35.17,34.07,237665.0
2025-11-12,34.04,34.52,35.0,33.51,235257.0
2025-11-13,34.66,35.71,35.82,34.48,368216.0
2025-11-14,35.44,35.04,35.6,35.04,215017.0
2025-11-17,35.04,34.64,35.62,34.46,188028.0
2025-11-18,34.64,34.1,35.34,33.8,203119.0
2025-11-19,33.84,34.19,34.62,33.81,142911.0
2025-11-20,34.19,33.87,34.75,33.84,143798.0
2025-11-21,33.59,32.64,33.64,32.64,183863.0
2025-11-24,32.92,32.58,33.34,32.43,167366.0
2025-11-25,33.02,32.88,33.19,32.74,130458.0
2025-11-26,32.89,32.94,33.28,32.59,106287.0
2025-11-27,32.94,32.99,33.57,32.9,116026.0
2025-11-28,32.94,32.96,33.22,32.75,89939.0
2025-12-01,33.07,33.1,33.39,32.9,134678.0
2025-12-02,33.02,32.85,33.18,32.69,94821.0
2025-12-03,32.94,33.25,33.54,32.94,165430.0
2025-12-04,33.28,33.53,33.72,33.02,145337.0
2025-12-05,33.7,33.43,33.7,33.14,140754.0
2025-12-08,33.62,34.78,34.93,33.58,298901.0
2025-12-09,34.88,35.72,36.39,34.73,394520.0
2025-12-10,35.59,36.23,36.32,34.97,250268.0
2025-12-11,36.24,35.42,36.51,35.4,207634.0
2025-12-12,35.34,35.59,35.74,34.95,174565.0
2025-12-15,35.39,35.23,35.44,34.79,149645.0
2025-12-16,35.16,34.54,35.42,34.39,137715.0
2025-12-17,34.74,35.69,35.92,34.71,188456.0
2025-12-18,35.95,35.24,36.04,35.24,177742.0
2025-12-19,35.5,35.94,35.95,35.11,179207.0
2025-12-22,36.13,37.01,37.14,35.81,321439.0
2025-12-23,37.12,36.93,37.32,36.69,188144.0
2025-12-24,37.15,36.84,37.24,36.65,156616.0
2025-12-25,36.57,37.66,38.23,36.57,251486.0
2025-12-26,37.56,37.31,37.97,36.94,182727.0
2025-12-29,37.3,36.93,37.43,36.77,197402.0
2025-12-30,36.64,37.88,38.19,36.54,230253.0
2025-12-31,37.84,37.86,38.1,37.5,151368.0
2026-01-05,37.95,37.17,38.09,36.8,315021.0
2026-01-06,37.12,38.14,38.37,36.84,415719.0
2026-01-07,38.09,38.27,38.61,37.81,234959.0
2026-01-08,37.99,37.38,38.42,37.13,214390.0
2026-01-09,37.31,37.25,37.51,36.77,232464.0
2026-01-12,36.44,36.13,36.74,35.52,445059.0
2026-01-13,35.95,35.72,36.43,35.6,253686.0
2026-01-14,35.55,35.95,36.24,35.44,269153.0
2026-01-15,35.72,36.64,37.17,35.61,256734.0
2026-01-16,37.03,36.93,37.32,36.34,236008.0
2026-01-19,36.84,38.63,38.91,36.72,365121.0
2026-01-20,38.87,38.73,39.06,37.74,302140.0
2026-01-21,38.65,39.44,39.54,38.36,318352.0
2026-01-22,37.44,38.42,38.58,37.27,731283.0
2026-01-23,38.16,38.58,39.1,37.85,396495.0
2026-01-26,38.6,38.92,39.54,38.16,426020.0
2026-01-27,38.98,39.26,40.52,38.94,380875.0
2026-01-28,39.42,40.42,40.99,38.87,417349.0
2026-01-29,40.82,39.72,41.62,39.48,319715.0
2026-01-30,39.32,38.96,39.99,38.04,316159.0
2026-02-02,38.72,37.21,39.72,37.17,357364.0
2026-02-03,37.91,37.62,38.0,36.8,215175.0
2026-02-04,37.77,37.4,37.84,36.95,212380.0
2026-02-05,37.62,37.33,38.0,37.06,184791.0
2026-02-06,37.02,38.92,39.47,36.71,328886.0
2026-02-09,39.22,39.15,39.34,38.48,220328.0
2026-02-10,39.18,39.49,39.59,38.52,221652.0
2026-02-11,39.4,39.54,40.07,39.21,179635.0
2026-02-12,39.54,39.43,40.2,39.3,182519.0
2026-02-13,39.42,38.43,39.42,38.43,163197.0
2026-02-24,38.9,40.28,40.4,38.53,289764.0
2026-02-25,40.31,40.63,41.24,39.5,303182.0
2026-02-26,40.67,40.93,41.33,40.23,212460.0
2026-02-27,40.67,41.22,41.82,40.61,231556.0
2026-03-02,41.21,42.92,43.54,40.98,426246.0
2026-03-03,42.92,41.77,43.46,41.59,332784.0
2026-03-04,41.13,40.49,42.3,40.37,309689.0
2026-03-05,41.11,41.17,41.6,40.7,188510.0
2026-03-06,41.1,42.39,42.82,40.5,283836.0
2026-03-09,41.44,40.59,41.75,39.89,309329.0
2026-03-10,40.82,41.01,41.65,40.72,195782.0
2026-03-11,41.07,40.28,41.09,39.92,229903.0
2026-03-12,40.52,39.27,40.59,38.82,292685.0
2026-03-13,39.07,38.34,39.72,38.19,238063.0
2026-03-16,38.33,37.63,38.73,36.76,336158.0
2026-03-17,37.82,37.47,38.66,37.42,206741.0
2026-03-18,37.57,37.47,37.6,36.53,209365.0
2026-03-19,37.05,35.92,37.05,35.54,353487.0
2026-03-20,36.01,35.03,36.18,35.03,231862.0
2026-03-23,34.22,33.72,34.71,33.5,329860.0
2026-03-24,34.38,34.59,34.74,33.35,233837.0
2026-03-25,34.92,34.84,35.63,34.62,206814.0
2026-03-26,34.88,34.43,35.35,34.17,136918.0
2026-03-27,34.09,34.65,34.77,33.93,178675.0
2026-03-30,34.43,34.28,34.87,34.03,164175.0
2026-03-31,34.23,33.77,34.59,33.62,155181.0
2026-04-01,34.44,34.5,34.65,33.81,157294.0
2026-04-02,34.32,33.22,34.41,33.02,216530.0
2026-04-03,33.61,33.3,34.17,33.23,171700.0
2026-04-07,33.32,34.07,34.3,33.15,223402.0
2026-04-08,34.82,34.62,35.06,34.4,323717.0
2026-04-09,34.42,34.32,34.67,33.51,213761.0
2026-04-10,34.57,34.42,34.68,34.18,202275.0
2026-04-13,34.37,33.47,34.42,33.19,347934.0
2026-04-14,33.72,34.96,35.11,32.54,480659.0
2026-04-15,35.2,34.03,35.85,33.87,422307.0
2026-04-16,34.03,33.72,34.4,33.62,347184.0
2026-04-17,33.72,33.41,33.74,32.97,292333.0
2026-04-20,33.52,34.08,34.92,33.2,426287.0
2026-04-21,34.08,34.03,34.66,33.63,275098.0
2026-04-22,33.93,33.55,33.97,33.2,377927.0
2026-04-23,33.77,33.23,34.28,33.03,321254.0
2026-04-24,33.29,34.67,34.95,33.18,482383.0
2026-04-27,34.67,35.5,35.82,34.53,470789.0
2026-04-28,35.5,35.84,36.28,34.92,424571.0
2026-04-29,36.44,36.44,37.01,35.95,429807.0
2026-04-30,36.3,36.25,36.97,36.1,323435.0
2026-05-06,36.26,36.66,36.88,35.72,427383.0
2026-05-07,36.71,35.78,36.82,35.5,424115.0
2026-05-08,35.54,35.2,35.8,34.96,334683.0
2026-05-11,35.19,35.38,35.97,35.1,383080.0
2026-05-12,35.3,34.78,35.56,34.57,318261.0
2026-05-13,34.52,34.82,35.0,34.42,305009.0
2026-05-14,34.73,34.18,35.61,34.18,395152.0
2026-05-15,35.62,35.53,37.28,35.32,1069154.0
2026-05-18,36.22,33.69,36.22,33.39,892738.0
2026-05-19,33.14,32.08,33.19,31.24,695812.0
2026-05-20,32.07,32.67,33.84,31.66,515365.0
2026-05-21,32.69,32.2,33.31,32.12,429686.0
2026-05-22,33.12,35.46,35.46,32.48,917476.0
2026-05-25,35.46,34.88,35.68,34.8,570225.0
2026-05-26,34.83,35.38,36.42,33.92,754444.0
2026-05-27,35.61,34.82,36.71,34.62,613124.0
2026-05-28,34.82,34.19,35.28,33.22,517012.0
2026-05-29,34.19,32.64,34.26,32.64,389944.0
2026-06-01,34.22,35.94,35.94,34.22,829800.0
2026-06-02,36.82,37.85,38.12,36.03,1264359.0
2026-06-03,37.78,38.41,39.62,37.43,1090961.0
2026-06-04,37.84,37.86,38.84,37.42,653343.0
2026-06-05,37.52,38.89,39.82,37.51,853206.0
2026-06-08,37.62,37.77,40.56,37.22,986846.0
2026-06-09,38.42,37.34,38.61,36.64,693955.0
2026-06-10,37.05,40.01,40.62,36.99,1066047.0
2026-06-11,40.65,41.0,42.56,39.24,1330375.0
2026-06-12,41.1,42.39,43.05,41.1,1146031.0
2026-06-15,45.0,46.59,46.63,42.22,1380625.0
2026-06-16,46.06,46.7,48.0,44.8,1376212.0
2026-06-17,45.61,47.7,47.77,44.88,1165775.0
2026-06-18,47.17,44.12,47.17,43.25,1626784.0
2026-06-22,44.55,48.53,48.53,43.51,1255678.0
2026-06-23,50.01,46.85,50.49,46.2,1395514.0
2026-06-24,46.08,50.73,51.34,46.08,1284452.0
2026-06-25,50.73,50.8,52.0,50.3,1018932.0
2026-06-26,50.3,50.95,52.46,49.67,1000657.0
2026-06-29,53.0,53.8,54.9,48.22,1338731.0
2026-06-30,52.0,53.01,55.0,51.13,999231.0
2026-07-01,53.11,55.85,57.78,52.55,1258663.0
2026-07-02,53.7,54.83,58.0,51.07,1269606.0
2026-07-03,53.51,49.35,54.68,49.35,1376048.0
2026-07-06,48.8,49.05,50.77,47.6,976802.0
2026-07-07,48.05,46.58,48.77,46.11,833591.0
2026-07-08,46.58,45.72,48.15,44.9,854361.0
2026-07-09,45.92,46.0,46.88,44.63,686197.0
2026-07-10,45.97,43.42,46.97,43.35,1039476.0
2026-07-13,42.0,41.96,43.2,41.64,708020.0
2026-07-14,42.05,42.85,43.09,41.11,522678.0
2026-07-15,42.85,42.2,43.08,41.5,462120.0
2026-07-16,41.89,39.98,41.98,39.69,584913.0
2026-07-17,39.87,39.13,41.15,38.81,525822.0
