Wind代码,证券简称,2025年一季度至2026年一季度每季净息差,记账本位币,报告期,金融机构类型
000001.SZ,平安银行,1.83,CNY,Q1 FY2025,股份制商业银行
000001.SZ,平安银行,1.8,CNY,Q2 FY2025,股份制商业银行
000001.SZ,平安银行,1.79,CNY,Q3 FY2025,股份制商业银行
000001.SZ,平安银行,1.78,CNY,Q4 FY2025,股份制商业银行
000001.SZ,平安银行,1.79,CNY,Q1 FY2026,股份制商业银行
001227.SZ,兰州银行,1.46,CNY,Q1 FY2025,城市商业银行
001227.SZ,兰州银行,1.37,CNY,Q2 FY2025,城市商业银行
001227.SZ,兰州银行,1.38,CNY,Q3 FY2025,城市商业银行
001227.SZ,兰州银行,1.37,CNY,Q4 FY2025,城市商业银行
001227.SZ,兰州银行,1.39,CNY,Q1 FY2026,城市商业银行
002142.SZ,宁波银行,1.8,CNY,Q1 FY2025,城市商业银行
002142.SZ,宁波银行,1.76,CNY,Q2 FY2025,城市商业银行
002142.SZ,宁波银行,1.76,CNY,Q3 FY2025,城市商业银行
002142.SZ,宁波银行,1.74,CNY,Q4 FY2025,城市商业银行
002142.SZ,宁波银行,1.73,CNY,Q1 FY2026,城市商业银行
002807.SZ,江阴银行,1.51,CNY,Q1 FY2025,农村商业银行
002807.SZ,江阴银行,1.54,CNY,Q2 FY2025,农村商业银行
002807.SZ,江阴银行,1.56,CNY,Q3 FY2025,农村商业银行
002807.SZ,江阴银行,1.6,CNY,Q4 FY2025,农村商业银行
002807.SZ,江阴银行,1.54,CNY,Q1 FY2026,农村商业银行
002839.SZ,张家港行,1.43,CNY,Q1 FY2025,农村商业银行
002839.SZ,张家港行,1.43,CNY,Q2 FY2025,农村商业银行
002839.SZ,张家港行,1.42,CNY,Q3 FY2025,农村商业银行
002839.SZ,张家港行,1.39,CNY,Q4 FY2025,农村商业银行
002839.SZ,张家港行,1.35,CNY,Q1 FY2026,农村商业银行
002936.SZ,郑州银行,2.4704,CNY,Q1 FY2025,城市商业银行
002936.SZ,郑州银行,1.64,CNY,Q2 FY2025,城市商业银行
002936.SZ,郑州银行,2.3655,CNY,Q3 FY2025,城市商业银行
002936.SZ,郑州银行,1.61,CNY,Q4 FY2025,城市商业银行
002936.SZ,郑州银行,2.2792,CNY,Q1 FY2026,城市商业银行
002948.SZ,青岛银行,1.77,CNY,Q1 FY2025,城市商业银行
002948.SZ,青岛银行,1.72,CNY,Q2 FY2025,城市商业银行
002948.SZ,青岛银行,1.68,CNY,Q3 FY2025,城市商业银行
002948.SZ,青岛银行,1.66,CNY,Q4 FY2025,城市商业银行
002948.SZ,青岛银行,1.63,CNY,Q1 FY2026,城市商业银行
002958.SZ,青农商行,1.64,CNY,Q1 FY2025,农村商业银行
002958.SZ,青农商行,1.61,CNY,Q2 FY2025,农村商业银行
002958.SZ,青农商行,1.61,CNY,Q3 FY2025,农村商业银行
002958.SZ,青农商行,1.6,CNY,Q4 FY2025,农村商业银行
002958.SZ,青农商行,1.68,CNY,Q1 FY2026,农村商业银行
002966.SZ,苏州银行,1.34,CNY,Q1 FY2025,城市商业银行
002966.SZ,苏州银行,1.33,CNY,Q2 FY2025,城市商业银行
002966.SZ,苏州银行,1.34,CNY,Q3 FY2025,城市商业银行
002966.SZ,苏州银行,1.33,CNY,Q4 FY2025,城市商业银行
002966.SZ,苏州银行,1.4,CNY,Q1 FY2026,城市商业银行
600000.SH,浦发银行,1.3524,CNY,Q1 FY2025,股份制商业银行
600000.SH,浦发银行,1.41,CNY,Q2 FY2025,股份制商业银行
600000.SH,浦发银行,1.4063,CNY,Q3 FY2025,股份制商业银行
600000.SH,浦发银行,1.42,CNY,Q4 FY2025,股份制商业银行
600000.SH,浦发银行,1.4468,CNY,Q1 FY2026,股份制商业银行
600015.SH,华夏银行,1.57,CNY,Q1 FY2025,股份制商业银行
600015.SH,华夏银行,1.54,CNY,Q2 FY2025,股份制商业银行
600015.SH,华夏银行,1.55,CNY,Q3 FY2025,股份制商业银行
600015.SH,华夏银行,1.56,CNY,Q4 FY2025,股份制商业银行
600015.SH,华夏银行,1.63,CNY,Q1 FY2026,股份制商业银行
600016.SH,民生银行,1.41,CNY,Q1 FY2025,股份制商业银行
600016.SH,民生银行,1.39,CNY,Q2 FY2025,股份制商业银行
600016.SH,民生银行,1.42,CNY,Q3 FY2025,股份制商业银行
600016.SH,民生银行,1.4,CNY,Q4 FY2025,股份制商业银行
600016.SH,民生银行,1.43,CNY,Q1 FY2026,股份制商业银行
600036.SH,招商银行,1.91,CNY,Q1 FY2025,股份制商业银行
600036.SH,招商银行,1.88,CNY,Q2 FY2025,股份制商业银行
600036.SH,招商银行,1.87,CNY,Q3 FY2025,股份制商业银行
600036.SH,招商银行,1.87,CNY,Q4 FY2025,股份制商业银行
600036.SH,招商银行,1.83,CNY,Q1 FY2026,股份制商业银行
600908.SH,无锡银行,1.456,CNY,Q1 FY2025,农村商业银行
600908.SH,无锡银行,1.46,CNY,Q2 FY2025,农村商业银行
600908.SH,无锡银行,1.3877,CNY,Q3 FY2025,农村商业银行
600908.SH,无锡银行,1.35,CNY,Q4 FY2025,农村商业银行
600908.SH,无锡银行,1.4116,CNY,Q1 FY2026,农村商业银行
600919.SH,江苏银行,1.8248,CNY,Q1 FY2025,城市商业银行
600919.SH,江苏银行,1.78,CNY,Q2 FY2025,城市商业银行
600919.SH,江苏银行,1.7417,CNY,Q3 FY2025,城市商业银行
600919.SH,江苏银行,1.73,CNY,Q4 FY2025,城市商业银行
600919.SH,江苏银行,1.5464,CNY,Q1 FY2026,城市商业银行
600926.SH,杭州银行,1.3444,CNY,Q1 FY2025,城市商业银行
600926.SH,杭州银行,1.35,CNY,Q2 FY2025,城市商业银行
600926.SH,杭州银行,1.3589,CNY,Q3 FY2025,城市商业银行
600926.SH,杭州银行,1.36,CNY,Q4 FY2025,城市商业银行
600926.SH,杭州银行,1.41,CNY,Q1 FY2026,城市商业银行
600928.SH,西安银行,1.5924,CNY,Q1 FY2025,城市商业银行
600928.SH,西安银行,1.7,CNY,Q2 FY2025,城市商业银行
600928.SH,西安银行,1.7924,CNY,Q3 FY2025,城市商业银行
600928.SH,西安银行,1.85,CNY,Q4 FY2025,城市商业银行
600928.SH,西安银行,2.0136,CNY,Q1 FY2026,城市商业银行
601009.SH,南京银行,1.4292,CNY,Q1 FY2025,城市商业银行
601009.SH,南京银行,1.86,CNY,Q2 FY2025,城市商业银行
601009.SH,南京银行,1.4559,CNY,Q3 FY2025,城市商业银行
601009.SH,南京银行,1.82,CNY,Q4 FY2025,城市商业银行
601009.SH,南京银行,1.5852,CNY,Q1 FY2026,城市商业银行
601077.SH,渝农商行,1.61,CNY,Q1 FY2025,农村商业银行
601077.SH,渝农商行,1.6,CNY,Q2 FY2025,农村商业银行
601077.SH,渝农商行,1.59,CNY,Q3 FY2025,农村商业银行
601077.SH,渝农商行,1.6,CNY,Q4 FY2025,农村商业银行
601077.SH,渝农商行,1.69,CNY,Q1 FY2026,农村商业银行
601128.SH,常熟银行,2.61,CNY,Q1 FY2025,农村商业银行
601128.SH,常熟银行,2.58,CNY,Q2 FY2025,农村商业银行
601128.SH,常熟银行,2.57,CNY,Q3 FY2025,农村商业银行
601128.SH,常熟银行,2.53,CNY,Q4 FY2025,农村商业银行
601128.SH,常熟银行,2.5,CNY,Q1 FY2026,农村商业银行
