date,mktcap,pe_lyr,pe_ttm,pb
2016-01-04,2638.27,17.19,16.41,4.41
2016-01-05,2673.44,17.42,16.62,4.47
2016-01-06,2665.4,17.36,16.57,4.45
2016-01-07,2540.41,16.55,15.8,4.24
2016-01-08,2570.56,16.75,15.98,4.3
2016-01-11,2510.64,16.36,15.61,4.2
2016-01-12,2472.07,16.1,15.37,4.13
2016-01-13,2509.63,16.35,15.61,4.19
2016-01-14,2572.94,16.76,16.0,4.3
2016-01-15,2499.83,16.29,15.55,4.18
2016-01-18,2505.24,16.32,15.58,4.19
2016-01-19,2641.03,17.21,16.42,4.41
2016-01-20,2541.54,16.56,15.8,4.25
2016-01-21,2515.66,16.39,15.64,4.2
2016-01-22,2546.82,16.59,15.84,4.26
2016-01-25,2547.19,16.59,15.84,4.26
2016-01-26,2499.96,16.29,15.55,4.18
2016-01-27,2511.52,16.36,15.62,4.2
2016-01-28,2470.19,16.09,15.36,4.13
2016-01-29,2520.56,16.42,15.67,4.21
2016-02-01,2528.6,16.47,15.72,4.22
2016-02-02,2569.55,16.74,15.98,4.29
2016-02-03,2558.37,16.67,15.91,4.27
2016-02-04,2575.08,16.78,16.01,4.3
2016-02-05,2561.01,16.68,15.93,4.28
2016-02-15,2517.55,16.4,15.66,4.21
2016-02-16,2561.64,16.69,15.93,4.28
2016-02-17,2541.29,16.56,15.8,4.25
2016-02-18,2533.88,16.51,15.76,4.23
2016-02-19,2551.46,16.62,15.87,4.26
2016-02-22,2610.38,17.01,16.23,4.36
2016-02-23,2668.29,17.38,16.59,4.46
2016-02-24,2735.25,17.82,17.01,4.57
2016-02-25,2668.29,17.38,16.59,4.46
2016-02-26,2723.94,17.75,16.94,4.55
2016-02-29,2699.69,17.59,16.79,4.51
2016-03-01,2743.79,17.88,17.06,4.58
2016-03-02,2816.65,18.35,17.52,4.71
2016-03-03,2861.74,18.64,17.8,4.78
2016-03-04,2999.55,19.54,18.65,5.01
2016-03-07,2934.98,19.12,18.25,4.9
2016-03-08,2879.33,18.76,17.91,4.81
2016-03-09,2857.1,18.61,17.77,4.77
2016-03-10,2864.88,18.66,17.82,4.79
2016-03-11,2864.76,18.66,17.81,4.79
2016-03-14,2821.04,18.38,17.54,4.71
2016-03-15,2913.37,18.98,18.12,4.87
2016-03-16,2871.79,18.71,17.86,4.8
2016-03-17,2883.73,18.79,17.93,4.82
2016-03-18,2839.01,18.5,17.65,4.74
2016-03-21,2914.13,18.98,18.12,4.87
2016-03-22,2945.66,19.19,18.32,4.92
2016-03-23,2951.69,19.23,18.36,4.93
2016-03-24,3048.29,19.66,19.66,4.77
2016-03-25,3077.43,19.85,19.85,4.81
2016-03-28,3135.22,20.22,20.22,4.9
2016-03-29,3116.75,20.1,20.1,4.88
2016-03-30,3123.66,20.15,20.15,4.89
2016-03-31,3110.85,20.07,20.07,4.87
2016-04-01,3078.82,19.86,19.86,4.82
2016-04-05,3084.22,19.89,19.89,4.82
2016-04-06,3231.07,20.84,20.84,5.05
2016-04-07,3192.12,20.59,20.59,4.99
2016-04-08,3138.74,20.25,20.25,4.91
2016-04-11,3061.61,19.75,19.75,4.79
2016-04-12,3076.68,19.85,19.85,4.81
2016-04-13,3043.01,19.63,19.63,4.76
2016-04-14,3049.55,19.67,19.67,4.77
2016-04-15,3076.43,19.84,19.84,4.81
2016-04-18,3061.1,19.75,19.75,4.79
2016-04-19,3054.82,19.7,19.7,4.78
2016-04-20,2995.28,19.32,19.32,4.69
2016-04-21,3019.52,19.48,18.84,4.39
2016-04-22,3107.83,20.05,19.39,4.52
2016-04-25,3071.65,19.81,19.16,4.46
2016-04-26,3063.36,19.76,19.11,4.45
2016-04-27,3076.18,19.84,19.19,4.47
2016-04-28,3095.77,19.97,19.32,4.5
2016-04-29,3155.57,20.35,19.69,4.59
2016-05-03,3266.11,21.07,20.38,4.75
2016-05-04,3218.5,20.76,20.08,4.68
2016-05-05,3238.1,20.89,20.2,4.71
2016-05-06,3168.38,20.44,19.77,4.6
2016-05-09,3150.8,20.32,19.66,4.58
2016-05-10,3166.62,20.43,19.76,4.6
2016-05-11,3226.8,20.81,20.13,4.69
2016-05-12,3215.36,20.74,20.06,4.67
2016-05-13,3152.55,20.34,19.67,4.58
2016-05-16,3160.97,20.39,19.72,4.59
2016-05-17,3140.87,20.26,19.6,4.56
2016-05-18,3070.65,19.81,19.16,4.46
2016-05-19,3087.36,19.91,19.26,4.49
2016-05-20,3156.32,20.36,19.69,4.59
2016-05-23,3193.25,20.6,19.92,4.64
2016-05-24,3164.86,20.41,19.75,4.6
2016-05-25,3163.86,20.41,19.74,4.6
2016-05-26,3174.54,20.48,19.81,4.61
2016-05-27,3171.15,20.45,19.79,4.61
2016-05-30,3217.5,20.75,20.07,4.68
2016-05-31,3322.27,21.43,20.73,4.83
2016-06-01,3313.72,21.37,20.68,4.82
2016-06-02,3363.34,21.69,20.98,4.89
2016-06-03,3566.22,23.0,22.25,5.18
2016-06-06,3467.73,22.37,21.64,5.04
2016-06-07,3490.35,22.51,21.78,5.07
2016-06-08,3445.5,22.22,21.5,5.01
2016-06-13,3354.8,21.64,20.93,4.87
2016-06-14,3426.28,22.1,21.38,4.98
2016-06-15,3473.26,22.4,21.67,5.05
2016-06-16,3442.23,22.2,21.48,5.0
2016-06-17,3495.5,22.55,21.81,5.08
2016-06-20,3468.49,22.37,21.64,5.04
2016-06-21,3439.6,22.19,21.46,5.0
2016-06-22,3497.76,22.56,21.82,5.08
2016-06-23,3472.63,22.4,21.67,5.05
2016-06-24,3439.09,22.18,21.46,5.0
2016-06-27,3613.83,23.31,22.55,5.25
2016-06-28,3620.49,23.35,22.59,5.26
2016-06-29,3620.11,23.35,22.59,5.26
2016-06-30,3667.09,23.65,22.88,5.33
2016-07-01,3594.86,23.19,22.43,5.22
2016-07-04,3691.97,23.81,23.04,5.36
2016-07-05,3775.88,24.36,23.56,5.49
2016-07-06,3984.53,25.7,24.86,5.79
2016-07-07,3981.02,25.68,24.84,5.78
2016-07-08,3893.08,25.11,24.29,5.66
2016-07-11,3958.78,25.54,24.7,5.75
2016-07-12,4079.25,26.31,25.45,5.93
2016-07-13,3984.53,25.7,24.86,5.79
2016-07-14,3983.28,25.69,24.85,5.79
2016-07-15,3988.68,25.73,24.89,5.8
2016-07-18,3972.22,25.62,24.78,5.77
2016-07-19,3870.47,24.97,24.15,5.62
2016-07-20,3876.12,25.0,24.18,5.63
2016-07-21,3949.23,25.47,24.64,5.74
2016-07-22,3868.08,24.95,24.13,5.62
2016-07-25,3910.04,25.22,24.4,5.68
2016-07-26,4007.77,25.85,25.01,5.82
2016-07-27,3944.59,25.44,24.61,5.73
2016-07-28,3970.21,25.61,24.77,5.77
2016-07-29,3933.78,25.37,24.54,5.72
2016-08-01,3856.02,24.87,24.06,5.6
2016-08-02,3846.6,24.81,24.0,5.59
2016-08-03,3854.27,24.86,24.05,5.6
2016-08-04,3847.73,24.82,24.01,5.59
2016-08-05,3843.09,24.79,23.98,5.58
2016-08-08,3870.35,24.96,24.15,5.62
2016-08-09,3966.44,25.58,24.75,5.76
2016-08-10,3942.07,25.43,24.6,5.73
2016-08-11,3979.26,25.67,24.83,5.78
2016-08-12,3981.77,25.68,24.84,5.79
2016-08-15,4004.51,25.83,24.99,5.82
2016-08-16,3888.18,25.08,24.26,5.65
2016-08-17,3871.1,24.97,24.15,5.63
2016-08-18,3849.37,24.83,24.02,5.59
2016-08-19,3850.0,24.83,24.02,5.59
2016-08-22,3860.55,24.9,24.09,5.61
2016-08-23,3855.02,24.87,24.05,5.6
2016-08-24,3834.92,24.74,23.93,5.57
2016-08-25,3806.4,24.55,23.75,5.53
2016-08-26,3786.81,24.43,23.63,5.5
2016-08-29,3863.19,24.92,23.53,5.95
2016-08-30,3842.21,24.78,23.4,5.91
2016-08-31,3896.6,25.13,23.73,6.0
2016-09-01,3878.01,25.01,23.62,5.97
2016-09-02,3841.2,24.78,23.4,5.91
2016-09-05,3875.37,25.0,23.61,5.96
2016-09-06,3893.46,25.11,23.72,5.99
2016-09-07,3851.5,24.84,23.46,5.93
2016-09-08,3841.7,24.78,23.4,5.91
2016-09-09,3826.76,24.68,23.31,5.89
2016-09-12,3744.22,24.15,22.81,5.76
2016-09-13,3774.0,24.34,22.99,5.81
2016-09-14,3763.19,24.27,22.92,5.79
2016-09-19,3770.23,24.32,22.96,5.8
2016-09-20,3705.28,23.9,22.57,5.7
2016-09-21,3693.85,23.83,22.5,5.68
2016-09-22,3730.66,24.06,22.72,5.74
2016-09-23,3739.45,24.12,22.78,5.75
2016-09-26,3627.02,23.4,22.09,5.58
2016-09-27,3657.67,23.59,22.28,5.63
2016-09-28,3623.0,23.37,22.07,5.58
2016-09-29,3655.28,23.58,22.26,5.63
2016-09-30,3742.34,24.14,22.79,5.76
2016-10-10,3805.78,24.55,23.18,5.86
2016-10-11,3880.65,25.03,23.64,5.97
2016-10-12,3841.7,24.78,23.4,5.91
2016-10-13,3817.46,24.62,23.25,5.87
2016-10-14,3838.94,24.76,23.38,5.91
2016-10-17,3799.37,24.51,23.14,5.85
2016-10-18,3858.54,24.89,23.5,5.94
2016-10-19,3849.62,24.83,23.45,5.92
2016-10-20,3837.43,24.75,23.37,5.91
2016-10-21,3821.23,24.65,23.28,5.88
2016-10-24,3855.65,24.87,23.48,5.93
2016-10-25,3931.15,25.36,23.94,6.05
2016-10-26,3940.44,25.42,24.0,6.06
2016-10-27,3980.51,25.68,24.25,6.13
2016-10-28,3982.78,25.69,24.26,6.13
2016-10-31,3994.08,25.76,24.14,5.82
2016-11-01,3978.13,25.66,24.05,5.8
2016-11-02,3959.28,25.54,23.93,5.77
2016-11-03,3967.83,25.59,23.98,5.78
2016-11-04,3954.76,25.51,23.9,5.76
2016-11-07,3961.17,25.55,23.94,5.77
2016-11-08,4019.83,25.93,24.3,5.86
2016-11-09,3979.76,25.67,24.06,5.8
2016-11-10,4008.9,25.86,24.23,5.84
2016-11-11,3958.03,25.53,23.92,5.77
2016-11-14,3906.65,25.2,23.61,5.69
2016-11-15,3944.59,25.44,23.84,5.75
2016-11-16,3933.78,25.37,23.78,5.73
2016-11-17,3907.28,25.2,23.62,5.69
2016-11-18,3894.21,25.12,23.54,5.67
2016-11-21,3887.93,25.08,23.5,5.66
2016-11-22,3880.02,25.03,23.45,5.65
2016-11-23,3931.27,25.36,23.76,5.73
2016-11-24,3981.27,25.68,24.06,5.8
2016-11-25,3980.77,25.68,24.06,5.8
2016-11-28,4013.55,25.89,24.26,5.85
2016-11-29,4069.58,26.25,24.6,5.93
2016-11-30,4008.28,25.85,24.23,5.84
2016-12-01,4032.65,26.01,24.38,5.87
2016-12-02,4042.07,26.07,24.43,5.89
2016-12-05,3968.71,25.6,23.99,5.78
2016-12-06,4100.48,26.45,24.79,5.97
2016-12-07,4113.42,26.53,24.86,5.99
2016-12-08,4242.31,27.36,25.64,6.18
2016-12-09,4242.93,27.37,25.65,6.18
2016-12-12,4106.01,26.49,24.82,5.98
2016-12-13,4183.26,26.98,25.29,6.09
2016-12-14,4173.97,26.92,25.23,6.08
2016-12-15,4120.96,26.58,24.91,6.0
2016-12-16,4115.05,26.54,24.87,5.99
2016-12-19,4094.7,26.41,24.75,5.97
2016-12-20,4101.23,26.45,24.79,5.97
2016-12-21,4128.62,26.63,24.96,6.01
2016-12-22,4085.16,26.35,24.69,5.95
2016-12-23,4020.21,25.93,24.3,5.86
2016-12-26,4076.11,26.29,24.64,5.94
2016-12-27,4097.21,26.43,24.77,5.97
2016-12-28,4066.56,26.23,24.58,5.92
2016-12-29,4111.66,26.52,24.85,5.99
2016-12-30,4197.58,27.08,25.37,6.12
2017-01-03,4202.74,27.11,25.4,6.12
2017-01-04,4420.69,28.51,26.72,6.44
2017-01-05,4355.74,28.1,26.33,6.35
2017-01-06,4406.24,28.42,26.63,6.42
2017-01-09,4377.97,28.24,26.46,6.38
2017-01-10,4384.13,28.28,26.5,6.39
2017-01-11,4339.54,27.99,26.23,6.32
2017-01-12,4359.63,28.12,26.35,6.35
2017-01-13,4332.25,27.94,26.19,6.31
2017-01-16,4289.54,27.67,25.93,6.25
2017-01-17,4385.76,28.29,26.51,6.39
2017-01-18,4460.51,28.77,26.96,6.5
2017-01-19,4455.98,28.74,26.93,6.49
2017-01-20,4459.38,28.76,26.95,6.5
2017-01-23,4412.02,28.46,26.67,6.43
2017-01-24,4400.59,28.39,26.6,6.41
2017-01-25,4366.92,28.17,26.4,6.36
2017-01-26,4326.6,27.91,26.15,6.3
2017-02-03,4357.12,28.1,26.34,6.35
2017-02-06,4357.12,28.1,26.34,6.35
2017-02-07,4316.04,27.84,26.09,6.29
2017-02-08,4323.96,27.89,26.14,6.3
2017-02-09,4366.67,28.17,26.39,6.36
2017-02-10,4334.89,27.96,26.2,6.32
2017-02-13,4393.55,28.34,26.56,6.4
2017-02-14,4399.33,28.38,26.59,6.41
2017-02-15,4378.23,28.24,26.46,6.38
2017-02-16,4372.7,28.21,26.43,6.37
2017-02-17,4403.73,28.41,26.62,6.42
2017-02-20,4538.52,29.27,27.43,6.61
2017-02-21,4506.48,29.07,27.24,6.57
2017-02-22,4546.05,29.32,27.48,6.62
2017-02-23,4543.67,29.31,27.46,6.62
2017-02-24,4555.22,29.38,27.53,6.64
2017-02-27,4487.14,28.94,27.12,6.54
2017-02-28,4455.23,28.74,26.93,6.49
2017-03-01,4479.73,28.9,27.08,6.53
2017-03-02,4482.36,28.91,27.09,6.53
2017-03-03,4478.85,28.89,27.07,6.52
2017-03-06,4509.25,29.09,27.26,6.57
2017-03-07,4612.76,29.75,27.88,6.72
2017-03-08,4613.76,29.76,27.89,6.72
2017-03-09,4646.68,29.97,28.09,6.77
2017-03-10,4646.05,29.97,28.08,6.77
2017-03-13,4667.4,30.11,28.21,6.8
2017-03-14,4641.65,29.94,28.06,6.76
2017-03-15,4706.72,30.36,28.45,6.86
2017-03-16,4707.85,30.37,28.46,6.86
2017-03-17,4754.46,30.67,28.74,6.93
2017-03-20,4854.07,31.31,29.34,7.07
2017-03-21,4949.54,31.93,29.92,7.21
2017-03-22,4955.45,31.96,29.95,7.22
2017-03-23,4896.53,31.58,29.6,7.13
2017-03-24,4859.22,31.34,29.37,7.08
2017-03-27,4758.73,30.7,28.76,6.93
2017-03-28,4776.82,30.81,28.87,6.96
2017-03-29,4819.4,31.09,29.13,7.02
2017-03-30,4850.68,31.29,29.32,7.07
2017-03-31,4853.45,31.31,29.34,7.07
2017-04-05,4894.9,31.57,29.59,7.13
2017-04-06,4923.16,31.76,29.76,7.17
2017-04-07,4935.22,31.83,29.83,7.19
2017-04-10,4889.12,31.54,29.55,7.12
2017-04-11,4840.0,31.22,29.26,7.05
2017-04-12,4902.06,31.62,29.63,7.14
2017-04-13,5004.57,32.28,30.25,7.29
2017-04-14,4967.63,32.04,30.03,7.24
2017-04-17,4971.91,29.74,29.74,6.82
2017-04-18,5083.2,30.4,30.4,6.97
2017-04-19,5096.9,30.49,30.49,6.99
2017-04-20,5217.12,31.21,31.21,7.16
2017-04-21,5031.45,30.1,30.1,6.9
2017-04-24,5006.58,29.95,29.95,6.87
2017-04-25,5262.09,31.47,29.31,6.66
2017-04-26,5250.4,31.41,29.25,6.64
2017-04-27,5294.12,31.67,29.49,6.7
2017-04-28,5194.13,31.07,28.93,6.57
2017-05-02,5176.54,30.96,28.84,6.55
2017-05-03,5246.01,31.38,29.22,6.64
2017-05-04,5225.78,31.26,29.11,6.61
2017-05-05,5228.17,31.27,29.12,6.62
2017-05-08,5093.63,30.47,28.37,6.45
2017-05-09,5134.83,30.71,28.6,6.5
2017-05-10,5151.54,30.81,28.7,6.52
2017-05-11,5177.54,30.97,28.84,6.55
2017-05-12,5194.0,31.07,28.93,6.57
2017-05-15,5270.38,31.52,29.36,6.67
2017-05-16,5403.16,32.32,30.1,6.84
2017-05-17,5358.94,32.05,29.85,6.78
2017-05-18,5395.87,32.28,30.06,6.83
2017-05-19,5537.57,33.12,30.85,7.01
2017-05-22,5549.63,33.19,30.91,7.02
2017-05-23,5705.65,34.13,31.78,7.22
2017-05-24,5656.91,33.84,31.51,7.16
2017-05-25,5660.43,33.86,31.53,7.16
2017-05-26,5677.01,33.96,31.62,7.18
2017-05-31,5564.2,33.28,30.99,7.04
2017-06-01,5643.85,33.76,31.44,7.14
2017-06-02,5619.1,33.61,31.3,7.11
2017-06-05,5582.67,33.39,31.1,7.07
2017-06-06,5638.07,33.72,31.41,7.14
2017-06-07,5770.6,34.52,32.14,7.3
2017-06-08,5832.65,34.89,32.49,7.38
2017-06-09,5850.62,35.0,32.59,7.4
2017-06-12,5940.31,35.53,33.09,7.52
2017-06-13,5942.32,35.54,33.1,7.52
2017-06-14,5959.28,35.65,33.2,7.54
2017-06-15,5832.53,34.89,32.49,7.38
2017-06-16,5811.55,34.76,32.37,7.35
2017-06-19,5906.27,35.33,32.9,7.47
2017-06-20,5857.65,35.04,32.63,7.41
2017-06-21,5938.17,35.52,33.08,7.51
2017-06-22,5938.68,35.52,33.08,7.52
2017-06-23,5938.42,35.52,33.08,7.52
2017-06-26,6088.54,36.42,33.92,7.71
2017-06-27,6081.25,36.37,33.87,7.7
2017-06-28,5970.71,35.71,33.26,7.56
2017-06-29,5941.94,35.54,33.1,7.52
2017-06-30,5927.37,35.45,33.02,7.5
2017-07-03,5783.16,34.59,32.21,7.32
2017-07-04,5677.01,33.96,31.62,7.18
2017-07-05,5780.14,34.57,32.2,7.32
2017-07-06,5728.01,34.26,31.91,7.25
2017-07-07,5602.27,33.51,31.21,7.09
2017-07-10,5709.04,34.15,31.8,7.22
2017-07-11,5817.83,34.8,32.41,7.36
2017-07-12,5746.73,34.37,32.01,7.27
2017-07-13,5730.27,34.28,31.92,7.25
2017-07-14,5733.41,34.29,31.94,7.26
2017-07-17,5653.77,33.82,31.49,7.16
2017-07-18,5684.92,34.0,31.67,7.19
2017-07-19,5739.07,34.33,31.97,7.26
2017-07-20,5859.79,35.05,32.64,7.42
2017-07-21,5944.33,35.56,33.11,7.52
2017-07-24,6002.11,35.9,33.43,7.6
2017-07-25,6004.12,35.91,33.45,7.6
2017-07-26,5924.61,35.44,33.0,7.5
2017-07-27,5952.74,35.61,33.16,7.53
2017-07-28,6078.99,36.36,31.72,8.04
2017-07-31,6045.08,36.16,31.54,7.99
2017-08-01,6032.76,36.08,31.48,7.98
2017-08-02,6065.43,36.28,31.65,8.02
2017-08-03,5994.83,35.86,31.28,7.93
2017-08-04,5949.86,35.59,31.04,7.87
2017-08-07,6049.35,36.18,31.56,8.0
2017-08-08,6062.16,36.26,31.63,8.02
2017-08-09,6166.05,36.88,32.17,8.15
2017-08-10,6175.85,36.94,32.22,8.17
2017-08-11,6080.75,36.37,31.73,8.04
2017-08-14,6278.85,37.56,32.76,8.3
2017-08-15,6230.36,37.27,32.51,8.24
2017-08-16,6236.9,37.31,32.54,8.25
2017-08-17,6189.16,37.02,32.29,8.18
2017-08-18,6150.97,36.79,32.09,8.13
2017-08-21,6151.98,36.8,32.1,8.14
2017-08-22,6120.45,36.61,31.93,8.09
2017-08-23,6205.74,37.12,32.38,8.21
2017-08-24,6190.67,37.03,32.3,8.19
2017-08-25,6192.93,37.04,32.31,8.19
2017-08-28,6181.0,36.97,32.25,8.17
2017-08-29,6148.33,36.78,32.08,8.13
2017-08-30,6192.68,37.04,32.31,8.19
2017-08-31,6169.82,36.9,32.19,8.16
2017-09-01,6220.44,37.21,32.45,8.23
2017-09-04,6185.77,37.0,32.27,8.18
2017-09-05,6155.24,36.82,32.11,8.14
2017-09-06,6092.31,36.44,31.79,8.06
2017-09-07,6045.7,36.16,31.54,7.99
2017-09-08,5959.03,35.64,31.09,7.88
2017-09-11,6008.65,35.94,31.35,7.95
2017-09-12,6091.43,36.44,31.78,8.05
2017-09-13,6175.85,36.94,32.22,8.17
2017-09-14,6164.29,36.87,32.16,8.15
2017-09-15,6153.36,36.81,32.1,8.14
2017-09-18,6268.05,37.49,32.7,8.29
2017-09-19,6242.67,37.34,32.57,8.26
2017-09-20,6233.25,37.28,32.52,8.24
2017-09-21,6265.54,37.48,32.69,8.29
2017-09-22,6280.11,37.56,32.77,8.3
2017-09-25,6371.94,38.11,33.24,8.43
2017-09-26,6397.69,38.27,33.38,8.46
2017-09-27,6384.12,38.19,33.31,8.44
2017-09-28,6512.88,38.96,33.98,8.61
2017-09-29,6502.58,38.89,33.93,8.6
2017-10-09,6629.84,39.66,34.59,8.77
2017-10-10,6784.22,40.58,35.4,8.97
2017-10-11,6853.06,40.99,35.76,9.06
2017-10-12,6834.85,40.88,35.66,9.04
2017-10-13,6986.34,41.79,36.45,9.24
2017-10-16,7043.38,42.13,36.75,9.31
2017-10-17,6993.63,41.83,36.49,9.25
2017-10-18,7043.75,42.13,36.75,9.31
2017-10-19,7318.61,43.78,38.18,9.68
2017-10-20,7214.72,43.15,37.64,9.54
2017-10-23,7203.16,43.09,37.58,9.53
2017-10-24,7126.79,42.63,37.18,9.42
2017-10-25,7105.93,42.5,37.07,9.4
2017-10-26,7601.13,45.47,31.36,9.01
2017-10-27,8160.64,48.81,33.67,9.67
2017-10-30,7814.56,46.74,32.24,9.26
2017-10-31,7763.68,46.44,32.03,9.2
2017-11-01,7826.24,46.81,32.29,9.28
2017-11-02,7875.36,47.11,32.49,9.34
2017-11-03,8029.24,48.03,33.13,9.52
2017-11-06,8203.73,49.07,33.85,9.73
2017-11-07,8065.67,48.24,33.28,9.56
2017-11-08,8170.06,48.87,33.71,9.69
2017-11-09,8166.17,48.85,33.69,9.68
2017-11-10,8516.39,50.94,35.14,10.1
2017-11-13,8641.13,51.69,35.65,10.24
2017-11-14,8526.44,51.0,35.18,10.11
2017-11-15,8643.65,51.7,35.66,10.25
2017-11-16,9033.44,54.03,37.27,10.71
2017-11-17,8670.91,51.86,35.78,10.28
2017-11-20,8531.47,51.03,35.2,10.11
2017-11-21,8507.6,50.89,35.1,10.09
2017-11-22,8171.82,48.88,33.72,9.69
2017-11-23,7960.9,47.62,32.85,9.44
2017-11-24,7914.55,47.34,32.66,9.38
2017-11-27,7804.63,46.68,32.2,9.25
2017-11-28,8143.05,48.71,33.6,9.65
2017-11-29,8016.05,47.95,33.07,9.5
2017-11-30,7926.61,47.41,32.71,9.4
2017-12-01,7817.95,46.76,32.26,9.27
2017-12-04,8011.9,47.92,33.06,9.5
2017-12-05,7951.23,47.56,32.81,9.43
2017-12-06,7851.36,46.96,32.39,9.31
2017-12-07,7746.85,46.34,31.96,9.18
2017-12-08,7879.88,47.13,32.51,9.34
2017-12-11,8177.72,48.91,33.74,9.69
2017-12-12,8181.87,48.94,33.76,9.7
2017-12-13,8394.04,50.21,34.63,9.95
2017-12-14,8348.06,49.93,34.44,9.9
2017-12-15,8212.9,49.12,33.89,9.74
2017-12-18,8363.39,50.03,34.51,9.91
2017-12-19,8379.97,50.12,34.58,9.93
2017-12-20,8603.82,51.46,35.5,10.2
2017-12-21,8564.0,51.23,35.34,10.15
2017-12-22,8578.83,51.31,35.4,10.17
2017-12-25,8644.15,51.7,35.67,10.25
2017-12-26,8552.32,51.16,35.29,10.14
2017-12-27,8343.41,49.91,34.42,9.89
2017-12-28,9028.17,54.0,37.25,10.7
2017-12-29,8761.85,52.41,36.15,10.39
2018-01-02,8841.75,52.89,36.48,10.48
2018-01-03,8992.62,53.79,37.1,10.66
2018-01-04,9259.06,55.38,38.2,10.98
2018-01-05,9275.26,55.48,38.27,11.0
2018-01-08,9448.24,56.51,38.98,11.2
2018-01-09,9830.0,58.8,40.56,11.65
2018-01-10,9870.07,59.04,40.72,11.7
2018-01-11,9733.15,58.22,40.16,11.54
2018-01-12,9904.11,59.24,40.86,11.74
2018-01-15,9865.8,59.01,40.71,11.7
2018-01-16,9709.66,58.08,40.06,11.51
2018-01-17,9395.48,56.2,38.77,11.14
2018-01-18,9430.78,56.41,38.91,11.18
2018-01-19,9423.74,56.37,38.88,11.17
2018-01-22,9718.45,58.13,40.1,11.52
2018-01-23,9720.21,58.14,40.11,11.52
2018-01-24,9603.13,57.44,39.62,11.38
2018-01-25,9662.17,57.79,39.87,11.45
2018-01-26,9763.42,58.4,40.28,11.57
2018-01-29,9249.64,55.33,38.16,10.96
2018-01-30,9321.99,55.76,38.46,11.05
2018-01-31,9604.13,57.45,39.63,11.39
2018-02-01,9518.59,56.93,39.27,11.28
2018-02-02,9300.89,55.63,38.38,11.03
2018-02-05,9022.39,53.97,37.23,10.7
2018-02-06,8904.68,53.26,36.74,10.56
2018-02-07,8585.23,51.35,35.42,10.18
2018-02-08,8805.82,52.67,36.33,10.44
2018-02-09,8585.23,51.35,35.42,10.18
2018-02-12,8761.73,52.41,36.15,10.39
2018-02-13,8943.88,53.5,36.9,10.6
2018-02-14,9025.15,53.98,37.24,10.7
2018-02-22,9326.64,55.79,38.48,11.06
2018-02-23,9327.02,55.79,38.48,11.06
2018-02-26,9339.96,55.87,38.54,11.07
2018-02-27,9270.49,55.45,38.25,10.99
2018-02-28,9115.22,54.52,37.61,10.81
2018-03-01,9320.61,55.75,38.46,11.05
2018-03-02,9250.77,55.33,38.17,10.97
2018-03-05,9046.01,54.11,37.32,10.72
2018-03-06,9022.77,53.97,37.23,10.7
2018-03-07,8919.51,53.35,36.8,10.57
2018-03-08,9079.3,54.31,37.46,10.76
2018-03-09,9147.63,54.72,37.74,10.84
2018-03-12,9094.24,54.4,37.52,10.78
2018-03-13,8923.4,53.37,36.82,10.58
2018-03-14,9131.05,54.62,37.67,10.82
2018-03-15,9377.14,56.09,38.69,11.12
2018-03-16,9293.98,55.59,38.35,11.02
2018-03-19,9465.2,56.62,39.05,11.22
2018-03-20,9392.97,56.18,38.76,11.13
2018-03-21,9320.99,55.75,38.46,11.05
2018-03-22,9121.0,54.56,37.63,10.81
2018-03-23,8932.32,53.43,36.85,10.59
2018-03-26,8962.85,53.61,36.98,10.62
2018-03-27,8978.55,53.7,37.05,10.64
2018-03-28,8567.9,31.64,31.64,9.37
2018-03-29,8656.46,31.97,31.97,9.47
2018-03-30,8587.62,31.71,31.71,9.39
2018-04-02,8542.9,31.55,31.55,9.34
2018-04-03,8515.89,31.45,31.45,9.31
2018-04-04,8718.14,32.19,32.19,9.53
2018-04-09,8772.03,32.39,32.39,9.59
2018-04-10,8894.13,32.84,32.84,9.73
2018-04-11,8860.72,32.72,32.72,9.69
2018-04-12,8720.53,32.2,32.2,9.54
2018-04-13,8628.32,31.86,31.86,9.43
2018-04-16,8559.48,31.61,31.61,9.36
2018-04-17,8368.79,30.9,30.9,9.15
2018-04-18,8236.14,30.41,30.41,9.01
2018-04-19,8541.64,31.54,31.54,9.34
2018-04-20,8419.79,31.09,31.09,9.21
2018-04-23,8466.9,31.27,31.27,9.26
2018-04-24,8666.26,32.0,32.0,9.48
2018-04-25,8679.95,32.05,32.05,9.49
2018-04-26,8519.91,31.46,31.46,9.32
2018-04-27,8322.69,30.73,30.73,9.1
2018-05-02,8389.27,30.98,28.47,8.39
2018-05-03,8427.58,31.12,28.6,8.43
2018-05-04,8326.96,30.75,28.26,8.33
2018-05-07,8770.4,32.39,29.77,8.77
2018-05-08,8904.31,32.88,30.22,8.91
2018-05-09,8817.88,32.56,29.93,8.82
2018-05-10,8971.64,33.13,30.45,8.98
2018-05-11,9019.75,33.31,30.61,9.02
2018-05-14,9326.14,34.44,31.65,9.33
2018-05-15,9334.3,34.47,31.68,9.34
2018-05-16,9227.02,34.07,31.32,9.23
2018-05-17,9137.33,33.74,31.01,9.14
2018-05-18,9287.32,34.3,31.52,9.29
2018-05-21,9230.79,34.09,31.33,9.23
2018-05-22,9290.46,34.31,31.53,9.29
2018-05-23,9092.11,33.58,30.86,9.1
2018-05-24,8986.84,33.19,30.5,8.99
2018-05-25,9005.18,33.25,30.56,9.01
2018-05-28,9300.89,34.35,31.57,9.3
2018-05-29,9188.21,33.93,31.19,9.19
2018-05-30,9118.36,33.67,30.95,9.12
2018-05-31,9435.68,34.84,32.03,9.44
2018-06-01,9360.06,34.57,31.77,9.36
2018-06-04,9823.09,36.28,33.34,9.83
2018-06-05,9899.47,36.56,33.6,9.9
2018-06-06,9870.57,36.45,33.5,9.87
2018-06-07,9810.53,36.23,33.3,9.81
2018-06-08,9772.59,36.09,33.17,9.78
2018-06-11,9744.7,35.99,33.07,9.75
2018-06-12,10039.41,37.07,34.07,10.04
2018-06-13,9928.11,36.66,33.7,9.93
2018-06-14,9875.35,36.47,33.52,9.88
2018-06-15,9714.55,35.87,32.97,9.72
2018-06-19,9270.74,34.24,31.47,9.27
2018-06-20,9592.2,35.42,32.56,9.6
2018-06-21,9538.56,35.22,32.37,9.54
2018-06-22,9629.13,35.56,32.68,9.63
2018-06-25,9616.95,35.51,32.64,9.62
2018-06-26,9481.78,35.01,32.18,9.49
2018-06-27,9075.28,33.51,30.8,9.08
2018-06-28,8930.69,32.98,30.31,8.93
2018-06-29,9188.58,33.93,31.19,9.19
2018-07-02,8938.48,33.01,30.34,8.94
2018-07-03,8729.57,32.24,29.63,8.73
2018-07-04,8679.2,32.05,29.46,8.68
2018-07-05,8823.41,32.58,29.95,8.83
2018-07-06,8970.76,33.13,30.45,8.97
2018-07-09,9135.57,33.74,31.01,9.14
2018-07-10,9116.98,33.67,30.94,9.12
2018-07-11,9039.35,33.38,30.68,9.04
2018-07-12,9264.96,34.21,31.45,9.27
2018-07-13,9383.67,34.65,31.85,9.39
2018-07-16,9480.27,35.01,32.18,9.48
2018-07-17,9326.39,34.44,31.65,9.33
2018-07-18,9263.71,34.21,31.44,9.27
2018-07-19,9307.8,34.37,31.59,9.31
2018-07-20,9310.06,34.38,31.6,9.31
2018-07-23,9196.25,33.96,31.21,9.2
2018-07-24,9363.7,34.58,31.78,9.37
2018-07-25,9343.72,34.51,31.71,9.35
2018-07-26,9240.84,34.12,31.36,9.24
2018-07-27,9277.77,34.26,31.49,9.28
2018-07-30,9034.7,33.36,30.66,9.04
2018-07-31,9125.52,33.7,30.97,9.13
2018-08-01,8981.06,33.17,30.48,8.98
2018-08-02,8741.13,32.28,27.67,9.36
2018-08-03,8529.46,31.5,27.0,9.13
2018-08-06,8412.51,31.07,26.63,9.01
2018-08-07,8621.03,31.84,27.29,9.23
2018-08-08,8494.66,31.37,26.89,9.1
2018-08-09,8691.38,32.1,27.51,9.31
2018-08-10,8632.34,31.88,27.32,9.24
2018-08-13,8532.35,31.51,27.01,9.14
2018-08-14,8543.78,31.55,27.04,9.15
2018-08-15,8326.08,30.75,26.35,8.91
2018-08-16,8145.69,30.08,25.78,8.72
2018-08-17,7975.1,29.45,25.24,8.54
2018-08-20,8099.84,29.91,25.64,8.67
2018-08-21,8435.24,31.15,26.7,9.03
2018-08-22,8387.63,30.97,26.55,8.98
2018-08-23,8419.16,31.09,26.65,9.01
2018-08-24,8294.67,30.63,26.25,8.88
2018-08-27,8633.85,31.88,27.33,9.24
2018-08-28,8554.71,31.59,27.08,9.16
2018-08-29,8615.63,31.82,27.27,9.22
2018-08-30,8547.17,31.56,27.05,9.15
2018-08-31,8280.73,30.58,26.21,8.87
2018-09-03,8368.92,30.91,26.49,8.96
2018-09-04,8479.84,31.31,26.84,9.08
2018-09-05,8263.14,30.51,26.16,8.85
2018-09-06,8089.91,29.87,25.61,8.66
2018-09-07,8177.47,30.2,25.88,8.76
2018-09-10,8099.96,29.91,25.64,8.67
2018-09-11,8115.04,29.97,25.69,8.69
2018-09-12,7914.05,29.23,25.05,8.47
2018-09-13,7938.92,29.32,25.13,8.5
2018-09-14,8076.1,29.82,25.56,8.65
2018-09-17,8112.65,29.96,25.68,8.69
2018-09-18,8375.07,30.93,26.51,8.97
2018-09-19,8559.98,31.61,27.09,9.17
2018-09-20,8523.93,31.48,26.98,9.13
2018-09-21,8793.51,32.47,27.83,9.42
2018-09-25,8755.95,32.33,27.72,9.37
2018-09-26,9106.55,33.63,28.82,9.75
2018-09-27,9094.87,33.59,28.79,9.74
2018-09-28,9170.24,33.86,29.03,9.82
2018-10-08,8619.4,31.83,27.28,9.23
2018-10-09,8730.57,32.24,27.63,9.35
2018-10-10,8428.08,31.12,26.68,9.02
2018-10-11,8102.35,29.92,25.65,8.68
2018-10-12,8391.4,30.99,26.56,8.98
2018-10-15,8377.58,30.94,26.52,8.97
2018-10-16,8380.6,30.95,26.53,8.97
2018-10-17,8362.76,30.88,26.47,8.95
2018-10-18,8114.28,29.96,25.68,8.69
2018-10-19,8416.53,31.08,26.64,9.01
2018-10-22,8705.45,32.15,27.56,9.32
2018-10-23,8061.52,29.77,25.52,8.63
2018-10-24,8001.85,29.55,25.33,8.57
2018-10-25,7775.86,28.72,24.61,8.33
2018-10-26,7664.06,28.3,24.26,8.21
2018-10-29,6897.66,25.47,21.67,6.74
2018-10-30,6582.48,24.31,20.68,6.43
2018-10-31,6895.27,25.46,21.66,6.74
2018-11-01,7072.39,26.12,22.22,6.91
2018-11-02,7535.93,27.83,23.68,7.36
2018-11-05,7233.19,26.71,22.73,7.07
2018-11-06,7110.08,26.26,22.34,6.95
2018-11-07,7115.1,26.27,22.35,6.95
2018-11-08,7164.6,26.46,22.51,7.0
2018-11-09,7059.83,26.07,22.18,6.9
2018-11-12,6934.21,25.61,21.79,6.77
2018-11-13,7160.33,26.44,22.5,6.99
2018-11-14,6973.15,25.75,21.91,6.81
2018-11-15,7030.94,25.96,22.09,6.87
2018-11-16,7034.71,25.98,22.1,6.87
2018-11-19,7148.02,26.4,22.46,6.98
2018-11-20,7054.81,26.05,22.16,6.89
2018-11-21,7093.75,26.2,22.29,6.93
2018-11-22,7091.24,26.19,22.28,6.93
2018-11-23,6995.77,25.83,21.98,6.83
2018-11-26,6935.59,25.61,21.79,6.78
2018-11-27,6885.22,25.43,21.63,6.73
2018-11-28,6997.02,25.84,21.98,6.84
2018-11-29,6929.19,25.59,21.77,6.77
2018-11-30,7097.52,26.21,22.3,6.93
2018-12-03,7552.26,27.89,23.73,7.38
2018-12-04,7565.2,27.94,23.77,7.39
2018-12-05,7664.06,28.3,24.08,7.49
2018-12-06,7434.18,27.45,23.36,7.26
2018-12-07,7373.88,27.23,23.17,7.2
2018-12-10,7251.15,26.78,22.78,7.08
2018-12-11,7323.51,27.04,23.01,7.15
2018-12-12,7399.01,27.32,23.25,7.23
2018-12-13,7559.17,27.91,23.75,7.38
2018-12-14,7448.75,27.51,23.4,7.28
2018-12-17,7418.1,27.39,23.31,7.25
2018-12-18,7423.38,27.41,23.32,7.25
2018-12-19,7258.31,26.8,22.8,7.09
2018-12-20,7216.86,26.65,22.67,7.05
2018-12-21,7127.79,26.32,22.39,6.96
2018-12-24,7135.2,26.35,22.42,6.97
2018-12-25,7107.44,26.25,22.33,6.94
2018-12-26,7035.71,25.98,22.1,6.87
2018-12-27,7072.39,26.12,22.22,6.91
2018-12-28,7411.69,27.37,23.29,7.24
2019-01-02,7524.37,27.79,23.64,7.35
2019-01-03,7411.57,27.37,23.29,7.24
2019-01-04,7562.31,27.93,23.76,7.39
2019-01-07,7606.15,28.09,23.9,7.43
2019-01-08,7597.36,28.06,23.87,7.42
2019-01-09,7739.69,28.58,24.32,7.56
2019-01-10,7772.98,28.7,24.42,7.59
2019-01-11,7987.91,29.5,25.1,7.8
2019-01-14,7846.21,28.97,24.65,7.66
2019-01-15,8290.65,30.62,26.05,8.1
2019-01-16,8304.72,30.67,26.09,8.11
2019-01-17,8281.48,30.58,26.02,8.09
2019-01-18,8587.49,31.71,26.98,8.39
2019-01-21,8629.83,31.87,27.11,8.43
2019-01-22,8429.09,31.13,26.48,8.23
2019-01-23,8362.01,30.88,26.27,8.17
2019-01-24,8447.93,31.2,26.54,8.25
2019-01-25,8538.38,31.53,26.83,8.34
2019-01-28,8504.46,31.41,26.72,8.31
2019-01-29,8604.95,31.78,27.03,8.41
2019-01-30,8491.9,31.36,26.68,8.3
2019-01-31,8662.74,31.99,27.22,8.46
2019-02-01,8701.31,32.13,27.34,8.5
2019-02-11,9111.2,33.65,28.63,8.9
2019-02-12,9018.5,33.3,28.33,8.81
2019-02-13,9236.19,34.11,29.02,9.02
2019-02-14,9260.19,34.2,29.09,9.05
2019-02-15,9104.67,33.62,28.6,8.89
2019-02-18,9295.86,34.33,29.21,9.08
2019-02-19,9179.79,33.9,28.84,8.97
2019-02-20,9069.75,33.49,28.5,8.86
2019-02-21,9047.76,33.41,28.43,8.84
2019-02-22,9120.12,33.68,28.65,8.91
2019-02-25,9325.13,34.44,29.3,9.11
2019-02-26,9136.95,33.74,28.71,8.93
2019-02-27,9304.66,34.36,29.23,9.09
2019-02-28,9484.42,35.02,29.8,9.26
2019-03-01,9915.17,36.62,31.15,9.69
2019-03-04,9821.71,36.27,30.86,9.59
2019-03-05,9795.58,36.17,30.78,9.57
2019-03-06,9647.6,35.63,30.31,9.42
2019-03-07,9403.9,34.73,29.55,9.19
2019-03-08,9264.46,34.21,29.11,9.05
2019-03-11,9528.76,35.19,29.94,9.31
2019-03-12,9358.8,34.56,29.4,9.14
2019-03-13,9471.73,34.98,29.76,9.25
2019-03-14,9773.22,36.09,30.71,9.55
2019-03-15,9764.43,36.06,30.68,9.54
2019-03-18,10176.33,37.58,31.97,9.94
2019-03-19,9956.75,36.77,31.28,9.73
2019-03-20,9959.14,36.78,31.29,9.73
2019-03-21,9870.57,36.45,31.01,9.64
2019-03-22,9974.21,36.83,31.34,9.74
2019-03-25,9743.07,35.98,30.61,9.52
2019-03-26,9710.41,35.86,30.51,9.49
2019-03-27,9905.12,36.58,31.12,9.68
2019-03-28,10135.0,37.43,31.84,9.9
2019-03-29,10727.8,30.47,30.47,9.51
2019-04-01,10790.74,30.65,30.65,9.56
2019-04-02,10677.68,30.33,30.33,9.46
2019-04-03,10608.59,30.13,30.13,9.4
2019-04-04,10866.11,30.87,30.87,9.63
2019-04-08,11308.29,32.12,32.12,10.02
2019-04-09,11368.59,32.29,32.29,10.08
2019-04-10,11908.63,33.83,33.83,10.55
2019-04-11,11622.34,33.01,33.01,10.3
2019-04-12,11481.65,32.62,32.62,10.18
2019-04-15,11393.71,32.37,32.37,10.1
2019-04-16,11807.0,33.54,33.54,10.46
2019-04-17,11959.0,33.97,33.97,10.6
2019-04-18,11877.35,33.74,33.74,10.53
2019-04-19,11966.04,33.99,33.99,10.6
2019-04-22,11923.83,33.87,33.87,10.57
2019-04-23,12247.3,34.79,34.79,10.85
2019-04-24,12185.12,34.61,34.61,10.8
2019-04-25,11963.65,33.98,31.55,9.64
2019-04-26,11871.07,33.72,31.31,9.57
2019-04-29,12209.87,34.68,32.2,9.84
2019-04-30,12235.37,34.76,32.27,9.86
2019-05-06,11381.15,32.33,30.02,9.17
2019-05-07,11180.16,31.76,29.48,9.01
2019-05-08,11109.81,31.56,29.3,8.96
2019-05-09,10788.35,30.65,28.45,8.7
2019-05-10,11395.22,32.37,30.05,9.19
2019-05-13,11205.28,31.83,29.55,9.03
2019-05-14,11137.07,31.64,29.37,8.98
2019-05-15,11644.95,33.08,30.71,9.39
2019-05-16,11681.51,33.18,30.81,9.42
2019-05-17,11391.08,32.36,30.04,9.18
2019-05-20,11116.85,31.58,29.32,8.96
2019-05-21,11242.97,31.94,29.65,9.06
2019-05-22,11155.04,31.69,29.42,8.99
2019-05-23,10815.86,30.72,28.52,8.72
2019-05-24,11035.7,31.35,29.1,8.9
2019-05-27,11041.98,31.37,29.12,8.9
2019-05-28,11155.04,31.69,29.42,8.99
2019-05-29,11455.39,32.54,30.21,9.23
2019-05-30,11372.36,32.3,29.99,9.17
2019-05-31,11180.16,31.76,29.48,9.01
2019-06-03,11205.28,31.83,29.55,9.03
2019-06-04,10995.5,31.23,29.0,8.86
2019-06-05,10949.02,31.1,28.88,8.83
2019-06-06,10830.06,30.76,28.56,8.73
2019-06-10,10942.49,31.08,28.86,8.82
2019-06-11,11442.58,32.5,30.18,9.22
2019-06-12,11389.95,32.35,30.04,9.18
2019-06-13,11431.4,32.47,30.15,9.21
2019-06-14,11469.09,32.58,30.25,9.24
2019-06-17,11451.5,32.53,30.2,9.23
2019-06-18,11519.33,32.72,30.38,9.29
2019-06-19,11707.89,33.26,30.88,9.44
2019-06-20,12247.93,34.79,32.3,9.87
2019-06-21,12264.26,34.84,32.34,9.89
2019-06-24,12399.93,35.22,32.7,10.0
2019-06-25,12348.17,35.08,32.57,9.95
2019-06-26,12308.98,34.97,32.46,9.92
2019-06-27,12516.13,35.55,33.01,10.09
2019-06-28,12360.99,35.11,32.6,9.96
2019-07-01,12962.2,36.82,34.18,10.45
2019-07-02,12876.03,36.58,33.96,10.38
2019-07-03,12409.98,35.25,32.73,10.0
2019-07-04,12325.81,35.01,32.51,9.94
2019-07-05,12559.72,35.68,33.12,10.12
2019-07-08,12371.79,35.14,32.63,9.97
2019-07-09,12261.24,34.83,32.34,9.88
2019-07-10,12342.39,35.06,32.55,9.95
2019-07-11,12329.58,35.02,32.52,9.94
2019-07-12,12387.24,35.19,32.67,9.99
2019-07-15,12259.61,34.82,32.33,9.88
2019-07-16,12159.99,34.54,32.07,9.8
2019-07-17,12103.47,34.38,31.92,9.76
2019-07-18,11902.47,33.81,30.22,10.37
2019-07-19,12007.62,34.11,30.48,10.46
2019-07-22,12022.06,34.15,30.52,10.48
2019-07-23,11983.88,34.04,30.42,10.44
2019-07-24,11888.15,33.77,30.18,10.36
2019-07-25,12097.18,34.36,30.71,10.54
2019-07-26,12122.69,34.44,30.78,10.56
2019-07-29,12265.64,34.84,31.14,10.69
2019-07-30,12297.3,34.93,31.22,10.72
2019-07-31,12217.78,34.71,31.02,10.65
2019-08-01,12050.71,34.23,30.59,10.5
2019-08-02,11989.78,34.06,30.44,10.45
2019-08-05,11838.78,33.63,30.05,10.32
2019-08-06,11887.4,33.77,30.18,10.36
2019-08-07,11871.07,33.72,30.14,10.34
2019-08-08,12206.22,34.67,30.99,10.64
2019-08-09,12085.0,34.33,30.68,10.53
2019-08-12,12796.01,36.35,32.48,11.15
2019-08-13,12787.47,36.32,32.46,11.14
2019-08-14,13106.29,37.23,33.27,11.42
2019-08-15,13126.01,37.29,33.32,11.44
2019-08-16,13247.86,37.63,33.63,11.54
2019-08-19,13263.94,37.68,33.67,11.56
2019-08-20,13441.32,38.18,34.12,11.71
2019-08-21,13391.07,38.04,34.0,11.67
2019-08-22,13868.42,39.39,35.21,12.09
2019-08-23,14196.29,40.33,36.04,12.37
2019-08-26,13855.23,39.36,35.17,12.07
2019-08-27,13931.23,39.57,35.37,12.14
2019-08-28,13819.56,39.26,35.08,12.04
2019-08-29,13982.74,39.72,35.5,12.18
2019-08-30,14345.78,40.75,36.42,12.5
2019-09-02,14305.08,40.64,36.32,12.47
2019-09-03,14320.65,40.68,36.36,12.48
2019-09-04,14132.35,40.14,35.88,12.32
2019-09-05,14370.9,40.82,36.48,12.52
2019-09-06,14351.93,40.77,36.44,12.51
2019-09-09,14276.94,40.56,36.24,12.44
2019-09-10,14117.78,40.1,35.84,12.3
2019-09-11,13435.29,38.16,34.11,11.71
2019-09-12,13805.61,39.22,35.05,12.03
2019-09-16,13805.61,39.22,35.05,12.03
2019-09-17,13742.93,39.04,34.89,11.98
2019-09-18,14432.46,41.0,36.64,12.58
2019-09-19,14383.46,40.86,36.52,12.53
2019-09-20,14539.48,41.3,36.91,12.67
2019-09-23,14433.71,41.0,36.64,12.58
2019-09-24,14873.38,42.25,37.76,12.96
2019-09-25,14747.76,41.89,37.44,12.85
2019-09-26,14659.83,41.64,37.22,12.77
2019-09-27,14757.18,41.92,37.46,12.86
2019-09-30,14446.27,41.04,36.67,12.59
2019-10-08,14661.08,41.65,37.22,12.78
2019-10-09,14406.2,40.92,36.57,12.55
2019-10-10,14509.08,41.21,36.83,12.64
2019-10-11,14755.3,41.91,37.46,12.86
2019-10-14,14823.13,42.11,37.63,12.92
2019-10-15,15212.56,43.21,38.62,13.26
2019-10-16,14697.51,41.75,35.91,11.73
2019-10-17,14864.97,42.23,36.32,11.87
2019-10-18,14770.25,41.96,36.09,11.79
2019-10-21,14678.67,41.7,35.87,11.72
2019-10-22,14707.56,41.78,35.94,11.74
2019-10-23,14558.2,41.35,35.57,11.62
2019-10-24,14449.67,41.05,35.31,11.54
2019-10-25,14714.47,41.8,35.95,11.75
2019-10-28,14801.65,42.05,36.17,11.82
2019-10-29,14986.44,42.57,36.62,11.96
2019-10-30,14870.87,42.24,36.34,11.87
2019-10-31,14823.26,42.11,36.22,11.83
2019-11-01,14885.94,42.29,36.37,11.88
2019-11-04,15069.22,42.81,36.82,12.03
2019-11-05,15061.81,42.78,36.8,12.02
2019-11-06,14986.44,42.57,36.62,11.96
2019-11-07,15091.58,42.87,36.88,12.05
2019-11-08,15137.18,43.0,36.99,12.08
2019-11-11,15061.81,42.78,36.8,12.02
2019-11-12,15094.47,42.88,36.88,12.05
2019-11-13,15375.86,43.68,37.57,12.28
2019-11-14,15451.23,43.89,37.76,12.34
2019-11-15,15387.17,43.71,37.6,12.28
2019-11-18,15417.06,43.79,37.67,12.31
2019-11-19,15480.38,43.97,37.83,12.36
2019-11-20,15498.34,44.02,37.87,12.37
2019-11-21,15467.56,43.94,37.8,12.35
2019-11-22,14999.0,42.61,36.65,11.97
2019-11-25,14849.01,42.18,36.28,11.85
2019-11-26,14885.94,42.29,36.37,11.88
2019-11-27,14948.13,42.46,36.53,11.93
2019-11-28,14770.37,41.96,36.09,11.79
2019-11-29,14182.47,40.29,34.65,11.32
2019-12-02,14232.72,40.43,34.78,11.36
2019-12-03,14044.29,39.89,34.32,11.21
2019-12-04,14098.68,40.05,34.45,11.26
2019-12-05,14192.52,40.32,34.68,11.33
2019-12-06,14697.51,41.75,35.91,11.73
2019-12-09,14555.56,41.35,35.57,11.62
2019-12-10,14627.17,41.55,35.74,11.68
2019-12-11,14559.08,41.36,35.58,11.62
2019-12-12,14282.97,40.57,34.9,11.4
2019-12-13,14609.58,41.5,35.7,11.66
2019-12-16,14420.15,40.96,35.24,11.51
2019-12-17,14697.26,41.75,35.91,11.73
2019-12-18,14672.39,41.68,35.85,11.71
2019-12-19,14539.23,41.3,35.53,11.61
2019-12-20,14399.8,40.9,35.19,11.5
2019-12-23,14437.48,41.01,35.28,11.53
2019-12-24,14421.15,40.97,35.24,11.51
2019-12-25,14241.51,40.45,34.8,11.37
2019-12-26,14259.1,40.5,34.84,11.38
2019-12-27,14609.58,41.5,35.7,11.66
2019-12-30,14895.99,42.31,36.4,11.89
2019-12-31,14860.82,42.21,36.31,11.86
2020-01-02,14195.04,40.32,34.69,11.33
2020-01-03,13548.85,38.49,33.11,10.82
2020-01-06,13541.69,38.47,33.09,10.81
2020-01-07,13749.46,39.06,33.6,10.98
2020-01-08,13669.19,38.83,33.4,10.91
2020-01-09,13852.09,39.35,33.85,11.06
2020-01-10,13975.2,39.7,34.15,11.16
2020-01-13,14123.06,40.12,34.51,11.28
2020-01-14,13911.13,39.52,33.99,11.11
2020-01-15,13970.55,39.69,34.14,11.15
2020-01-16,13906.11,39.5,33.98,11.1
2020-01-17,13912.39,39.52,33.99,11.11
2020-01-20,13705.12,38.93,33.49,10.94
2020-01-21,13507.89,38.37,33.01,10.78
2020-01-22,13510.53,38.38,33.01,10.79
2020-01-23,13225.25,37.57,32.32,10.56
2020-02-03,12611.22,35.82,30.82,10.07
2020-02-04,13039.46,37.04,31.86,10.41
2020-02-05,13189.95,37.47,32.23,10.53
2020-02-06,13453.88,38.22,32.87,10.74
2020-02-07,13516.69,38.4,33.03,10.79
2020-02-10,13397.22,38.06,32.74,10.7
2020-02-11,13793.05,39.18,33.7,11.01
2020-02-12,13783.88,39.15,33.68,11.0
2020-02-13,13705.12,38.93,33.49,10.94
2020-02-14,13667.43,38.82,33.4,10.91
2020-02-17,13740.54,39.03,33.58,10.97
2020-02-18,13617.18,38.68,33.27,10.87
2020-02-19,13774.21,39.13,33.66,11.0
2020-02-20,14044.29,39.89,34.32,11.21
2020-02-21,13979.97,39.71,34.16,11.16
2020-02-24,13657.13,38.79,33.37,10.9
2020-02-25,13501.74,38.35,32.99,10.78
2020-02-26,13487.8,38.31,32.96,10.77
2020-02-27,13659.77,38.8,33.38,10.91
2020-02-28,13278.01,37.72,32.44,10.6
2020-03-02,13642.43,38.75,33.34,10.89
2020-03-03,13981.48,39.72,34.16,11.16
2020-03-04,14181.47,40.28,34.65,11.32
2020-03-05,14710.08,41.79,35.94,11.74
2020-03-06,14515.37,41.23,35.47,11.59
2020-03-09,13994.17,39.75,34.19,11.17
2020-03-10,14521.65,41.25,35.48,11.59
2020-03-11,14553.3,41.34,35.56,11.62
2020-03-12,14301.81,40.63,34.95,11.42
2020-03-13,13969.3,39.68,34.13,11.15
2020-03-16,13403.63,38.07,32.75,10.7
2020-03-17,13128.52,37.29,32.08,10.48
2020-03-18,12662.35,35.97,30.94,10.11
2020-03-19,12511.73,35.54,30.57,9.99
2020-03-20,13005.16,36.94,31.78,10.38
2020-03-23,12800.66,36.36,31.28,10.22
2020-03-24,13265.45,37.68,32.41,10.59
2020-03-25,13568.19,38.54,33.15,10.83
2020-03-26,13377.5,38.0,32.69,10.68
2020-03-27,13510.41,38.38,33.01,10.79
2020-03-30,13466.44,38.25,32.91,10.75
2020-03-31,13956.36,39.64,34.1,11.14
2020-04-01,13855.86,39.36,33.86,11.06
2020-04-02,14383.46,40.86,35.15,11.48
2020-04-03,14318.02,40.67,34.99,11.43
2020-04-07,14571.27,41.39,35.6,11.63
2020-04-08,14568.88,41.38,35.6,11.63
2020-04-09,14553.05,41.34,35.56,11.62
2020-04-10,14634.7,41.57,35.76,11.68
2020-04-13,14600.79,41.48,35.68,11.66
2020-04-14,14887.2,42.29,36.38,11.89
2020-04-15,14943.73,42.45,36.52,11.93
2020-04-16,15037.94,42.72,36.75,12.01
2020-04-17,15400.99,43.75,37.63,12.3
2020-04-20,15417.32,43.79,37.67,12.31
2020-04-21,15074.37,42.82,36.83,12.03
2020-04-22,15633.38,37.94,37.94,11.49
2020-04-23,15730.86,38.18,38.18,11.57
2020-04-24,15709.51,38.12,38.12,11.55
2020-04-27,16029.08,38.9,38.9,11.79
2020-04-28,16068.4,38.99,37.3,10.78
2020-04-29,16015.27,38.87,37.18,10.74
2020-04-30,15899.7,38.59,36.91,10.66
2020-05-06,16330.57,39.63,37.91,10.95
2020-05-07,16481.32,40.0,38.26,11.05
2020-05-08,16514.1,40.08,38.33,11.08
2020-05-11,16619.62,40.33,38.58,11.15
2020-05-12,16745.12,40.64,38.87,11.23
2020-05-13,16782.17,40.73,38.96,11.26
2020-05-14,16664.59,40.44,38.68,11.18
2020-05-15,16493.88,40.03,38.29,11.06
2020-05-18,16911.06,41.04,39.26,11.34
2020-05-19,16909.8,41.04,39.25,11.34
2020-05-20,16971.23,41.19,39.4,11.38
2020-05-21,17160.92,41.65,39.84,11.51
2020-05-22,16684.82,40.49,38.73,11.19
2020-05-25,17120.72,41.55,39.74,11.48
2020-05-26,17059.17,41.4,39.6,11.44
2020-05-27,16807.93,40.79,39.02,11.27
2020-05-28,16883.3,40.97,39.19,11.32
2020-05-29,17167.2,41.66,39.85,11.51
2020-06-01,17831.73,43.27,41.39,11.96
2020-06-02,17721.31,43.01,41.14,11.89
2020-06-03,17577.98,42.66,40.8,11.79
2020-06-04,17687.14,42.92,41.06,11.86
2020-06-05,17900.82,43.44,41.55,12.01
2020-06-08,17663.4,42.87,41.0,11.85
2020-06-09,17794.67,43.18,41.31,11.93
2020-06-10,17883.99,43.4,41.51,11.99
2020-06-11,17592.55,42.69,40.84,11.8
2020-06-12,17792.41,43.18,41.3,11.93
2020-06-15,17373.22,42.16,40.33,11.65
2020-06-16,17635.51,42.8,40.94,11.83
2020-06-17,17649.58,42.83,40.97,11.84
2020-06-18,17750.07,43.08,41.2,11.9
2020-06-19,18087.24,43.89,41.99,12.13
2020-06-22,18076.69,43.87,41.96,12.12
2020-06-23,18522.64,44.95,43.0,12.42
2020-06-24,18340.61,44.51,42.57,12.3
2020-06-29,18380.31,44.61,42.67,12.33
2020-06-30,18376.67,44.6,42.66,12.32
2020-07-01,18770.99,45.55,43.57,12.59
2020-07-02,19395.69,47.07,45.02,13.01
2020-07-03,19367.93,47.0,44.96,12.99
2020-07-06,20099.16,48.78,46.66,13.48
2020-07-07,21204.62,51.46,49.22,14.22
2020-07-08,21120.96,51.26,49.03,14.17
2020-07-09,21430.73,52.01,49.75,14.37
2020-07-10,21529.35,52.25,49.98,14.44
2020-07-13,22385.32,54.32,51.96,15.01
2020-07-14,22134.21,53.72,51.38,14.84
2020-07-15,22015.24,53.43,51.1,14.77
2020-07-16,20275.03,49.2,47.06,13.6
2020-07-17,20702.77,50.24,48.06,13.88
2020-07-20,20563.46,49.9,47.73,13.79
2020-07-21,20953.38,50.85,48.64,14.05
2020-07-22,21080.0,51.16,48.93,14.14
2020-07-23,21053.88,51.09,48.87,14.12
2020-07-24,20040.12,48.63,46.52,13.44
2020-07-27,20382.44,49.46,47.31,13.67
2020-07-28,20978.5,50.91,48.7,14.07
2020-07-29,21003.63,50.97,47.89,15.31
2020-07-30,21104.12,51.22,48.12,15.38
2020-07-31,21081.26,51.16,48.07,15.36
2020-08-03,20953.38,50.85,47.78,15.27
2020-08-04,20978.38,50.91,47.83,15.29
2020-08-05,20953.38,50.85,47.78,15.27
2020-08-06,20576.02,49.93,46.92,14.99
2020-08-07,20488.59,49.72,46.72,14.93
2020-08-10,20526.15,49.81,46.8,14.96
2020-08-11,20633.17,50.07,47.05,15.04
2020-08-12,20437.71,49.6,46.6,14.89
2020-08-13,20538.83,49.84,46.83,14.97
2020-08-14,20865.45,50.64,47.58,15.21
2020-08-17,21229.74,51.52,48.41,15.47
2020-08-18,21418.17,51.98,48.84,15.61
2020-08-19,21192.06,51.43,48.32,15.44
2020-08-20,20903.13,50.73,47.66,15.23
2020-08-21,21053.88,51.09,48.01,15.34
2020-08-24,21309.51,51.71,48.59,15.53
2020-08-25,21694.54,52.65,49.47,15.81
2020-08-26,21694.54,52.65,49.47,15.81
2020-08-27,21744.78,52.77,49.58,15.85
2020-08-28,22071.4,53.56,50.33,16.08
2020-08-31,22441.97,54.46,51.17,16.35
2020-09-01,22636.43,54.93,51.61,16.5
2020-09-02,22548.75,54.72,51.41,16.43
2020-09-03,22523.63,54.66,51.36,16.41
2020-09-04,22234.7,53.96,50.7,16.2
2020-09-07,21650.57,52.54,49.37,15.78
2020-09-08,21498.57,52.17,49.02,15.67
2020-09-09,21204.62,51.46,48.35,15.45
2020-09-10,21428.22,52.0,48.86,15.62
2020-09-11,21769.91,52.83,49.64,15.86
2020-09-14,22184.45,53.84,50.58,16.17
2020-09-15,22109.08,53.65,50.41,16.11
2020-09-16,21670.67,52.59,49.41,15.79
2020-09-17,20985.04,50.93,47.85,15.29
2020-09-18,21292.55,51.67,48.55,15.52
2020-09-21,20938.3,50.81,47.74,15.26
2020-09-22,20924.36,50.78,47.71,15.25
2020-09-23,20727.01,50.3,47.26,15.1
2020-09-24,20467.48,49.67,46.67,14.92
2020-09-25,20540.22,49.85,46.83,14.97
2020-09-28,20865.45,50.64,47.58,15.21
2020-09-29,20756.16,50.37,47.33,15.13
2020-09-30,20959.66,50.87,47.79,15.27
2020-10-09,21305.11,51.7,48.58,15.53
2020-10-12,21991.12,53.37,50.14,16.03
2020-10-13,21845.28,53.01,49.81,15.92
2020-10-14,21719.66,52.71,49.52,15.83
2020-10-15,21669.41,52.59,49.41,15.79
2020-10-16,21506.11,52.19,49.04,15.67
2020-10-19,21342.8,51.79,48.66,15.55
2020-10-20,21782.47,52.86,49.67,15.87
2020-10-21,21774.05,52.84,49.65,15.87
2020-10-22,21889.25,53.12,49.91,15.95
2020-10-23,21547.94,52.29,49.13,15.7
2020-10-26,20639.33,50.09,46.3,13.9
2020-10-27,20413.21,49.54,45.79,13.75
2020-10-28,20913.31,50.75,46.91,14.09
2020-10-29,21053.88,51.09,47.23,14.18
2020-10-30,20978.75,50.91,47.06,14.13
2020-11-02,21028.88,51.03,47.17,14.17
2020-11-03,21292.55,51.67,47.76,14.34
2020-11-04,21350.09,51.81,47.89,14.38
2020-11-05,21630.47,52.49,48.52,14.57
2020-11-06,21363.15,51.84,47.92,14.39
2020-11-09,21890.13,53.12,49.1,14.75
2020-11-10,21920.65,53.2,49.17,14.77
2020-11-11,21749.18,52.78,48.79,14.65
2020-11-12,21792.39,52.89,48.89,14.68
2020-11-13,21418.17,51.98,48.05,14.43
2020-11-16,21732.85,52.74,48.75,14.64
2020-11-17,21553.84,52.31,48.35,14.52
2020-11-18,21275.59,51.63,47.73,14.33
2020-11-19,21608.99,52.44,48.47,14.56
2020-11-20,21606.1,52.43,48.47,14.55
2020-11-23,22488.58,54.58,50.45,15.15
2020-11-24,22153.05,53.76,49.69,14.92
2020-11-25,21693.03,52.64,48.66,14.61
2020-11-26,21787.37,52.87,48.87,14.68
2020-11-27,21831.46,52.98,48.97,14.71
2020-11-30,21530.1,52.25,48.3,14.5
2020-12-01,21820.16,52.95,48.95,14.7
2020-12-02,21832.84,52.98,48.98,14.71
2020-12-03,21970.9,53.32,49.29,14.8
2020-12-04,22525.01,54.66,50.53,15.17
2020-12-07,22767.33,55.25,51.07,15.34
2020-12-08,23239.66,56.4,52.13,15.65
2020-12-09,23114.04,56.09,51.85,15.57
2020-12-10,23024.85,55.88,51.65,15.51
2020-12-11,22862.8,55.48,51.29,15.4
2020-12-14,22975.86,55.76,51.54,15.48
2020-12-15,22812.68,55.36,51.17,15.37
2020-12-16,23114.04,56.09,51.85,15.57
2020-12-17,23434.5,56.87,52.57,15.79
2020-12-18,23176.85,56.25,51.99,15.61
2020-12-21,23145.44,56.17,51.92,15.59
2020-12-22,23629.08,57.34,53.01,15.92
2020-12-23,23134.77,56.14,51.9,15.58
2020-12-24,22992.69,55.8,51.58,15.49
2020-12-25,22988.42,55.79,51.57,15.49
2020-12-28,23528.58,57.1,52.78,15.85
2020-12-29,23453.21,56.92,52.61,15.8
2020-12-30,24282.3,58.93,54.47,16.36
2020-12-31,25098.83,60.91,56.3,16.91
2021-01-04,25086.27,60.88,56.27,16.9
2021-01-05,25870.77,62.78,58.03,17.43
2021-01-06,26380.15,64.02,59.18,17.77
2021-01-07,26882.63,65.24,60.3,18.11
2021-01-08,26254.53,63.71,58.89,17.69
2021-01-11,26376.76,64.01,59.17,17.77
2021-01-12,27145.18,65.88,60.89,18.29
2021-01-13,27184.12,65.97,60.98,18.31
2021-01-14,26807.26,65.06,60.13,18.06
2021-01-15,26154.04,63.47,58.67,17.62
2021-01-18,25915.36,62.89,58.13,17.46
2021-01-19,25242.16,61.26,56.62,17.0
2021-01-20,25634.35,62.21,57.5,17.27
2021-01-21,26003.29,63.1,58.33,17.52
2021-01-22,26128.29,63.41,58.61,17.6
2021-01-25,27322.3,66.31,61.29,18.4
2021-01-26,26906.38,65.3,60.36,18.12
2021-01-27,26241.97,63.68,58.87,17.68
2021-01-28,26229.41,63.65,58.84,17.67
2021-01-29,26583.41,64.51,59.63,17.91
2021-02-01,26497.23,64.3,59.44,17.85
2021-02-02,26945.44,65.39,60.44,18.15
2021-02-03,27509.6,66.76,61.71,18.53
2021-02-04,29154.47,70.75,65.4,19.64
2021-02-05,29055.86,70.51,65.18,19.57
2021-02-08,29756.81,72.21,66.75,20.04
2021-02-09,30857.62,74.89,69.22,20.79
2021-02-10,32673.7,79.29,73.29,22.01
2021-02-18,31040.65,75.33,69.63,20.91
2021-02-19,30902.47,74.99,69.32,20.82
2021-02-22,28742.06,69.75,64.47,19.36
2021-02-23,28980.48,70.33,65.01,19.52
2021-02-24,27498.17,66.73,61.68,18.52
2021-02-25,27008.25,65.54,60.59,18.19
2021-02-26,26666.32,64.71,59.82,17.96
2021-03-01,27108.75,65.79,60.81,18.26
2021-03-02,25852.55,62.74,57.99,17.41
2021-03-03,26882.63,65.24,60.3,18.11
2021-03-04,25538.5,61.98,57.29,17.2
2021-03-05,25879.06,62.8,58.05,17.43
2021-03-08,24621.48,59.75,55.23,16.59
2021-03-09,24332.43,59.05,54.58,16.39
2021-03-10,24747.22,60.06,55.51,16.67
2021-03-11,25726.93,62.43,57.71,17.33
2021-03-12,25450.57,61.76,57.09,17.14
2021-03-15,24815.56,60.22,55.67,16.72
2021-03-16,25255.86,61.29,56.65,17.01
2021-03-17,25505.34,61.9,57.21,17.18
2021-03-18,25999.53,63.1,58.32,17.51
2021-03-19,25249.58,61.28,56.64,17.01
2021-03-22,24998.21,60.67,56.08,16.84
2021-03-23,25073.71,60.85,56.25,16.89
2021-03-24,24985.77,60.64,56.05,16.83
2021-03-25,24759.66,60.09,55.54,16.68
2021-03-26,25287.26,61.37,56.73,17.03
2021-03-29,25552.32,62.01,57.32,17.21
2021-03-30,25828.05,62.68,57.94,17.4
2021-03-31,25237.01,54.04,54.04,15.64
2021-04-01,25682.96,55.0,55.0,15.92
2021-04-02,27159.0,58.16,58.16,16.84
2021-04-06,26707.14,57.19,57.19,16.56
2021-04-07,25890.24,55.44,55.44,16.05
2021-04-08,26003.29,55.68,55.68,16.12
2021-04-09,25375.2,54.34,54.34,15.73
2021-04-12,25235.63,54.04,54.04,15.64
2021-04-13,25387.76,54.37,54.37,15.74
2021-04-14,25714.37,55.07,55.07,15.94
2021-04-15,25319.92,54.22,54.22,15.7
2021-04-16,25814.61,55.28,55.28,16.0
2021-04-19,26229.41,56.17,56.17,16.26
2021-04-20,26314.83,56.35,56.35,16.31
2021-04-21,26128.91,55.95,55.95,16.2
2021-04-22,25821.15,55.29,55.29,16.01
2021-04-23,26492.46,56.73,56.73,16.42
2021-04-26,26101.53,55.9,55.9,16.18
2021-04-27,26310.31,56.34,56.34,16.31
2021-04-28,25651.56,54.93,53.94,14.64
2021-04-29,25455.09,54.51,53.52,14.52
2021-04-30,25209.13,53.98,53.01,14.38
2021-05-06,24608.91,52.7,51.75,14.04
2021-05-07,23905.44,51.19,50.27,13.64
2021-05-10,23604.33,50.55,49.63,13.47
2021-05-11,24608.91,52.7,51.75,14.04
2021-05-12,24922.96,53.37,52.41,14.22
2021-05-13,24765.94,53.04,52.08,14.13
2021-05-14,25247.69,54.07,53.09,14.4
2021-05-17,25852.05,55.36,54.36,14.75
2021-05-18,25869.01,55.4,54.39,14.76
2021-05-19,25739.49,55.12,54.12,14.69
2021-05-20,25863.61,55.39,54.38,14.76
2021-05-21,25652.82,54.93,53.94,14.64
2021-05-24,26019.5,55.72,54.71,14.85
2021-05-25,27567.26,59.03,57.97,15.73
2021-05-26,27887.59,59.72,58.64,15.91
2021-05-27,28201.64,60.39,59.3,16.09
2021-05-28,28013.21,59.99,58.9,15.98
2021-05-31,27862.47,59.67,58.59,15.9
2021-06-01,28150.76,60.28,59.19,16.06
2021-06-02,27912.72,59.77,58.69,15.93
2021-06-03,27915.48,59.78,58.7,15.93
2021-06-04,28283.29,60.57,59.47,16.14
2021-06-07,28528.25,61.09,59.99,16.28
2021-06-08,27523.29,58.94,57.87,15.7
2021-06-09,27630.07,59.17,58.1,15.76
2021-06-10,28119.74,60.22,59.13,16.04
2021-06-11,27370.16,58.61,57.55,15.62
2021-06-15,27548.42,58.99,57.93,15.72
2021-06-16,27108.75,58.05,57.0,15.47
2021-06-17,27095.06,58.02,56.97,15.46
2021-06-18,26266.34,56.25,55.23,14.99
2021-06-21,26149.52,56.0,54.98,14.92
2021-06-22,26065.73,55.82,54.81,14.87
2021-06-23,25601.31,54.82,53.83,14.61
2021-06-24,25978.8,55.63,54.63,14.82
2021-06-25,26279.66,56.28,55.26,14.99
2021-06-28,26417.97,56.57,55.55,15.07
2021-06-29,25902.8,55.47,54.47,14.78
2021-06-30,25836.22,55.33,54.33,14.74
2021-07-01,26442.96,56.63,55.6,15.09
2021-07-02,25287.26,54.15,53.17,14.43
2021-07-05,25048.58,53.64,52.67,14.29
2021-07-06,25286.01,54.15,53.17,14.43
2021-07-07,25174.2,53.91,52.93,14.36
2021-07-08,24935.53,53.4,52.43,14.23
2021-07-09,24773.6,53.05,52.09,14.13
2021-07-12,24634.04,52.75,51.8,14.05
2021-07-13,24909.15,53.34,52.38,14.21
2021-07-14,24646.6,52.78,51.82,14.06
2021-07-15,25098.71,53.75,52.77,14.32
2021-07-16,24569.97,52.62,51.66,14.02
2021-07-19,24809.91,53.13,52.17,14.15
2021-07-20,24872.72,53.26,52.3,14.19
2021-07-21,24734.53,52.97,52.01,14.11
2021-07-22,24370.36,52.19,51.24,13.9
2021-07-23,23867.76,51.11,50.19,13.62
2021-07-26,22663.19,48.53,47.65,12.93
2021-07-27,21517.29,46.08,45.24,12.28
2021-07-28,22220.88,47.59,46.72,12.68
2021-07-29,21980.82,47.07,46.22,12.54
2021-07-30,21091.44,45.17,44.35,12.03
2021-08-02,22046.27,47.21,45.22,13.63
2021-08-03,21974.67,47.06,45.08,13.59
2021-08-04,21656.85,46.38,44.42,13.39
2021-08-05,21342.8,45.7,43.78,13.2
2021-08-06,20991.07,44.95,43.06,12.98
2021-08-09,21277.48,45.56,43.65,13.16
2021-08-10,22599.0,48.39,46.36,13.97
2021-08-11,21989.74,47.09,45.11,13.6
2021-08-12,21229.74,45.46,43.55,13.13
2021-08-13,21355.87,45.73,43.81,13.2
2021-08-16,21345.31,45.71,43.79,13.2
2021-08-17,20538.83,43.98,42.13,12.7
2021-08-18,20350.4,43.58,41.74,12.58
2021-08-19,20350.03,43.58,41.74,12.58
2021-08-20,19445.94,41.64,39.89,12.02
2021-08-23,19724.69,42.24,40.46,12.2
2021-08-24,20415.48,43.72,41.88,12.62
2021-08-25,20915.94,44.79,42.9,12.93
2021-08-26,20036.35,42.91,41.1,12.39
2021-08-27,20049.29,42.93,41.13,12.4
2021-08-30,19923.3,42.66,40.87,12.32
2021-08-31,19571.56,41.91,40.15,12.1
2021-09-01,20375.65,43.63,41.8,12.6
2021-09-02,20335.33,43.55,41.71,12.57
2021-09-03,20830.52,44.61,42.73,12.88
2021-09-06,20986.92,44.94,43.05,12.98
2021-09-07,20965.94,44.9,43.01,12.96
2021-09-08,20514.97,43.93,42.08,12.68
2021-09-09,20527.28,43.96,42.11,12.69
2021-09-10,20885.29,44.72,42.84,12.91
2021-09-13,20777.51,44.49,42.62,12.85
2021-09-14,20815.2,44.57,42.7,12.87
2021-09-15,20296.89,43.46,41.63,12.55
2021-09-16,20577.4,44.07,42.21,12.72
2021-09-17,21179.49,45.35,43.45,13.1
2021-09-22,20572.63,44.06,42.2,12.72
2021-09-23,20538.83,43.98,42.13,12.7
2021-09-24,21279.99,45.57,43.65,13.16
2021-09-27,23302.47,49.9,47.8,14.41
2021-09-28,22888.68,49.02,46.95,14.15
2021-09-29,22862.8,48.96,46.9,14.14
2021-09-30,22988.42,49.23,47.16,14.21
2021-10-08,23109.01,49.49,47.4,14.29
2021-10-11,23454.72,50.23,48.11,14.5
2021-10-12,23503.34,50.33,48.21,14.53
2021-10-13,24243.36,51.92,49.73,14.99
2021-10-14,24005.94,51.41,49.24,14.84
2021-10-15,24080.93,51.57,49.4,14.89
2021-10-18,22611.56,48.42,46.38,13.98
2021-10-19,22764.57,48.75,46.7,14.07
2021-10-20,23126.6,49.52,47.44,14.3
2021-10-21,23164.29,49.61,47.52,14.32
2021-10-22,23880.32,51.14,48.99,14.76
2021-10-25,23528.96,50.39,46.93,13.5
2021-10-26,23378.47,50.06,46.63,13.41
2021-10-27,22850.24,48.93,45.58,13.11
2021-10-28,22931.77,49.11,45.74,13.15
2021-10-29,22939.18,49.12,45.75,13.16
2021-11-01,22649.25,48.5,45.18,12.99
2021-11-02,22669.85,48.55,45.22,13.0
2021-11-03,22171.89,47.48,44.22,12.72
2021-11-04,22664.32,48.53,45.21,13.0
2021-11-05,22862.05,48.96,45.6,13.11
2021-11-08,22864.06,48.96,45.6,13.11
2021-11-09,22486.07,48.15,44.85,12.9
2021-11-10,22033.58,47.18,43.95,12.64
2021-11-11,22229.68,47.6,44.34,12.75
2021-11-12,22282.19,47.72,44.44,12.78
2021-11-15,22123.4,47.38,44.13,12.69
2021-11-16,22712.06,48.64,45.3,13.03
2021-11-17,22548.75,48.29,44.97,12.93
2021-11-18,22511.06,48.21,44.9,12.91
2021-11-19,22968.45,49.19,45.81,13.17
2021-11-22,23293.3,49.88,46.46,13.36
2021-11-23,23822.91,51.02,47.52,13.66
2021-11-24,24382.8,52.21,48.63,13.99
2021-11-25,24571.61,52.62,49.01,14.09
2021-11-26,24382.92,52.21,48.63,13.99
2021-11-29,24935.53,53.4,49.74,14.3
2021-11-30,24254.29,51.94,48.38,13.91
2021-12-01,24282.18,52.0,48.43,13.93
2021-12-02,24294.87,52.03,48.46,13.93
2021-12-03,24770.71,53.05,49.41,14.21
2021-12-06,24713.18,52.92,49.29,14.17
2021-12-07,24569.6,52.61,49.01,14.09
2021-12-08,25664.12,54.96,51.19,14.72
2021-12-09,26211.2,56.13,52.28,15.03
2021-12-10,26254.53,56.22,52.37,15.06
2021-12-13,26608.78,56.98,53.07,15.26
2021-12-14,27008.25,57.84,53.87,15.49
2021-12-15,26819.82,57.43,53.49,15.38
2021-12-16,26618.71,57.0,53.09,15.27
2021-12-17,25760.85,55.17,51.38,14.78
2021-12-20,25864.61,55.39,51.59,14.84
2021-12-21,25603.82,54.83,51.07,14.69
2021-12-22,25726.93,55.09,51.31,14.76
2021-12-23,26631.39,57.03,53.12,15.27
2021-12-24,27562.11,59.02,54.97,15.81
2021-12-27,26779.88,57.35,53.41,15.36
2021-12-28,26859.77,57.52,53.57,15.41
2021-12-29,25639.0,54.9,51.14,14.71
2021-12-30,26066.1,55.82,51.99,14.95
2021-12-31,25752.05,55.15,51.36,14.77
2022-01-04,25767.51,55.18,51.39,14.78
2022-01-05,25425.44,54.45,50.71,14.58
2022-01-06,24900.6,53.32,49.67,14.28
2022-01-07,24395.36,52.24,48.66,13.99
2022-01-10,24696.85,52.89,49.26,14.17
2022-01-11,24377.15,52.2,48.62,13.98
2022-01-12,24709.41,52.91,49.28,14.17
2022-01-13,23583.73,50.5,47.04,13.53
2022-01-14,23453.21,50.22,46.78,13.45
2022-01-17,23385.5,50.08,46.64,13.41
2022-01-18,23770.65,50.9,47.41,13.63
2022-01-19,24018.5,51.43,47.91,13.78
2022-01-20,24741.07,52.98,49.35,14.19
2022-01-21,24935.4,53.4,49.74,14.3
2022-01-24,24498.37,52.46,48.86,14.05
2022-01-25,24407.92,52.27,48.68,14.0
2022-01-26,24558.67,52.59,48.98,14.09
2022-01-27,24684.29,52.86,49.23,14.16
2022-01-28,23704.45,50.76,47.28,13.6
2022-02-07,23465.27,50.25,46.8,13.46
2022-02-08,23101.48,49.47,46.08,13.25
2022-02-09,23817.26,51.0,47.51,13.66
2022-02-10,23528.58,50.39,46.93,13.5
2022-02-11,23239.28,49.77,46.35,13.33
2022-02-14,23474.19,50.27,46.82,13.46
2022-02-15,23749.93,50.86,47.37,13.62
2022-02-16,23774.17,50.91,47.42,13.64
2022-02-17,23704.33,50.76,47.28,13.6
2022-02-18,23955.69,51.3,47.78,13.74
2022-02-21,23578.71,50.49,47.03,13.52
2022-02-22,22710.42,48.63,45.3,13.03
2022-02-23,22950.86,49.15,45.78,13.16
2022-02-24,22160.71,47.46,44.2,12.71
2022-02-25,22599.75,48.4,45.08,12.96
2022-02-28,22490.97,48.16,44.86,12.9
2022-03-01,23346.18,49.99,46.57,13.39
2022-03-02,23175.34,49.63,46.22,13.29
2022-03-03,22611.56,48.42,45.1,12.97
2022-03-04,22366.6,47.9,44.61,12.83
2022-03-07,21443.3,45.92,42.77,12.3
2022-03-08,22023.66,47.16,43.93,12.63
2022-03-09,22350.02,47.86,44.58,12.82
2022-03-10,22541.59,48.27,44.96,12.93
2022-03-11,22222.26,47.59,44.32,12.75
2022-03-14,21355.36,45.73,42.59,12.25
2022-03-15,20136.85,43.12,40.16,11.55
2022-03-16,21040.69,45.06,41.97,12.07
2022-03-17,21608.49,46.27,43.1,12.39
2022-03-18,21453.22,45.94,42.79,12.3
2022-03-21,21409.38,45.85,42.7,12.28
2022-03-22,21292.55,45.6,42.47,12.21
2022-03-23,22010.97,47.14,43.9,12.62
2022-03-24,21618.28,46.29,43.12,12.4
2022-03-25,21229.74,45.46,42.34,12.18
2022-03-28,20862.93,44.68,41.61,11.97
2022-03-29,20940.82,44.84,39.92,12.01
2022-03-30,21733.48,46.54,41.43,12.47
2022-03-31,21594.04,41.16,41.16,11.39
2022-04-01,22360.45,42.62,42.62,11.8
2022-04-06,22171.89,42.26,42.26,11.7
2022-04-07,22171.89,42.26,42.26,11.7
2022-04-08,22410.57,42.72,42.72,11.82
2022-04-11,21606.6,41.19,41.19,11.4
2022-04-12,22385.44,42.67,42.67,11.81
2022-04-13,22222.14,42.36,42.36,11.72
2022-04-14,22724.62,43.32,43.32,11.99
2022-04-15,22686.81,43.25,43.25,11.97
2022-04-18,22496.24,42.88,42.88,11.87
2022-04-19,22489.71,42.87,42.87,11.87
2022-04-20,22573.87,43.03,43.03,11.91
2022-04-21,22360.07,42.62,42.62,11.8
2022-04-22,22272.39,42.46,42.46,11.75
2022-04-25,21455.86,40.9,40.9,11.32
2022-04-26,21763.38,41.49,41.49,11.48
2022-04-27,22547.75,42.98,40.44,10.9
2022-04-28,23051.23,43.94,41.35,11.15
2022-04-29,22968.07,43.78,41.2,11.11
2022-05-05,23076.35,43.99,41.39,11.16
2022-05-06,22523.63,42.93,40.4,10.89
2022-05-09,22008.59,41.95,39.48,10.64
2022-05-10,22186.84,42.29,39.8,10.73
2022-05-11,22209.58,42.34,39.84,10.74
2022-05-12,22142.62,42.21,39.72,10.71
2022-05-13,22338.21,42.58,40.07,10.8
2022-05-16,22083.96,42.1,39.61,10.68
2022-05-17,22209.58,42.34,39.84,10.74
2022-05-18,22121.64,42.17,39.68,10.7
2022-05-19,22058.83,42.05,39.57,10.67
2022-05-20,22611.69,43.1,40.56,10.94
2022-05-23,22372.88,42.65,40.13,10.82
2022-05-24,22109.08,42.14,39.66,10.69
2022-05-25,22052.68,42.04,39.56,10.66
2022-05-26,21893.02,41.73,39.27,10.59
2022-05-27,22048.28,42.03,39.55,10.66
2022-05-30,22340.35,42.59,40.07,10.8
2022-05-31,22662.19,43.2,40.65,10.96
2022-06-01,22463.96,42.82,40.29,10.86
2022-06-02,22435.69,42.77,40.24,10.85
2022-06-06,22460.82,42.81,40.29,10.86
2022-06-07,22836.42,43.53,40.96,11.04
2022-06-08,23435.63,44.67,42.04,11.33
2022-06-09,23277.35,44.37,41.75,11.26
2022-06-10,23875.3,45.51,42.83,11.55
2022-06-13,23315.03,44.44,41.82,11.28
2022-06-14,23503.46,44.8,42.16,11.37
2022-06-15,23554.96,44.9,42.25,11.39
2022-06-16,23578.83,44.95,42.29,11.4
2022-06-17,24508.42,46.72,43.96,11.85
2022-06-20,24395.61,46.5,43.76,11.8
2022-06-21,24442.34,46.59,43.84,11.82
2022-06-22,24319.99,46.36,43.62,11.76
2022-06-23,24585.05,46.86,44.1,11.89
2022-06-24,25237.14,48.11,45.27,12.2
2022-06-27,25256.48,48.14,45.3,12.21
2022-06-28,25576.19,48.75,45.88,12.37
2022-06-29,25500.82,48.61,45.74,12.33
2022-06-30,25689.25,48.97,46.08,12.42
2022-07-01,25488.88,48.59,45.72,12.33
2022-07-04,25350.07,48.32,45.47,12.26
2022-07-05,25538.63,48.68,45.81,12.35
2022-07-06,25149.08,47.94,45.11,12.16
2022-07-07,24998.34,47.65,44.84,12.09
2022-07-08,25111.39,47.87,45.04,12.14
2022-07-11,24666.7,47.02,44.24,11.93
2022-07-12,24475.88,46.66,43.9,11.84
2022-07-13,24607.53,46.91,44.14,11.9
2022-07-14,24533.54,46.77,44.01,11.86
2022-07-15,24489.58,46.68,43.93,11.84
2022-07-18,24516.71,46.73,43.98,11.86
2022-07-19,24409.18,46.53,43.78,11.8
2022-07-20,24497.11,46.7,43.94,11.85
2022-07-21,24357.68,46.43,43.69,11.78
2022-07-22,24458.17,46.62,43.87,11.83
2022-07-25,24428.65,46.57,43.82,11.81
2022-07-26,24498.5,46.7,43.94,11.85
2022-07-27,24113.97,45.97,43.25,11.66
2022-07-28,23842.63,45.45,42.77,11.53
2022-07-29,23848.16,45.46,42.78,11.53
2022-08-01,23745.91,45.26,42.59,11.48
2022-08-02,23616.27,45.02,42.36,11.42
2022-08-03,23679.33,45.14,41.11,12.33
2022-08-04,24068.88,45.88,41.79,12.53
2022-08-05,24168.74,46.07,41.96,12.58
2022-08-08,24012.6,45.77,41.69,12.5
2022-08-09,23993.38,45.74,41.66,12.49
2022-08-10,23566.27,44.92,40.91,12.27
2022-08-11,23954.44,45.66,41.59,12.47
2022-08-12,24219.49,46.17,42.05,12.61
2022-08-15,24117.62,45.97,41.87,12.55
2022-08-16,24091.86,45.92,41.83,12.54
2022-08-17,24093.87,45.93,41.83,12.54
2022-08-18,23811.23,45.39,41.34,12.39
2022-08-19,23805.07,45.38,41.33,12.39
2022-08-22,23792.14,45.35,41.31,12.39
2022-08-23,23491.02,44.78,40.78,12.23
2022-08-24,23292.42,44.4,40.44,12.12
2022-08-25,23679.33,45.14,41.11,12.33
2022-08-26,23842.63,45.45,41.39,12.41
2022-08-29,23601.7,44.99,40.98,12.29
2022-08-30,23490.9,44.78,40.78,12.23
2022-08-31,24169.25,46.07,41.96,12.58
2022-09-01,23627.7,45.04,41.02,12.3
2022-09-02,23553.71,44.9,40.89,12.26
2022-09-05,23051.23,43.94,40.02,12.0
2022-09-06,23176.85,44.18,40.24,12.06
2022-09-07,22837.8,43.53,39.65,11.89
2022-09-08,22799.99,43.46,39.58,11.87
2022-09-09,23174.21,44.17,40.23,12.06
2022-09-13,23603.96,44.99,40.98,12.29
2022-09-14,23478.34,44.75,40.76,12.22
2022-09-15,23616.52,45.02,41.0,12.29
2022-09-16,23352.72,44.52,40.54,12.16
2022-09-19,23511.5,44.82,40.82,12.24
2022-09-20,23591.39,44.97,40.96,12.28
2022-09-21,23214.54,44.25,40.3,12.08
2022-09-22,22872.98,43.6,39.71,11.91
2022-09-23,23044.07,43.93,40.01,12.0
2022-09-26,23402.97,44.61,40.63,12.18
2022-09-27,23717.01,45.21,41.18,12.35
2022-09-28,23654.2,45.09,41.07,12.31
2022-09-29,23620.92,45.03,41.01,12.3
2022-09-30,23522.3,44.84,40.84,12.24
2022-10-10,22435.69,42.77,38.95,11.68
2022-10-11,22360.2,42.62,38.82,11.64
2022-10-12,22109.08,42.14,38.38,11.51
2022-10-13,21355.24,40.71,37.08,11.12
2022-10-14,21827.82,41.61,37.9,11.36
2022-10-17,21587.76,41.15,36.22,10.44
2022-10-18,21428.6,40.85,35.96,10.37
2022-10-19,20702.14,39.46,34.74,10.02
2022-10-20,20645.61,39.35,34.64,9.99
2022-10-21,20400.65,38.89,34.23,9.87
2022-10-24,18859.05,35.95,31.65,9.12
2022-10-25,18588.59,35.43,31.19,8.99
2022-10-26,18391.74,35.06,30.86,8.9
2022-10-27,17599.33,33.55,29.53,8.51
2022-10-28,17084.29,32.57,28.67,8.26
2022-10-31,16958.67,32.33,28.46,8.2
2022-11-01,18365.74,35.01,30.82,8.88
2022-11-02,18490.73,35.25,31.03,8.95
2022-11-03,18082.97,34.47,30.34,8.75
2022-11-04,19051.12,36.32,31.97,9.22
2022-11-07,18932.28,36.09,31.77,9.16
2022-11-08,18653.03,35.56,31.3,9.02
2022-11-09,18339.23,34.96,30.77,8.87
2022-11-10,18528.92,35.32,31.09,8.96
2022-11-11,19196.59,36.59,32.21,9.29
2022-11-14,19257.51,36.71,32.31,9.32
2022-11-15,19948.42,38.03,33.47,9.65
2022-11-16,19913.88,37.96,33.42,9.63
2022-11-17,19684.62,37.52,33.03,9.52
2022-11-18,19686.25,37.53,33.03,9.52
2022-11-21,19093.96,36.4,32.04,9.24
2022-11-22,19344.82,36.88,32.46,9.36
2022-11-23,19458.5,37.09,32.65,9.41
2022-11-24,19094.08,36.4,32.04,9.24
2022-11-25,19119.46,36.45,32.08,9.25
2022-11-28,18967.08,36.16,31.83,9.18
2022-11-29,20086.6,38.29,33.71,9.72
2022-11-30,20086.6,38.29,33.71,9.72
2022-12-01,20486.07,39.05,34.38,9.91
2022-12-02,20524.76,39.12,34.44,9.93
2022-12-05,20914.44,39.87,35.09,10.12
2022-12-06,21204.62,40.42,35.58,10.26
2022-12-07,21154.37,40.32,35.5,10.23
2022-12-08,21192.31,40.4,35.56,10.25
2022-12-09,21732.22,41.43,36.47,10.51
2022-12-12,21845.53,41.64,36.66,10.57
2022-12-13,21983.46,41.91,36.89,10.63
2022-12-14,22245.63,42.4,37.33,10.76
2022-12-15,22448.13,42.79,37.67,10.86
2022-12-16,22446.62,42.79,37.67,10.86
2022-12-19,22272.39,42.46,37.37,10.77
2022-12-20,21543.79,41.07,36.15,10.42
2022-12-21,21845.28,41.64,36.66,10.57
2022-12-22,22209.58,42.34,37.27,10.74
2022-12-23,22247.26,42.41,37.33,10.76
2022-12-26,21883.72,41.71,36.72,10.59
2022-12-27,21769.91,41.5,36.53,10.53
2022-12-28,21769.91,41.5,36.53,10.53
2022-12-29,21594.04,41.16,36.24,10.45
2022-12-30,21694.54,41.35,36.4,10.5
2023-01-03,21732.35,41.43,36.47,10.51
2023-01-04,21669.54,41.31,36.36,10.48
2023-01-05,22624.12,43.13,37.96,10.94
2023-01-06,22658.92,43.19,38.02,10.96
2023-01-09,23129.11,44.09,38.81,11.19
2023-01-10,23295.56,44.41,39.09,11.27
2023-01-11,23176.22,44.18,38.89,11.21
2023-01-12,23038.67,43.92,38.66,11.15
2023-01-13,23704.45,45.19,39.78,11.47
2023-01-16,24029.81,45.81,40.32,11.62
2023-01-17,23968.25,45.69,40.22,11.6
2023-01-18,23779.82,45.33,39.9,11.5
2023-01-19,23619.16,45.02,39.63,11.43
2023-01-20,23365.4,44.54,39.21,11.3
2023-01-30,23717.01,45.21,39.8,11.47
2023-01-31,23186.4,44.2,38.91,11.22
2023-02-01,23176.47,44.18,38.89,11.21
2023-02-02,23065.17,43.97,38.7,11.16
2023-02-03,22837.68,43.53,38.32,11.05
2023-02-06,22548.75,42.98,37.84,10.91
2023-02-07,22573.87,43.03,37.88,10.92
2023-02-08,22410.57,42.72,37.61,10.84
2023-02-09,22837.68,43.53,38.32,11.05
2023-02-10,22737.18,43.34,38.15,11.0
2023-02-13,23319.43,44.45,39.13,11.28
2023-02-14,23161.65,44.15,38.87,11.21
2023-02-15,23126.6,44.08,38.81,11.19
2023-02-16,23388.14,44.58,39.25,11.31
2023-02-17,22872.6,43.6,38.38,11.07
2023-02-20,23553.71,44.9,39.52,11.39
2023-02-21,23453.21,44.71,39.36,11.35
2023-02-22,23063.79,43.96,38.7,11.16
2023-02-23,22837.68,43.53,38.32,11.05
2023-02-24,22460.82,42.81,37.69,10.87
2023-02-27,22742.33,43.35,38.16,11.0
2023-02-28,22784.16,43.43,38.23,11.02
2023-03-01,23095.57,44.02,38.76,11.17
2023-03-02,22963.3,43.77,38.53,11.11
2023-03-03,22838.18,43.53,38.32,11.05
2023-03-06,22701.25,43.27,38.09,10.98
2023-03-07,22464.59,42.82,37.7,10.87
2023-03-08,22239.98,42.39,37.32,10.76
2023-03-09,22234.95,42.38,37.31,10.76
2023-03-10,21983.46,41.91,36.89,10.63
2023-03-13,22134.21,42.19,37.14,10.71
2023-03-14,22184.45,42.29,37.23,10.73
2023-03-15,21995.02,41.93,36.91,10.64
2023-03-16,22008.46,41.95,36.93,10.65
2023-03-17,21882.97,41.71,36.72,10.59
2023-03-20,21727.2,41.42,36.46,10.51
2023-03-21,22297.51,42.5,37.42,10.79
2023-03-22,22276.78,42.46,37.38,10.78
2023-03-23,22295.75,42.5,37.41,10.79
2023-03-24,22342.99,42.59,37.49,10.81
2023-03-27,22206.94,42.33,37.26,10.74
2023-03-28,22382.93,42.67,37.56,10.83
2023-03-29,22485.94,42.86,37.73,10.88
2023-03-30,22611.56,43.1,37.94,10.94
2023-03-31,22862.8,36.45,36.45,11.58
2023-04-03,22637.56,36.1,36.1,11.46
2023-04-04,22794.84,36.35,36.35,11.54
2023-04-06,22573.37,35.99,35.99,11.43
2023-04-07,22498.38,35.87,35.87,11.39
2023-04-10,22256.06,35.49,35.49,11.27
2023-04-11,21926.93,34.96,34.96,11.1
2023-04-12,21281.25,33.93,33.93,10.78
2023-04-13,21644.29,34.51,34.51,10.96
2023-04-14,21523.94,34.32,34.32,10.9
2023-04-17,22021.15,35.11,35.11,11.15
2023-04-18,22083.96,35.21,35.21,11.18
2023-04-19,22096.52,35.23,35.23,11.19
2023-04-20,21881.46,34.89,34.89,11.08
2023-04-21,21675.32,34.56,34.56,10.97
2023-04-24,21418.17,34.15,34.15,10.84
2023-04-25,21737.0,34.66,34.66,11.01
2023-04-26,21906.96,34.93,33.06,10.04
2023-04-27,22082.95,35.21,33.32,10.12
2023-04-28,22115.61,35.26,33.37,10.13
2023-05-04,21982.21,35.05,33.17,10.07
2023-05-05,21983.46,35.05,33.17,10.07
2023-05-08,21613.13,34.46,32.62,9.9
2023-05-09,21631.73,34.49,32.64,9.91
2023-05-10,21669.41,34.55,32.7,9.93
2023-05-11,21569.8,34.39,32.55,9.88
2023-05-12,21435.76,34.18,32.35,9.82
2023-05-15,21560.12,34.38,32.54,9.88
2023-05-16,21396.69,34.12,32.29,9.8
2023-05-17,21367.92,34.07,32.25,9.79
2023-05-18,21242.3,33.87,32.06,9.73
2023-05-19,21349.08,34.04,32.22,9.78
2023-05-22,21933.21,34.97,33.1,10.05
2023-05-23,21663.76,34.54,32.69,9.93
2023-05-24,21492.29,34.27,32.43,9.85
2023-05-25,21367.92,34.07,32.25,9.79
2023-05-26,21236.78,33.86,32.05,9.73
2023-05-29,21217.18,33.83,32.02,9.72
2023-05-30,20957.02,33.42,31.63,9.6
2023-05-31,20462.21,32.63,30.88,9.37
2023-06-01,20550.39,32.77,31.01,9.41
2023-06-02,20986.04,33.46,31.67,9.61
2023-06-05,20915.69,33.35,31.56,9.58
2023-06-06,20940.69,33.39,31.6,9.59
2023-06-07,20738.57,33.07,31.3,9.5
2023-06-08,20953.38,33.41,31.62,9.6
2023-06-09,20928.26,33.37,31.58,9.59
2023-06-12,21305.11,33.97,32.15,9.76
2023-06-13,21342.8,34.03,32.21,9.78
2023-06-14,21693.03,34.59,32.74,9.94
2023-06-15,22046.27,35.15,33.27,10.1
2023-06-16,22582.54,36.01,34.08,10.35
2023-06-19,21908.09,34.93,33.06,10.04
2023-06-20,21901.31,34.92,33.05,10.03
2023-06-21,21805.46,34.77,32.91,9.99
2023-06-26,21468.42,34.23,32.4,9.84
2023-06-27,21494.17,34.27,32.44,9.85
2023-06-28,21711.87,34.62,32.76,9.95
2023-06-29,21527.59,34.33,32.49,9.86
2023-06-30,21242.3,33.87,32.06,9.73
2023-07-03,21658.11,34.53,32.68,9.92
2023-07-04,21739.76,34.66,32.81,9.96
2023-07-05,21548.57,34.36,32.52,9.87
2023-07-06,21392.8,34.11,32.28,9.8
2023-07-07,21230.12,33.85,32.04,9.73
2023-07-10,21366.67,34.07,32.24,9.79
2023-07-11,21480.98,34.25,32.42,9.84
2023-07-12,21528.72,34.33,32.49,9.86
2023-07-13,21837.74,34.82,32.95,10.0
2023-07-14,22021.15,35.11,33.23,10.09
2023-07-17,21731.85,34.65,32.79,9.96
2023-07-18,21641.78,34.51,32.66,9.91
2023-07-19,21644.29,34.51,32.66,9.92
2023-07-20,21656.85,34.53,32.68,9.92
2023-07-21,22251.03,35.48,33.58,10.19
2023-07-24,22249.15,35.48,33.58,10.19
2023-07-25,22970.2,36.63,34.66,10.52
2023-07-26,22970.2,36.63,34.66,10.52
2023-07-27,23089.29,36.82,34.84,10.58
2023-07-28,23830.07,38.0,35.96,10.92
2023-07-31,23623.8,37.67,35.65,10.82
2023-08-01,23729.58,37.84,35.81,10.87
2023-08-02,23616.52,37.66,35.64,10.82
2023-08-03,23597.3,37.63,34.25,11.74
2023-08-04,23785.73,37.93,34.52,11.84
2023-08-07,23716.14,37.81,34.42,11.8
2023-08-08,23742.14,37.86,34.46,11.82
2023-08-09,23745.66,37.86,34.46,11.82
2023-08-10,23553.71,37.56,34.18,11.72
2023-08-11,23038.67,36.73,33.44,11.47
2023-08-14,22649.25,36.11,32.87,11.27
2023-08-15,22774.61,36.31,33.05,11.34
2023-08-16,22862.8,36.45,33.18,11.38
2023-08-17,22963.92,36.62,33.33,11.43
2023-08-18,22644.1,36.11,32.86,11.27
2023-08-21,22498.5,35.87,32.65,11.2
2023-08-22,22460.82,35.81,32.6,11.18
2023-08-23,22284.95,35.53,32.34,11.09
2023-08-24,22816.32,36.38,33.11,11.36
2023-08-25,22925.36,36.55,33.27,11.41
2023-08-28,23050.85,36.75,33.45,11.47
2023-08-29,23256.37,37.08,33.75,11.58
2023-08-30,23315.03,37.18,33.84,11.6
2023-08-31,23201.97,36.99,33.67,11.55
2023-09-01,23252.85,37.08,33.75,11.57
2023-09-04,23440.65,37.38,34.02,11.67
2023-09-05,23348.95,37.23,33.89,11.62
2023-09-06,23377.84,37.28,33.93,11.64
2023-09-07,23088.92,36.81,33.51,11.49
2023-09-08,22843.96,36.42,33.15,11.37
2023-09-11,22890.06,36.5,33.22,11.39
2023-09-12,22862.3,36.45,33.18,11.38
2023-09-13,22861.67,36.45,33.18,11.38
2023-09-14,22846.34,36.43,33.16,11.37
2023-09-15,22385.32,35.69,32.49,11.14
2023-09-18,22978.37,36.64,33.35,11.44
2023-09-19,22949.98,36.59,33.31,11.42
2023-09-20,22913.05,36.53,33.25,11.4
2023-09-21,22591.34,36.02,32.79,11.24
2023-09-22,23227.1,37.04,33.71,11.56
2023-09-25,23018.32,36.7,33.41,11.46
2023-09-26,22812.55,36.37,33.11,11.35
2023-09-27,22787.43,36.33,33.07,11.34
2023-09-28,22593.35,36.02,32.79,11.25
2023-10-09,22322.63,35.59,32.4,11.11
2023-10-10,22234.7,35.45,32.27,11.07
2023-10-11,22341.48,35.62,32.42,11.12
2023-10-12,22435.69,35.77,32.56,11.17
2023-10-13,21996.02,35.07,31.92,10.95
2023-10-16,21730.97,34.65,31.54,10.82
2023-10-17,21681.97,34.57,31.47,10.79
2023-10-18,21707.1,34.61,31.5,10.8
2023-10-19,20476.02,32.65,29.72,10.19
2023-10-20,20664.45,32.95,29.99,10.29
2023-10-23,20651.64,32.93,29.01,9.48
2023-10-24,20638.7,32.91,28.99,9.48
2023-10-25,21072.72,33.6,29.6,9.67
2023-10-26,21006.52,33.49,29.51,9.64
2023-10-27,21062.79,33.58,29.59,9.67
2023-10-30,21116.69,33.67,29.66,9.7
2023-10-31,21161.66,33.74,29.72,9.72
2023-11-01,22372.76,35.67,31.43,10.27
2023-11-02,22354.04,35.64,31.4,10.26
2023-11-03,22752.76,36.28,31.96,10.45
2023-11-06,22762.3,36.29,31.97,10.45
2023-11-07,22500.64,35.88,31.61,10.33
2023-11-08,22590.71,36.02,31.73,10.37
2023-11-09,22537.57,35.94,31.66,10.35
2023-11-10,22308.06,35.57,31.33,10.24
2023-11-13,22159.33,35.33,31.13,10.17
2023-11-14,22175.28,35.36,31.15,10.18
2023-11-15,22271.51,35.51,31.28,10.23
2023-11-16,22109.71,35.25,31.06,10.15
2023-11-17,22026.42,35.12,30.94,10.11
2023-11-20,22140.49,35.3,31.1,10.17
2023-11-21,22485.94,35.85,31.58,10.32
2023-11-22,22379.29,35.68,31.43,10.27
2023-11-23,22435.69,35.77,31.51,10.3
2023-11-24,22322.63,35.59,31.36,10.25
2023-11-27,22146.77,35.31,31.11,10.17
2023-11-28,22222.64,35.43,31.21,10.2
2023-11-29,22293.87,35.55,31.31,10.24
2023-11-30,22504.78,35.88,31.61,10.33
2023-12-01,22112.6,35.26,31.06,10.15
2023-12-04,21992.38,35.07,30.89,10.1
2023-12-05,21468.42,34.23,30.16,9.86
2023-12-06,21393.05,34.11,30.05,9.82
2023-12-07,21355.36,34.05,30.0,9.8
2023-12-08,21417.17,34.15,30.08,9.83
2023-12-11,21330.24,34.01,29.96,9.79
2023-12-12,21480.86,34.25,30.17,9.86
2023-12-13,20852.88,33.25,29.29,9.57
2023-12-14,20550.14,32.77,28.87,9.44
2023-12-15,20664.45,32.95,29.03,9.49
2023-12-18,20878.01,33.29,29.33,9.59
2023-12-19,21041.31,33.55,29.56,9.66
2023-12-20,20724.63,33.05,29.11,9.52
2023-12-21,20978.5,33.45,29.47,9.63
2023-12-22,20986.67,33.46,29.48,9.64
2023-12-25,21003.63,33.49,29.5,9.64
2023-12-26,20978.5,33.45,29.47,9.63
2023-12-27,20941.57,33.39,29.42,9.61
2023-12-28,21669.29,34.55,30.44,9.95
2023-12-29,21681.97,34.57,30.46,9.95
2024-01-02,21167.06,33.75,29.73,9.72
2024-01-03,21279.99,33.93,29.89,9.77
2024-01-04,20965.94,33.43,29.45,9.63
2024-01-05,20895.09,33.32,29.35,9.59
2024-01-08,20651.77,32.93,29.01,9.48
2024-01-09,20614.21,32.87,28.96,9.46
2024-01-10,20620.49,32.88,28.96,9.47
2024-01-11,20684.18,32.98,29.05,9.5
2024-01-12,20640.08,32.91,28.99,9.48
2024-01-15,20601.64,32.85,28.94,9.46
2024-01-16,20594.48,32.84,28.93,9.46
2024-01-17,19810.24,31.59,27.83,9.1
2024-01-18,20235.71,32.27,28.42,9.29
2024-01-19,20538.83,32.75,28.85,9.43
2024-01-22,20626.77,32.89,28.97,9.47
2024-01-23,20337.84,32.43,28.57,9.34
2024-01-24,20425.78,32.57,28.69,9.38
2024-01-25,20576.52,32.81,28.9,9.45
2024-01-26,20567.98,32.8,28.89,9.44
2024-01-29,20727.26,33.05,29.11,9.52
2024-01-30,20262.47,32.31,28.46,9.3
2024-01-31,20160.84,32.15,28.32,9.26
2024-02-01,20225.16,32.25,28.41,9.29
2024-02-02,20048.92,31.97,28.16,9.2
2024-02-05,20476.15,32.65,28.76,9.4
2024-02-06,21053.88,33.57,29.57,9.67
2024-02-07,21493.42,34.27,30.19,9.87
2024-02-08,21430.73,34.17,30.1,9.84
2024-02-19,21297.95,33.96,29.92,9.78
2024-02-20,20978.5,33.45,29.47,9.63
2024-02-21,21577.21,34.4,30.31,9.91
2024-02-22,21586.25,34.42,30.32,9.91
2024-02-23,21532.36,34.33,30.25,9.89
2024-02-26,21292.3,33.95,29.91,9.78
2024-02-27,21223.46,33.84,29.81,9.74
2024-02-28,21123.59,33.68,29.67,9.7
2024-02-29,21292.55,33.95,29.91,9.78
2024-03-01,21167.69,33.75,29.73,9.72
2024-03-04,21057.64,33.58,29.58,9.67
2024-03-05,21293.81,33.95,29.91,9.78
2024-03-06,21111.03,33.66,29.65,9.69
2024-03-07,21149.72,33.72,29.71,9.71
2024-03-08,20996.47,33.48,29.49,9.64
2024-03-11,21286.15,33.94,29.9,9.77
2024-03-12,21920.65,34.95,30.79,10.06
2024-03-13,21700.19,34.6,30.48,9.96
2024-03-14,21564.27,34.38,30.29,9.9
2024-03-15,21575.07,34.4,30.31,9.91
2024-03-18,21459.12,34.22,30.14,9.85
2024-03-19,21456.11,34.21,30.14,9.85
2024-03-20,21475.96,34.24,30.17,9.86
2024-03-21,21468.42,34.23,30.16,9.86
2024-03-22,21372.32,34.08,30.02,9.81
2024-03-25,21217.31,33.83,29.8,9.74
2024-03-26,21472.06,34.24,30.16,9.86
2024-03-27,21367.92,34.07,30.01,9.81
2024-03-28,21375.96,34.08,30.03,9.81
2024-03-29,21391.79,34.11,30.05,9.82
2024-04-01,21623.31,34.48,30.37,9.93
2024-04-02,21531.1,34.33,30.24,9.89
2024-04-03,21545.17,28.83,28.83,9.99
2024-04-08,20936.55,28.01,28.01,9.71
2024-04-09,20880.77,27.94,27.94,9.68
2024-04-10,20701.89,27.7,27.7,9.6
2024-04-11,20702.14,27.7,27.7,9.6
2024-04-12,20526.65,27.47,27.47,9.52
2024-04-15,21015.94,28.12,28.12,9.74
2024-04-16,20978.5,28.07,28.07,9.73
2024-04-17,20940.82,28.02,28.02,9.71
2024-04-18,20988.3,28.08,28.08,9.73
2024-04-19,20685.06,27.68,27.68,9.59
2024-04-22,21042.07,28.16,28.16,9.76
2024-04-23,21258.38,28.45,28.45,9.86
2024-04-24,21274.97,28.47,28.47,9.86
2024-04-25,21267.93,28.46,28.46,9.86
2024-04-26,21473.82,28.73,28.73,9.96
2024-04-29,21405.61,28.64,27.44,8.93
2024-04-30,21418.17,28.66,27.46,8.93
2024-05-06,22111.59,29.59,28.35,9.22
2024-05-07,22234.7,29.75,28.5,9.27
2024-05-08,22158.95,29.65,28.41,9.24
2024-05-09,22058.83,29.52,28.28,9.2
2024-05-10,21845.03,29.23,28.0,9.11
2024-05-13,21430.73,28.68,27.47,8.94
2024-05-14,21380.24,28.61,27.41,8.92
2024-05-15,21355.36,28.58,27.38,8.91
2024-05-16,21411.89,28.65,27.45,8.93
2024-05-17,21543.79,28.83,27.62,8.99
2024-05-20,21468.42,28.73,27.52,8.96
2024-05-21,21418.17,28.66,27.46,8.93
2024-05-22,21326.6,28.54,27.34,8.9
2024-05-23,21254.99,28.44,27.25,8.87
2024-05-24,21067.44,28.19,27.01,8.79
2024-05-27,20980.01,28.07,26.9,8.75
2024-05-28,20911.17,27.98,26.81,8.72
2024-05-29,21028.75,28.14,26.96,8.77
2024-05-30,20714.7,27.72,26.56,8.64
2024-05-31,20707.79,27.71,26.55,8.64
2024-06-03,20593.98,27.56,26.4,8.59
2024-06-04,20767.46,27.79,26.62,8.66
2024-06-05,20651.89,27.63,26.48,8.61
2024-06-06,20599.26,27.56,26.41,8.59
2024-06-07,20340.1,27.22,26.08,8.48
2024-06-11,19709.74,26.37,25.27,8.22
2024-06-12,19743.41,26.42,25.31,8.24
2024-06-13,19534.0,26.14,25.04,8.15
2024-06-14,19533.88,26.14,25.04,8.15
2024-06-17,19364.29,25.91,24.82,8.08
2024-06-18,19113.05,25.57,24.5,7.97
2024-06-19,18855.53,25.23,24.17,7.87
2024-06-20,18844.22,25.21,24.16,7.86
2024-06-21,18478.67,24.73,23.69,7.71
2024-06-24,18548.39,24.82,23.78,7.74
2024-06-25,18675.26,24.99,23.94,7.79
2024-06-26,18707.55,25.03,23.98,7.8
2024-06-27,18723.5,25.05,24.0,7.81
2024-06-28,18433.32,24.67,23.63,7.69
2024-07-01,18094.02,24.21,23.2,7.55
2024-07-02,18726.14,25.06,24.01,7.81
2024-07-03,18842.97,25.21,24.16,7.86
2024-07-04,18663.83,24.97,23.93,7.79
2024-07-05,18252.55,24.42,23.4,7.61
2024-07-08,17838.01,23.87,22.87,7.44
2024-07-09,18064.5,24.17,23.16,7.54
2024-07-10,18058.97,24.16,23.15,7.53
2024-07-11,18366.74,24.58,23.55,7.66
2024-07-12,18576.9,24.86,23.82,7.75
2024-07-15,18527.66,24.79,23.75,7.73
2024-07-16,18541.48,24.81,23.77,7.73
2024-07-17,18860.55,25.24,24.18,7.87
2024-07-18,18811.69,25.17,24.12,7.85
2024-07-19,19164.8,25.64,24.57,7.99
2024-07-22,18830.41,25.2,24.14,7.85
2024-07-23,18277.68,24.46,23.43,7.62
2024-07-24,18089.5,24.21,23.19,7.55
2024-07-25,17969.78,24.05,23.04,7.5
2024-07-26,17865.52,23.91,22.9,7.45
2024-07-29,17561.9,23.5,22.51,7.33
2024-07-30,17335.4,23.2,22.22,7.23
2024-07-31,17854.09,23.89,22.89,7.45
2024-08-01,17412.91,23.3,22.32,7.26
2024-08-02,17403.99,23.29,22.31,7.26
2024-08-05,17712.51,23.7,22.71,7.39
2024-08-06,17645.81,23.61,22.62,7.36
2024-08-07,17781.48,23.79,22.8,7.42
2024-08-08,17972.3,24.05,23.04,7.5
2024-08-09,18049.05,24.15,22.44,8.26
2024-08-12,18040.26,24.14,22.42,8.25
2024-08-13,17875.82,23.92,22.22,8.18
2024-08-14,17753.84,23.76,22.07,8.12
2024-08-15,17924.56,23.98,22.28,8.2
2024-08-16,17978.7,24.06,22.35,8.23
2024-08-19,17906.35,23.96,22.26,8.19
2024-08-20,17872.18,23.91,22.22,8.18
2024-08-21,17807.61,23.83,22.14,8.15
2024-08-22,17713.02,23.7,22.02,8.1
2024-08-23,17775.07,23.78,22.09,8.13
2024-08-26,17737.51,23.73,22.05,8.12
2024-08-27,17637.9,23.6,21.92,8.07
2024-08-28,17448.59,23.35,21.69,7.98
2024-08-29,17753.84,23.76,22.07,8.12
2024-08-30,18129.32,24.26,22.54,8.29
2024-09-02,17523.96,23.45,21.78,8.02
2024-09-03,17712.39,23.7,22.02,8.1
2024-09-04,17586.77,23.53,21.86,8.05
2024-09-05,17648.07,23.61,21.94,8.07
2024-09-06,17561.65,23.5,21.83,8.03
2024-09-09,17272.72,23.11,21.47,7.9
2024-09-10,17310.41,23.16,21.52,7.92
2024-09-11,17335.53,23.2,21.55,7.93
2024-09-12,16770.99,22.44,20.85,7.67
2024-09-13,16382.45,21.92,20.36,7.5
2024-09-18,15914.77,21.3,19.78,7.28
2024-09-19,15840.65,21.2,19.69,7.25
2024-09-20,15877.34,21.25,19.74,7.26
2024-09-23,15847.44,21.21,19.7,7.25
2024-09-24,17242.57,23.07,21.43,7.89
2024-09-25,17574.21,23.52,21.85,8.04
2024-09-26,19207.26,25.7,23.88,8.79
2024-09-27,20465.97,27.39,25.44,9.36
2024-09-30,21958.34,29.38,27.29,10.05
2024-10-08,21644.29,28.96,26.9,9.9
2024-10-09,20038.24,26.81,24.91,9.17
2024-10-10,20601.64,27.57,25.61,9.43
2024-10-11,20161.85,26.98,25.06,9.22
2024-10-14,20124.16,26.93,25.01,9.21
2024-10-15,19524.45,26.13,24.27,8.93
2024-10-16,19125.61,25.59,23.77,8.75
2024-10-17,18775.13,25.12,23.34,8.59
2024-10-18,19358.01,25.9,24.06,8.86
2024-10-21,19204.75,25.7,23.87,8.79
2024-10-22,19383.13,25.94,24.09,8.87
2024-10-23,19690.9,26.35,24.48,9.01
2024-10-24,19498.7,26.09,24.24,8.92
2024-10-25,19582.24,26.2,24.34,8.96
2024-10-28,19659.5,26.31,23.78,8.27
2024-10-29,19240.18,25.74,23.27,8.09
2024-10-30,19244.95,25.75,23.27,8.1
2024-10-31,19192.06,25.68,23.21,8.07
2024-11-01,19266.93,25.78,23.3,8.11
2024-11-04,19448.45,26.02,23.52,8.18
2024-11-05,19810.11,26.51,23.96,8.33
2024-11-06,19734.87,26.41,23.87,8.3
2024-11-07,20716.46,27.72,25.05,8.71
2024-11-08,20224.41,27.06,24.46,8.51
2024-11-11,20074.17,26.86,24.28,8.44
2024-11-12,19812.75,26.51,23.96,8.33
2024-11-13,19829.08,26.53,23.98,8.34
2024-11-14,19770.04,26.45,23.91,8.32
2024-11-15,19584.12,26.21,23.69,8.24
2024-11-18,19584.12,26.21,23.69,8.24
2024-11-19,19369.57,25.92,23.43,8.15
2024-11-20,19405.87,25.97,23.47,8.16
2024-11-21,19409.89,25.97,23.47,8.17
2024-11-22,18941.2,25.34,22.91,7.97
2024-11-25,18825.0,25.19,22.77,7.92
2024-11-26,18956.02,25.36,22.93,7.97
2024-11-27,19082.27,25.53,23.08,8.03
2024-11-28,19069.08,25.52,23.06,8.02
2024-11-29,19166.31,25.65,23.18,8.06
2024-12-02,19157.02,25.63,23.17,8.06
2024-12-03,19178.87,25.66,23.2,8.07
2024-12-04,19094.21,25.55,23.09,8.03
2024-12-05,18981.15,25.4,22.96,7.99
2024-12-06,19106.89,25.57,23.11,8.04
2024-12-09,19079.13,25.53,23.07,8.03
2024-12-10,19428.23,26.0,23.5,8.17
2024-12-11,19290.17,25.81,23.33,8.12
2024-12-12,19669.55,26.32,23.79,8.27
2024-12-13,19081.64,25.53,23.08,8.03
2024-12-16,19184.65,25.67,23.2,8.07
2024-12-17,19571.56,26.19,23.67,8.23
2024-12-18,19741.15,26.42,23.88,8.3
2024-12-19,19483.75,26.07,23.56,8.2
2024-12-20,19119.33,25.58,23.12,8.04
2024-12-23,19175.23,25.66,23.19,8.07
2024-12-24,19330.62,25.87,23.38,8.13
2024-12-25,19219.83,25.72,23.24,8.09
2024-12-26,19192.06,25.68,23.21,8.07
2024-12-27,19206.89,25.7,23.23,8.08
2024-12-30,19157.02,25.63,23.17,8.06
2024-12-31,19144.45,25.62,23.15,8.05
2025-01-02,18692.22,25.01,22.61,7.86
2025-01-03,18528.92,24.79,22.41,7.79
2025-01-06,18089.25,24.2,21.88,7.61
2025-01-07,18091.76,24.21,21.88,7.61
2025-01-08,18120.65,24.25,21.92,7.62
2025-01-09,18139.5,24.27,21.94,7.63
2025-01-10,18039.0,24.14,21.82,7.59
2025-01-13,18139.24,24.27,21.94,7.63
2025-01-14,18497.51,24.75,22.37,7.78
2025-01-15,18482.06,24.73,22.35,7.78
2025-01-16,18169.39,24.31,21.97,7.64
2025-01-17,18274.54,24.45,22.1,7.69
2025-01-20,18526.41,24.79,22.41,7.79
2025-01-21,18442.87,24.68,22.3,7.76
2025-01-22,18101.81,24.22,21.89,7.62
2025-01-23,18126.93,24.26,21.92,7.63
2025-01-24,18039.0,24.14,21.82,7.59
2025-01-27,18026.31,24.12,21.8,7.58
2025-02-05,17634.5,23.6,21.33,7.42
2025-02-06,17748.06,23.75,21.46,7.47
2025-02-07,18039.0,24.14,21.82,7.59
2025-02-10,17982.6,24.06,21.75,7.56
2025-02-11,17812.88,23.84,21.54,7.49
2025-02-12,18126.93,24.26,21.92,7.63
2025-02-13,18404.05,24.63,22.26,7.74
2025-02-14,18528.92,24.79,22.41,7.79
2025-02-17,18486.46,24.74,22.36,7.78
2025-02-18,18528.92,24.79,22.41,7.79
2025-02-19,18729.91,25.06,22.65,7.88
2025-02-20,18516.36,24.78,22.39,7.79
2025-02-21,18694.86,25.02,22.61,7.86
2025-02-24,18580.04,24.86,22.47,7.82
2025-02-25,18265.12,24.44,22.09,7.68
2025-02-26,18340.61,24.54,22.18,7.72
2025-02-27,18661.57,24.97,22.57,7.85
2025-02-28,18852.89,25.23,22.8,7.93
2025-03-03,18679.91,25.0,22.59,7.86
2025-03-04,18467.49,24.71,22.33,7.77
2025-03-05,18420.51,24.65,22.28,7.75
2025-03-06,18918.09,25.31,22.88,7.96
2025-03-07,19106.77,25.57,23.11,8.04
2025-03-10,19130.64,25.6,23.14,8.05
2025-03-11,19454.48,26.03,23.53,8.18
2025-03-12,19377.86,25.93,23.44,8.15
2025-03-13,19317.43,25.85,23.36,8.13
2025-03-14,20451.03,27.37,24.73,8.6
2025-03-17,20574.76,27.53,24.88,8.66
2025-03-18,20400.65,27.3,24.67,8.58
2025-03-19,20547.75,27.49,24.85,8.64
2025-03-20,20149.41,26.96,24.37,8.48
2025-03-21,19769.41,26.45,23.91,8.32
2025-03-24,19885.61,26.61,24.05,8.37
2025-03-25,19791.4,26.48,23.94,8.33
2025-03-26,19797.68,26.49,23.94,8.33
2025-03-27,19960.98,26.71,24.14,8.4
2025-03-28,19913.37,26.65,24.08,8.38
2025-03-31,19609.25,26.24,23.72,8.25
2025-04-01,19546.69,26.16,23.64,8.22
2025-04-02,19458.76,26.04,23.53,8.19
2025-04-03,19708.24,22.86,22.86,8.45
2025-04-07,18842.97,21.85,21.85,8.08
2025-04-08,19408.26,22.51,22.51,8.33
2025-04-09,19358.51,22.45,22.45,8.3
2025-04-10,19458.5,22.57,22.57,8.35
2025-04-11,19709.49,22.86,22.86,8.46
2025-04-14,19496.06,22.61,22.61,8.36
2025-04-15,19571.56,22.7,22.7,8.4
2025-04-16,19586.26,22.71,22.71,8.4
2025-04-17,19722.31,22.87,22.87,8.46
2025-04-18,19671.3,22.81,22.81,8.44
2025-04-21,19483.63,22.6,22.6,8.36
2025-04-22,19455.99,22.56,22.56,8.35
2025-04-23,19496.19,22.61,22.61,8.36
2025-04-24,19499.33,22.61,22.61,8.37
2025-04-25,19471.07,22.58,22.58,8.35
2025-04-28,19471.07,22.58,22.58,8.35
2025-04-29,19395.69,22.49,22.49,8.32
2025-04-30,19433.38,22.54,21.83,7.52
2025-05-06,19473.58,22.58,21.88,7.54
2025-05-07,19533.88,22.65,21.95,7.56
2025-05-08,19825.19,22.99,22.27,7.67
2025-05-09,19988.37,23.18,22.46,7.74
2025-05-12,20155.69,23.37,22.64,7.8
2025-05-13,19977.31,23.17,22.44,7.73
2025-05-14,20538.71,23.82,23.07,7.95
2025-05-15,20501.27,23.78,23.03,7.94
2025-05-16,20276.67,23.52,22.78,7.85
2025-05-19,19835.11,23.0,22.28,7.68
2025-05-20,19923.3,23.11,22.38,7.71
2025-05-21,19860.11,23.03,22.31,7.69
2025-05-22,19847.93,23.02,22.3,7.68
2025-05-23,19754.97,22.91,22.19,7.65
2025-05-26,19477.35,22.59,21.88,7.54
2025-05-27,19394.44,22.49,21.79,7.51
2025-05-28,19307.76,22.39,21.69,7.47
2025-05-29,19345.45,22.44,21.73,7.49
2025-05-30,19119.33,22.17,21.48,7.4
2025-06-03,18956.02,21.98,21.3,7.34
2025-06-04,18968.08,22.0,21.31,7.34
2025-06-05,19018.83,22.06,21.37,7.36
2025-06-06,18923.24,21.95,21.26,7.32
2025-06-09,18668.48,21.65,20.97,7.23
2025-06-10,18529.04,21.49,20.82,7.17
2025-06-11,18591.73,21.56,20.89,7.2
2025-06-12,18327.93,21.26,20.59,7.09
2025-06-13,17925.31,20.79,20.14,6.94
2025-06-16,17866.78,20.72,20.07,6.92
2025-06-17,17925.94,20.79,20.14,6.94
2025-06-18,17900.82,20.76,20.11,6.93
2025-06-19,17913.38,20.77,20.13,6.93
2025-06-20,17946.8,20.81,20.16,6.95
2025-06-23,17838.01,20.69,20.04,6.9
2025-06-24,18054.07,20.94,20.28,6.99
2025-06-25,18037.24,20.92,20.26,6.98
2025-06-26,17838.01,20.69,20.04,6.9
2025-06-27,17625.59,20.44,19.8,6.82
2025-06-30,17706.36,20.53,19.89,6.85
2025-07-01,17650.84,20.47,19.83,6.83
2025-07-02,17707.36,20.54,19.89,6.85
2025-07-03,17782.74,20.62,19.98,6.88
2025-07-04,17865.9,20.72,20.07,6.92
2025-07-07,17721.18,20.55,19.91,6.86
2025-07-08,17789.14,20.63,19.99,6.89
2025-07-09,17823.94,20.67,20.02,6.9
2025-07-10,17919.66,20.78,20.13,6.94
2025-07-11,17925.94,20.79,20.14,6.94
2025-07-14,17883.23,20.74,20.09,6.92
2025-07-15,17724.95,20.56,19.91,6.86
2025-07-16,17725.33,20.56,19.91,6.86
2025-07-17,17792.16,20.63,19.99,6.89
2025-07-18,18051.56,20.93,20.28,6.99
2025-07-21,18126.93,21.02,20.36,7.02
2025-07-22,18403.05,21.34,20.68,7.12
2025-07-23,18535.2,21.5,20.82,7.17
2025-07-24,18736.19,21.73,21.05,7.25
2025-07-25,18277.68,21.2,20.53,7.07
2025-07-28,18072.42,20.96,20.3,7.0
2025-07-29,18076.69,20.96,20.31,7.0
2025-07-30,18207.83,21.12,20.46,7.05
2025-07-31,17858.99,20.71,20.06,6.91
2025-08-01,17800.32,20.64,20.0,6.89
2025-08-04,17825.45,20.67,20.03,6.9
2025-08-05,17935.24,20.8,20.15,6.94
2025-08-06,17886.75,20.74,20.1,6.92
2025-08-07,17867.53,20.72,20.07,6.92
2025-08-08,17850.19,20.7,20.05,6.91
2025-08-11,18152.06,21.05,20.39,7.03
2025-08-12,18052.06,20.94,20.28,6.99
2025-08-13,17838.64,20.69,19.83,7.47
2025-08-14,17925.82,20.79,19.93,7.51
2025-08-15,17864.14,20.72,19.86,7.49
2025-08-18,17944.79,20.81,19.95,7.52
2025-08-19,18064.12,20.95,20.09,7.57
2025-08-20,18214.87,21.12,20.25,7.63
2025-08-21,18192.88,21.1,20.23,7.62
2025-08-22,18390.11,21.33,20.45,7.71
2025-08-25,18721.49,21.71,20.82,7.84
2025-08-26,18611.95,21.58,20.69,7.8
2025-08-27,18189.74,21.09,20.23,7.62
2025-08-28,18165.88,21.07,20.2,7.61
2025-08-29,18591.73,21.56,20.67,7.79
2025-09-01,18484.76,21.44,20.55,7.75
2025-09-02,18675.11,21.66,20.77,7.83
2025-09-03,18540.49,21.5,20.62,7.77
2025-09-04,18441.68,21.39,20.51,7.73
2025-09-05,18571.17,21.54,20.65,7.78
2025-09-08,18799.46,21.8,20.9,7.88
2025-09-09,18846.67,21.86,20.96,7.9
2025-09-10,19059.68,22.1,21.19,7.99
2025-09-11,19078.34,22.13,21.21,7.99
2025-09-12,18984.42,22.02,21.11,7.96
2025-09-15,18973.15,22.0,21.1,7.95
2025-09-16,18783.8,21.78,20.89,7.87
2025-09-17,18696.39,21.68,20.79,7.83
2025-09-18,18382.83,21.32,20.44,7.7
2025-09-19,18382.95,21.32,20.44,7.7
2025-09-22,18199.87,21.11,20.24,7.63
2025-09-23,18125.61,21.02,20.15,7.6
2025-09-24,18057.74,20.94,20.08,7.57
2025-09-25,18020.17,20.9,20.04,7.55
2025-09-26,17970.08,20.84,19.98,7.53
2025-09-29,18293.91,21.22,20.34,7.67
2025-09-30,18082.66,20.97,20.11,7.58
2025-10-09,17992.37,20.87,20.01,7.54
2025-10-10,17907.46,20.77,19.91,7.5
2025-10-13,17772.22,20.61,19.76,7.45
2025-10-14,18170.69,21.07,20.2,7.61
2025-10-15,18308.19,21.23,20.36,7.67
2025-10-16,18595.09,21.57,20.68,7.79
2025-10-17,18220.53,21.13,20.26,7.63
2025-10-20,18257.22,21.17,20.3,7.65
2025-10-21,18311.45,21.24,20.36,7.67
2025-10-22,18266.87,21.18,20.31,7.65
2025-10-23,18383.08,21.32,20.44,7.7
2025-10-24,18157.92,21.06,20.19,7.61
2025-10-27,18037.83,20.92,20.06,7.56
2025-10-28,18095.3,20.99,20.12,7.58
2025-10-29,17931.26,20.8,19.94,7.51
2025-10-30,17866.64,20.72,19.85,6.95
2025-10-31,17907.59,20.77,19.89,6.97
2025-11-03,17970.08,20.84,19.96,6.99
2025-11-04,17894.94,20.75,19.88,6.96
2025-11-05,17783.24,20.62,19.75,6.92
2025-11-06,17971.71,20.84,19.96,6.99
2025-11-07,17949.16,20.82,19.94,6.98
2025-11-10,18311.95,21.24,20.34,7.12
2025-11-11,18270.5,21.19,20.29,7.11
2025-11-12,18347.64,21.28,20.38,7.14
2025-11-13,18413.13,21.35,20.45,7.16
2025-11-14,18240.57,21.15,20.26,7.1
2025-11-17,18420.89,21.36,20.46,7.17
2025-11-18,18483.51,21.44,20.53,7.19
2025-11-19,18421.02,21.36,20.46,7.17
2025-11-20,18372.18,21.31,20.41,7.15
2025-11-21,18365.79,21.3,20.4,7.14
2025-11-24,18182.96,21.09,20.2,7.07
2025-11-25,18090.92,20.98,20.09,7.04
2025-11-26,18147.27,21.05,20.16,7.06
2025-11-27,18124.11,21.02,20.13,7.05
2025-11-28,18164.18,21.07,20.18,7.07
2025-12-01,18132.87,21.03,20.14,7.05
2025-12-02,17982.98,20.86,19.98,7.0
2025-12-03,17896.19,20.75,19.88,6.96
2025-12-04,17832.08,20.68,19.81,6.94
2025-12-05,17907.59,20.77,19.89,6.97
2025-12-08,17759.95,20.6,19.73,6.91
2025-12-09,17544.43,20.35,19.49,6.82
2025-12-10,17566.85,20.37,19.51,6.83
2025-12-11,17681.93,20.51,19.64,6.88
2025-12-12,17790.38,20.63,19.76,6.92
2025-12-15,17857.37,20.71,19.84,6.95
2025-12-16,17807.28,20.65,19.78,6.93
2025-12-17,17946.28,20.81,19.93,6.98
2025-12-18,17919.99,20.78,19.91,6.97
2025-12-19,17657.01,20.48,19.61,6.87
2025-12-22,17635.22,20.45,19.59,6.86
2025-12-23,17630.21,20.45,19.58,6.86
2025-12-24,17543.05,20.34,19.49,6.82
2025-12-25,17709.23,20.54,19.67,6.89
2025-12-26,17708.73,20.54,19.67,6.89
2025-12-29,17556.83,20.36,19.5,6.83
2025-12-30,17403.05,20.18,19.33,6.77
2025-12-31,17246.01,20.0,19.16,6.71
2026-01-05,17857.37,20.71,19.84,6.95
2026-01-06,17882.54,20.74,19.86,6.96
2026-01-07,17824.31,20.67,19.8,6.93
2026-01-08,17685.81,20.51,19.64,6.88
2026-01-09,17770.97,20.61,19.74,6.91
2026-01-12,17822.69,20.67,19.8,6.93
2026-01-13,17669.53,20.49,19.63,6.87
2026-01-14,17506.86,20.3,19.45,6.81
2026-01-15,17392.66,20.17,19.32,6.77
2026-01-16,17306.37,20.07,19.22,6.73
2026-01-19,17231.24,19.98,19.14,6.7
2026-01-20,17200.56,19.95,19.11,6.69
2026-01-21,16918.92,19.62,18.79,6.58
2026-01-22,16781.17,19.46,18.64,6.53
2026-01-23,16742.85,19.42,18.6,6.51
2026-01-26,16805.47,19.49,18.67,6.54
2026-01-27,16818.11,19.5,18.68,6.54
2026-01-28,16576.18,19.22,18.41,6.45
2026-01-29,18004.14,20.88,20.0,7.0
2026-01-30,17544.31,20.35,19.49,6.82
2026-02-02,17869.9,20.72,19.85,6.95
2026-02-03,18469.98,21.42,20.52,7.18
2026-02-04,19097.12,22.15,21.21,7.43
2026-02-05,19472.8,22.58,21.63,7.57
2026-02-06,18972.02,22.0,21.07,7.38
2026-02-09,19096.62,22.15,21.21,7.43
2026-02-10,18844.16,21.85,20.93,7.33
2026-02-11,18838.28,21.85,20.93,7.33
2026-02-12,18616.25,21.59,20.68,7.24
2026-02-13,18599.97,21.57,20.66,7.24
2026-02-24,18368.3,21.3,20.4,7.15
2026-02-25,18679.61,21.66,20.75,7.27
2026-02-26,18360.91,21.29,20.39,7.14
2026-02-27,18220.78,21.13,20.24,7.09
2026-03-02,18034.07,20.91,20.03,7.02
2026-03-03,17859.75,20.71,19.84,6.95
2026-03-04,17546.56,20.35,19.49,6.83
2026-03-05,17519.76,20.32,19.46,6.82
2026-03-06,17556.83,20.36,19.5,6.83
2026-03-09,17494.21,20.29,19.43,6.81
2026-03-10,17555.33,20.36,19.5,6.83
2026-03-11,17531.78,20.33,19.47,6.82
2026-03-12,17431.6,20.22,19.36,6.78
2026-03-13,17702.59,20.53,19.66,6.89
2026-03-16,18285.4,21.21,20.31,7.11
2026-03-17,18596.21,21.57,20.66,7.23
2026-03-18,18393.34,21.33,20.43,7.16
2026-03-19,18193.86,21.1,20.21,7.08
2026-03-20,18095.3,20.99,20.1,7.04
2026-03-23,17632.84,20.45,19.59,6.86
2026-03-24,17623.57,20.44,19.58,6.86
2026-03-25,17660.39,20.48,19.62,6.87
2026-03-26,17546.56,20.35,19.49,6.83
2026-03-27,17732.4,20.56,19.7,6.9
2026-03-30,17782.24,20.62,19.75,6.92
2026-03-31,18157.92,21.06,20.17,7.06
2026-04-01,18276.13,21.2,20.3,7.11
2026-04-02,18281.64,21.2,20.31,7.11
2026-04-03,18283.15,21.2,20.31,7.11
2026-04-07,18032.94,20.91,20.03,7.01
2026-04-08,18346.01,21.28,20.38,7.14
2026-04-09,18289.28,21.21,20.32,7.11
2026-04-10,18207.51,21.12,20.22,7.08
2026-04-13,18074.14,20.96,20.08,7.03
2026-04-14,18119.1,21.01,20.13,7.05
2026-04-15,18377.07,21.31,20.41,7.15
2026-04-16,18318.71,21.24,20.35,7.13
2026-04-17,17622.45,21.41,21.41,7.2
2026-04-20,17668.16,21.46,21.46,7.22
2026-04-21,17682.18,21.48,21.48,7.23
2026-04-22,17650.75,21.44,21.44,7.22
2026-04-23,17769.71,21.59,21.59,7.26
2026-04-24,18264.24,22.19,22.19,7.47
2026-04-27,17571.86,21.35,21.24,6.49
2026-04-28,17594.4,21.37,21.27,6.49
2026-04-29,17546.43,21.31,21.21,6.48
2026-04-30,17341.31,21.07,20.97,6.4
2026-05-06,17218.72,20.92,20.82,6.36
2026-05-07,17169.25,20.86,20.76,6.34
2026-05-08,17193.54,20.89,20.79,6.35
2026-05-11,17047.53,20.71,20.61,6.29
2026-05-12,16962.63,20.61,20.51,6.26
2026-05-13,16831.64,20.45,20.35,6.21
2026-05-14,16807.6,20.42,20.32,6.2
2026-05-15,16692.14,20.28,20.18,6.16
2026-05-18,16567.53,20.13,20.03,6.12
2026-05-19,16583.81,20.15,20.05,6.12
2026-05-20,16467.35,20.0,19.91,6.08
2026-05-21,16417.26,19.94,19.85,6.06
2026-05-22,16156.79,19.63,19.53,5.96
2026-05-25,16102.69,19.56,19.47,5.94
2026-05-26,15946.16,19.37,19.28,5.89
2026-05-27,16317.08,19.82,19.73,6.02
2026-05-28,15950.79,19.38,19.28,5.89
2026-05-29,16576.08,20.14,20.04,6.12
2026-06-01,16371.07,19.89,19.79,6.04
2026-06-02,16341.32,19.85,19.76,6.03
2026-06-03,16024.92,19.47,19.37,5.92
2026-06-04,15851.03,19.26,19.16,5.85
2026-06-05,15911.79,19.33,19.24,5.87
2026-06-08,15788.28,19.18,19.09,5.83
2026-06-09,15701.02,19.07,18.98,5.8
2026-06-10,15949.54,19.38,19.28,5.89
2026-06-11,15988.54,19.42,19.33,5.9
2026-06-12,16149.93,19.62,19.52,5.96
2026-06-15,15889.79,19.3,19.21,5.87
2026-06-16,15696.9,19.07,18.98,5.79
2026-06-17,15501.01,18.83,18.74,5.72
2026-06-18,15188.49,18.45,18.36,5.61
2026-06-22,15518.64,18.85,18.76,5.73
2026-06-23,15281.62,18.56,18.48,5.64
2026-06-24,15096.99,18.34,18.25,5.57
2026-06-25,15152.24,18.41,18.32,5.59
2026-06-26,14608.83,17.75,17.66,5.39
2026-06-29,14937.98,18.15,18.06,5.51
2026-06-30,14819.59,18.0,17.92,5.47
2026-07-01,14913.6,18.12,18.03,5.51
2026-07-02,15038.48,18.27,18.18,5.55
2026-07-03,14931.6,18.14,18.05,5.51
2026-07-06,15087.36,18.33,18.24,5.57
2026-07-07,14860.97,18.05,17.97,5.49
2026-07-08,14992.23,18.21,18.13,5.53
2026-07-09,14778.34,17.95,17.87,5.46
2026-07-10,15063.23,18.3,18.21,5.56
2026-07-13,15138.36,18.39,18.3,5.59
2026-07-14,15186.99,18.45,18.36,5.61
2026-07-15,15639.27,19.0,18.91,5.77
2026-07-16,15738.4,19.12,19.03,5.81
2026-07-17,15663.52,19.03,18.94,5.78
