date,pe_lyr,pe_ttm,pb
2016-01-04,16.7,17.0,2.33
2016-01-05,16.91,17.22,2.36
2016-01-06,17.29,17.61,2.42
2016-01-07,16.45,16.75,2.3
2016-01-08,16.86,17.16,2.36
2016-01-11,15.66,15.94,2.19
2016-01-12,15.67,15.95,2.19
2016-01-13,15.69,15.97,2.19
2016-01-14,15.81,16.1,2.21
2016-01-15,15.35,15.63,2.15
2016-01-18,15.57,15.86,2.18
2016-01-19,16.21,16.5,2.26
2016-01-20,16.01,16.3,2.24
2016-01-21,15.64,15.92,2.19
2016-01-22,15.67,15.95,2.19
2016-01-25,15.9,16.19,2.22
2016-01-26,15.32,15.6,2.14
2016-01-27,14.93,15.2,2.09
2016-01-28,14.75,15.02,2.06
2016-01-29,15.39,15.67,2.15
2016-02-01,15.63,15.91,2.18
2016-02-02,15.74,16.03,2.2
2016-02-03,15.8,16.09,2.21
2016-02-04,15.82,16.11,2.21
2016-02-05,15.41,15.69,2.15
2016-02-15,15.14,15.41,2.12
2016-02-16,15.64,15.92,2.19
2016-02-17,15.57,15.86,2.18
2016-02-18,15.26,15.53,2.13
2016-02-19,15.16,15.43,2.12
2016-02-22,15.52,15.8,2.17
2016-02-23,15.61,15.9,2.18
2016-02-24,15.74,16.02,2.2
2016-02-25,15.01,15.29,2.1
2016-02-26,15.25,15.53,2.13
2016-02-29,14.61,14.88,2.04
2016-03-01,14.85,15.12,2.08
2016-03-02,15.53,15.81,2.17
2016-03-03,15.94,16.23,2.23
2016-03-04,16.37,16.67,2.29
2016-03-07,16.5,16.8,2.31
2016-03-08,16.3,16.6,2.28
2016-03-09,16.13,16.42,2.25
2016-03-10,16.36,16.65,2.29
2016-03-11,16.52,16.82,2.31
2016-03-14,16.56,16.86,2.31
2016-03-15,16.6,16.9,2.32
2016-03-16,16.45,16.75,2.3
2016-03-17,16.59,16.89,2.32
2016-03-18,16.98,17.29,2.37
2016-03-21,17.17,17.49,2.4
2016-03-22,17.22,17.53,2.41
2016-03-23,17.14,17.45,2.39
2016-03-24,17.37,17.69,2.43
2016-03-25,17.73,18.05,2.48
2016-03-28,17.26,17.26,2.46
2016-03-29,17.21,17.21,2.45
2016-03-30,17.28,17.28,2.46
2016-03-31,17.28,17.28,2.46
2016-04-01,17.2,17.2,2.45
2016-04-05,17.26,17.26,2.46
2016-04-06,17.57,17.57,2.5
2016-04-07,17.08,17.08,2.43
2016-04-08,16.75,16.75,2.39
2016-04-11,16.74,16.74,2.39
2016-04-12,16.72,16.72,2.38
2016-04-13,16.82,16.82,2.4
2016-04-14,16.97,16.97,2.42
2016-04-15,17.02,17.02,2.43
2016-04-18,16.59,16.59,2.36
2016-04-19,16.4,16.4,2.34
2016-04-20,16.1,16.1,2.3
2016-04-21,16.15,16.15,2.3
2016-04-22,16.47,16.47,2.35
2016-04-25,16.68,16.68,2.38
2016-04-26,16.78,16.78,2.39
2016-04-27,17.03,17.03,2.43
2016-04-28,16.92,16.92,2.41
2016-04-29,17.46,15.67,2.33
2016-05-03,19.05,17.11,2.55
2016-05-04,18.84,16.92,2.52
2016-05-05,18.68,16.78,2.5
2016-05-06,18.01,16.18,2.41
2016-05-09,17.99,16.15,2.4
2016-05-10,18.27,16.4,2.44
2016-05-11,18.64,16.73,2.49
2016-05-12,18.5,16.61,2.47
2016-05-13,18.36,16.49,2.45
2016-05-16,18.33,16.46,2.45
2016-05-17,18.04,16.2,2.41
2016-05-18,17.95,16.11,2.4
2016-05-19,17.85,16.03,2.39
2016-05-20,18.09,16.25,2.42
2016-05-23,18.43,16.55,2.46
2016-05-24,18.13,16.28,2.42
2016-05-25,17.77,15.96,2.37
2016-05-26,17.75,15.94,2.37
2016-05-27,17.74,15.93,2.37
2016-05-30,17.7,15.89,2.36
2016-05-31,18.46,16.57,2.47
2016-06-01,18.39,16.51,2.46
2016-06-02,18.61,16.71,2.49
2016-06-03,19.26,17.29,2.57
2016-06-06,19.13,17.17,2.56
2016-06-07,19.25,17.28,2.57
2016-06-08,18.87,16.94,2.52
2016-06-13,18.43,16.55,2.46
2016-06-14,18.68,16.78,2.5
2016-06-15,19.27,17.3,2.57
2016-06-16,19.15,17.2,2.56
2016-06-17,20.1,18.05,2.69
2016-06-20,19.76,17.74,2.64
2016-06-21,19.53,17.54,2.61
2016-06-22,19.66,17.65,2.63
2016-06-23,19.64,17.64,2.62
2016-06-24,19.18,17.22,2.56
2016-06-27,19.82,17.79,2.65
2016-06-28,19.83,17.81,2.65
2016-06-29,19.78,17.76,2.64
2016-06-30,19.99,17.95,2.67
2016-07-01,19.9,17.86,2.66
2016-07-04,19.96,17.92,2.67
2016-07-05,20.28,18.21,2.71
2016-07-06,21.76,19.54,2.91
2016-07-07,21.4,19.22,2.86
2016-07-08,21.94,19.7,2.93
2016-07-11,22.95,20.61,3.07
2016-07-12,23.4,21.01,3.13
2016-07-13,23.0,20.65,3.07
2016-07-14,22.81,20.49,3.05
2016-07-15,22.83,20.5,3.05
2016-07-18,22.75,20.43,3.04
2016-07-19,21.8,19.57,2.91
2016-07-20,21.67,19.46,2.9
2016-07-21,21.9,19.66,2.93
2016-07-22,21.46,19.27,2.87
2016-07-25,21.29,19.12,2.84
2016-07-26,21.89,19.65,2.92
2016-07-27,21.56,19.36,2.88
2016-07-28,22.0,19.75,2.94
2016-07-29,22.23,19.96,2.97
2016-08-01,21.41,19.22,2.86
2016-08-02,21.29,19.12,2.84
2016-08-03,21.47,19.28,2.87
2016-08-04,21.45,19.26,2.87
2016-08-05,21.16,19.0,2.83
2016-08-08,21.18,19.02,2.83
2016-08-09,21.73,19.51,2.9
2016-08-10,21.49,19.29,2.87
2016-08-11,21.83,19.6,2.92
2016-08-12,21.92,19.68,2.93
2016-08-15,22.5,20.2,3.01
2016-08-16,22.25,19.98,2.97
2016-08-17,22.46,20.17,3.0
2016-08-18,22.1,19.84,2.95
2016-08-19,21.89,19.66,2.92
2016-08-22,22.01,19.76,2.94
2016-08-23,21.73,19.51,2.9
2016-08-24,21.53,19.65,3.01
2016-08-25,21.38,19.52,2.99
2016-08-26,21.25,19.4,2.97
2016-08-29,21.21,19.36,2.97
2016-08-30,21.35,19.49,2.98
2016-08-31,21.46,19.59,3.0
2016-09-01,21.09,19.25,2.95
2016-09-02,20.8,18.99,2.91
2016-09-05,20.9,19.08,2.92
2016-09-06,21.11,19.27,2.95
2016-09-07,20.78,18.97,2.9
2016-09-08,20.64,18.84,2.89
2016-09-09,20.53,18.74,2.87
2016-09-12,19.74,18.02,2.76
2016-09-13,19.94,18.21,2.79
2016-09-14,19.74,18.02,2.76
2016-09-19,20.0,18.26,2.8
2016-09-20,19.99,18.25,2.8
2016-09-21,20.09,18.34,2.81
2016-09-22,20.58,18.79,2.88
2016-09-23,20.45,18.67,2.86
2016-09-26,19.84,18.11,2.77
2016-09-27,19.99,18.25,2.79
2016-09-28,19.86,18.13,2.78
2016-09-29,20.09,18.34,2.81
2016-09-30,20.5,18.72,2.87
2016-10-10,20.69,18.89,2.89
2016-10-11,20.57,18.78,2.88
2016-10-12,20.58,18.79,2.88
2016-10-13,20.31,18.54,2.84
2016-10-14,20.36,18.59,2.85
2016-10-17,20.47,18.68,2.86
2016-10-18,20.83,19.02,2.91
2016-10-19,20.77,18.96,2.9
2016-10-20,20.68,18.87,2.89
2016-10-21,20.63,18.84,2.88
2016-10-24,20.72,18.91,2.9
2016-10-25,21.1,19.26,2.95
2016-10-26,21.47,19.6,3.0
2016-10-27,21.3,19.44,2.98
2016-10-28,21.71,20.09,2.95
2016-10-31,21.5,19.89,2.93
2016-11-01,21.63,20.01,2.94
2016-11-02,21.29,19.7,2.9
2016-11-03,21.38,19.78,2.91
2016-11-04,21.07,19.5,2.87
2016-11-07,21.23,19.64,2.89
2016-11-08,21.46,19.86,2.92
2016-11-09,21.33,19.74,2.9
2016-11-10,21.51,19.91,2.93
2016-11-11,21.38,19.79,2.91
2016-11-14,21.11,19.54,2.87
2016-11-15,21.39,19.8,2.91
2016-11-16,21.22,19.64,2.89
2016-11-17,21.27,19.68,2.89
2016-11-18,21.18,19.6,2.88
2016-11-21,21.17,19.59,2.88
2016-11-22,21.16,19.58,2.88
2016-11-23,21.54,19.93,2.93
2016-11-24,21.6,19.99,2.94
2016-11-25,21.62,20.0,2.94
2016-11-28,21.8,20.17,2.97
2016-11-29,22.57,20.88,3.07
2016-11-30,22.08,20.43,3.0
2016-12-01,22.23,20.57,3.02
2016-12-02,21.97,20.33,2.99
2016-12-05,21.84,20.21,2.97
2016-12-06,22.23,20.57,3.02
2016-12-07,22.25,20.59,3.03
2016-12-08,22.62,20.93,3.08
2016-12-09,22.53,20.85,3.07
2016-12-12,21.86,20.23,2.97
2016-12-13,22.29,20.62,3.03
2016-12-14,21.8,20.17,2.97
2016-12-15,21.72,20.1,2.96
2016-12-16,21.79,20.16,2.96
2016-12-19,22.13,20.48,3.01
2016-12-20,21.76,20.13,2.96
2016-12-21,21.9,20.26,2.98
2016-12-22,21.76,20.14,2.96
2016-12-23,21.16,19.58,2.88
2016-12-26,21.11,19.54,2.87
2016-12-27,21.11,19.53,2.87
2016-12-28,20.84,19.29,2.84
2016-12-29,20.8,19.25,2.83
2016-12-30,21.19,19.61,2.88
2017-01-03,21.3,19.71,2.9
2017-01-04,22.06,20.42,3.0
2017-01-05,22.08,20.43,3.0
2017-01-06,22.19,20.53,3.02
2017-01-09,22.4,20.73,3.05
2017-01-10,22.43,20.76,3.05
2017-01-11,22.04,20.39,3.0
2017-01-12,21.88,20.25,2.98
2017-01-13,21.94,20.3,2.98
2017-01-16,21.79,20.16,2.96
2017-01-17,21.98,20.34,2.99
2017-01-18,22.71,21.01,3.09
2017-01-19,22.65,20.96,3.08
2017-01-20,22.69,20.99,3.09
2017-01-23,22.97,21.26,3.13
2017-01-24,23.0,21.28,3.13
2017-01-25,22.91,21.2,3.12
2017-01-26,22.74,21.04,3.09
2017-02-03,22.38,20.71,3.04
2017-02-06,22.4,20.73,3.05
2017-02-07,22.4,20.73,3.05
2017-02-08,22.8,21.09,3.1
2017-02-09,22.95,21.24,3.12
2017-02-10,23.25,21.52,3.16
2017-02-13,23.71,21.94,3.23
2017-02-14,23.76,21.99,3.23
2017-02-15,23.6,21.84,3.21
2017-02-16,23.64,21.87,3.22
2017-02-17,23.94,22.15,3.26
2017-02-20,25.45,23.55,3.46
2017-02-21,25.11,23.24,3.42
2017-02-22,25.37,23.48,3.45
2017-02-23,24.88,23.02,3.39
2017-02-24,24.76,22.91,3.37
2017-02-27,24.21,22.4,3.29
2017-02-28,24.31,22.5,3.31
2017-03-01,24.57,22.74,3.34
2017-03-02,24.56,22.73,3.34
2017-03-03,24.58,22.74,3.34
2017-03-06,24.92,23.06,3.39
2017-03-07,25.6,23.69,3.48
2017-03-08,25.27,23.39,3.44
2017-03-09,25.0,23.13,3.4
2017-03-10,24.99,23.12,3.4
2017-03-13,25.6,23.69,3.48
2017-03-14,25.43,23.53,3.46
2017-03-15,25.53,23.63,3.47
2017-03-16,25.22,23.34,3.43
2017-03-17,25.05,23.18,3.41
2017-03-20,25.25,23.37,3.44
2017-03-21,26.66,24.67,3.63
2017-03-22,27.02,25.0,3.68
2017-03-23,26.77,24.77,3.64
2017-03-24,26.58,24.59,3.62
2017-03-27,26.15,24.2,3.56
2017-03-28,26.29,24.32,3.58
2017-03-29,26.49,24.51,3.6
2017-03-30,26.26,24.3,3.57
2017-03-31,24.06,24.06,3.47
2017-04-05,24.13,24.13,3.48
2017-04-06,24.03,24.03,3.46
2017-04-07,23.89,23.89,3.44
2017-04-10,23.31,23.31,3.36
2017-04-11,22.91,22.91,3.3
2017-04-12,23.53,23.53,3.39
2017-04-13,23.95,23.95,3.45
2017-04-14,23.7,23.7,3.41
2017-04-17,24.04,24.04,3.46
2017-04-18,24.55,24.55,3.54
2017-04-19,24.62,24.62,3.55
2017-04-20,25.54,25.54,3.68
2017-04-21,25.54,25.54,3.68
2017-04-24,24.79,24.79,3.57
2017-04-25,26.07,26.07,3.76
2017-04-26,25.57,25.57,3.69
2017-04-27,25.74,25.74,3.71
2017-04-28,25.46,23.11,3.41
2017-05-02,24.95,22.65,3.34
2017-05-03,25.13,22.81,3.37
2017-05-04,24.83,22.54,3.32
2017-05-05,24.71,22.43,3.31
2017-05-08,23.85,21.64,3.19
2017-05-09,24.43,22.18,3.27
2017-05-10,24.33,22.09,3.26
2017-05-11,24.8,22.51,3.32
2017-05-12,24.76,22.47,3.31
2017-05-15,25.28,22.94,3.38
2017-05-16,26.63,24.17,3.57
2017-05-17,25.94,23.54,3.47
2017-05-18,26.02,23.62,3.48
2017-05-19,26.34,23.91,3.53
2017-05-22,26.37,23.94,3.53
2017-05-23,27.0,24.51,3.62
2017-05-24,26.83,24.35,3.59
2017-05-25,26.71,24.24,3.58
2017-05-26,26.61,24.15,3.56
2017-05-31,26.79,24.32,3.59
2017-06-01,27.05,24.55,3.62
2017-06-02,26.83,24.36,3.59
2017-06-05,26.35,23.91,3.53
2017-06-06,27.14,24.64,3.63
2017-06-07,28.48,25.85,3.81
2017-06-08,28.76,26.1,3.85
2017-06-09,29.19,26.49,3.91
2017-06-12,30.68,27.85,4.11
2017-06-13,30.6,27.77,4.1
2017-06-14,30.05,27.27,4.02
2017-06-15,29.21,26.52,3.91
2017-06-16,29.11,26.42,3.9
2017-06-19,29.41,26.7,3.94
2017-06-20,29.21,26.51,3.91
2017-06-21,30.55,27.73,4.09
2017-06-22,30.3,27.5,4.06
2017-06-23,30.77,27.93,4.12
2017-06-26,31.75,28.82,4.25
2017-06-27,31.98,29.03,4.28
2017-06-28,31.13,28.26,4.17
2017-06-29,31.01,28.15,4.15
2017-06-30,31.14,28.27,4.17
2017-07-03,30.23,27.44,4.05
2017-07-04,29.4,26.69,3.94
2017-07-05,29.89,27.13,4.0
2017-07-06,29.65,26.91,3.97
2017-07-07,28.98,26.31,3.88
2017-07-10,29.54,26.81,3.95
2017-07-11,30.04,27.27,4.02
2017-07-12,29.19,26.5,3.91
2017-07-13,29.19,26.5,3.91
2017-07-14,29.4,26.68,3.94
2017-07-17,28.82,26.16,3.86
2017-07-18,29.42,26.71,3.94
2017-07-19,30.05,27.28,4.02
2017-07-20,30.67,27.84,4.11
2017-07-21,30.61,27.78,4.1
2017-07-24,31.28,28.39,4.19
2017-07-25,30.97,28.11,4.15
2017-07-26,30.22,27.43,4.05
2017-07-27,30.07,27.3,4.03
2017-07-28,31.18,28.3,4.18
2017-07-31,31.2,28.32,4.18
2017-08-01,31.66,28.73,4.24
2017-08-02,31.17,28.29,4.17
2017-08-03,30.49,27.68,4.08
2017-08-04,30.26,27.47,4.05
2017-08-07,31.33,28.44,4.2
2017-08-08,31.23,28.34,4.18
2017-08-09,31.69,28.76,4.24
2017-08-10,32.23,29.25,4.32
2017-08-11,31.33,28.44,4.2
2017-08-14,32.1,29.14,4.3
2017-08-15,32.17,29.2,4.31
2017-08-16,31.81,28.87,4.26
2017-08-17,31.23,28.34,4.18
2017-08-18,31.23,28.34,4.18
2017-08-21,31.06,28.19,4.16
2017-08-22,30.26,27.46,4.05
2017-08-23,30.66,27.83,4.1
2017-08-24,30.25,27.45,4.05
2017-08-25,30.27,27.47,4.05
2017-08-28,31.01,26.74,4.33
2017-08-29,30.88,26.62,4.31
2017-08-30,31.47,27.13,4.39
2017-08-31,31.05,26.77,4.33
2017-09-01,31.05,26.77,4.33
2017-09-04,30.33,26.15,4.23
2017-09-05,30.36,26.18,4.24
2017-09-06,30.12,25.97,4.2
2017-09-07,29.74,25.64,4.15
2017-09-08,29.01,25.01,4.05
2017-09-11,29.58,25.5,4.13
2017-09-12,29.99,25.86,4.18
2017-09-13,30.75,26.51,4.29
2017-09-14,30.66,26.43,4.28
2017-09-15,30.73,26.5,4.29
2017-09-18,31.57,27.22,4.4
2017-09-19,31.6,27.24,4.41
2017-09-20,31.62,27.26,4.41
2017-09-21,31.18,26.88,4.35
2017-09-22,31.38,27.05,4.38
2017-09-25,32.13,27.7,4.48
2017-09-26,31.83,27.44,4.44
2017-09-27,31.72,27.35,4.43
2017-09-28,32.14,27.71,4.48
2017-09-29,32.05,27.63,4.47
2017-10-09,32.75,28.24,4.57
2017-10-10,33.11,28.55,4.62
2017-10-11,34.23,29.51,4.78
2017-10-12,34.02,29.33,4.75
2017-10-13,34.48,29.72,4.81
2017-10-16,33.37,28.77,4.66
2017-10-17,33.63,28.99,4.69
2017-10-18,34.33,29.59,4.79
2017-10-19,35.25,30.39,4.92
2017-10-20,34.97,30.15,4.88
2017-10-23,35.02,30.2,4.89
2017-10-24,35.58,30.67,4.96
2017-10-25,35.26,30.4,4.92
2017-10-26,36.4,31.38,5.08
2017-10-27,38.04,29.84,5.1
2017-10-30,37.49,29.41,5.02
2017-10-31,37.27,29.24,5.0
2017-11-01,37.5,29.42,5.03
2017-11-02,37.83,29.68,5.07
2017-11-03,38.23,29.99,5.12
2017-11-06,39.25,30.79,5.26
2017-11-07,39.72,31.16,5.32
2017-11-08,39.43,30.93,5.28
2017-11-09,39.81,31.23,5.33
2017-11-10,41.74,32.75,5.59
2017-11-13,41.65,32.67,5.58
2017-11-14,40.39,31.69,5.41
2017-11-15,41.85,32.83,5.61
2017-11-16,42.63,33.45,5.71
2017-11-17,41.88,32.86,5.61
2017-11-20,40.8,32.01,5.47
2017-11-21,41.38,32.46,5.54
2017-11-22,40.23,31.56,5.39
2017-11-23,37.81,29.66,5.07
2017-11-24,38.3,30.05,5.13
2017-11-27,37.82,29.67,5.07
2017-11-28,38.43,30.15,5.15
2017-11-29,37.05,29.07,4.97
2017-11-30,36.7,28.79,4.92
2017-12-01,36.54,28.66,4.9
2017-12-04,38.02,29.83,5.09
2017-12-05,38.23,29.99,5.12
2017-12-06,38.23,29.99,5.12
2017-12-07,36.9,28.95,4.95
2017-12-08,37.99,29.8,5.09
2017-12-11,40.23,31.56,5.39
2017-12-12,40.21,31.54,5.39
2017-12-13,41.49,32.55,5.56
2017-12-14,41.79,32.78,5.6
2017-12-15,40.82,32.02,5.47
2017-12-18,43.13,33.83,5.78
2017-12-19,43.88,34.42,5.88
2017-12-20,45.66,35.82,6.12
2017-12-21,45.96,36.06,6.16
2017-12-22,45.08,35.37,6.04
2017-12-25,45.07,35.36,6.04
2017-12-26,44.46,34.88,5.96
2017-12-27,43.59,34.19,5.84
2017-12-28,45.24,35.49,6.06
2017-12-29,44.69,35.06,5.99
2018-01-02,45.08,35.37,6.04
2018-01-03,45.26,35.51,6.07
2018-01-04,46.43,36.43,6.22
2018-01-05,46.26,36.29,6.2
2018-01-08,45.99,36.08,6.16
2018-01-09,48.17,37.79,6.46
2018-01-10,49.74,39.02,6.67
2018-01-11,49.21,38.61,6.6
2018-01-12,51.12,40.11,6.85
2018-01-15,51.33,40.27,6.88
2018-01-16,50.81,39.86,6.81
2018-01-17,48.12,37.75,6.45
2018-01-18,48.34,37.92,6.48
2018-01-19,47.65,37.38,6.39
2018-01-22,50.59,39.69,6.78
2018-01-23,50.19,39.38,6.73
2018-01-24,48.87,38.34,6.55
2018-01-25,48.12,37.75,6.45
2018-01-26,48.59,38.12,6.51
2018-01-29,45.92,36.03,6.15
2018-01-30,45.54,35.73,6.1
2018-01-31,47.21,37.04,6.33
2018-02-01,46.43,36.42,6.22
2018-02-02,46.04,36.12,6.17
2018-02-05,43.57,34.18,5.84
2018-02-06,42.77,33.55,5.73
2018-02-07,39.74,31.17,5.33
2018-02-08,40.3,31.61,5.4
2018-02-09,39.84,31.25,5.34
2018-02-12,41.63,32.66,5.58
2018-02-13,42.02,32.96,5.63
2018-02-14,42.86,33.62,5.74
2018-02-22,44.82,35.16,6.01
2018-02-23,44.56,34.96,5.97
2018-02-26,43.93,34.47,5.89
2018-02-27,42.58,33.4,5.71
2018-02-28,41.56,32.6,5.57
2018-03-01,41.58,32.62,5.57
2018-03-02,41.08,32.23,5.51
2018-03-05,40.33,31.64,5.41
2018-03-06,40.98,32.15,5.49
2018-03-07,41.0,32.17,5.49
2018-03-08,43.03,33.75,5.77
2018-03-09,43.14,33.84,5.78
2018-03-12,42.61,33.43,5.71
2018-03-13,41.74,32.75,5.59
2018-03-14,42.27,33.16,5.66
2018-03-15,43.64,34.24,5.85
2018-03-16,43.01,33.74,5.76
2018-03-19,43.48,34.11,5.83
2018-03-20,42.33,33.21,5.67
2018-03-21,41.69,32.71,5.59
2018-03-22,40.36,31.66,5.41
2018-03-23,39.93,31.33,5.35
2018-03-26,39.16,30.72,5.25
2018-03-27,38.31,30.05,5.13
2018-03-28,36.22,28.42,4.85
2018-03-29,37.77,29.63,5.06
2018-03-30,37.13,29.13,4.98
2018-04-02,37.17,29.16,4.98
2018-04-03,37.55,29.46,5.03
2018-04-04,39.11,30.68,5.24
2018-04-09,39.03,30.62,5.23
2018-04-10,39.38,30.89,5.28
2018-04-11,39.34,30.86,5.27
2018-04-12,38.72,30.37,5.19
2018-04-13,38.03,29.84,5.1
2018-04-16,38.03,29.83,5.1
2018-04-17,37.49,29.41,5.02
2018-04-18,37.11,29.12,4.97
2018-04-19,40.26,31.59,5.4
2018-04-20,39.84,31.25,5.34
2018-04-23,39.87,31.28,5.34
2018-04-24,41.44,32.51,5.55
2018-04-25,41.39,32.47,5.55
2018-04-26,39.53,31.02,5.3
2018-04-27,38.89,30.51,5.21
2018-05-02,28.58,25.01,4.74
2018-05-03,29.61,25.92,4.91
2018-05-04,29.25,25.6,4.85
2018-05-07,30.5,26.69,5.06
2018-05-08,30.51,26.71,5.06
2018-05-09,30.6,26.78,5.08
2018-05-10,31.29,27.39,5.19
2018-05-11,30.92,27.07,5.13
2018-05-14,31.43,27.51,5.21
2018-05-15,31.85,27.88,5.28
2018-05-16,31.77,27.81,5.27
2018-05-17,30.92,27.07,5.13
2018-05-18,31.13,27.25,5.17
2018-05-21,30.97,27.11,5.14
2018-05-22,31.16,27.27,5.17
2018-05-23,30.67,26.85,5.09
2018-05-24,29.7,26.0,4.93
2018-05-25,29.81,26.1,4.95
2018-05-28,31.08,27.2,5.16
2018-05-29,30.63,26.81,5.08
2018-05-30,30.82,26.97,5.11
2018-05-31,31.69,27.74,5.26
2018-06-01,31.55,27.61,5.23
2018-06-04,32.82,28.73,5.45
2018-06-05,33.22,29.08,5.51
2018-06-06,32.95,28.84,5.47
2018-06-07,32.44,28.4,5.38
2018-06-08,32.26,28.23,5.35
2018-06-11,33.1,28.97,5.49
2018-06-12,34.51,30.21,5.73
2018-06-13,34.3,30.02,5.69
2018-06-14,33.87,29.65,5.62
2018-06-15,33.4,29.24,5.54
2018-06-19,32.05,28.06,5.32
2018-06-20,32.93,28.82,5.46
2018-06-21,32.45,28.41,5.38
2018-06-22,32.17,28.16,5.34
2018-06-25,32.95,28.84,5.47
2018-06-26,32.69,28.62,5.42
2018-06-27,30.72,26.89,5.1
2018-06-28,29.55,25.87,4.9
2018-06-29,30.5,26.69,5.06
2018-07-02,29.81,26.09,4.95
2018-07-03,29.04,25.42,4.82
2018-07-04,28.37,24.83,4.71
2018-07-05,28.42,24.87,4.71
2018-07-06,28.34,24.8,4.7
2018-07-09,29.51,25.83,4.9
2018-07-10,29.44,25.77,4.88
2018-07-11,28.92,25.32,4.8
2018-07-12,29.65,25.96,4.92
2018-07-13,30.39,26.61,5.04
2018-07-16,30.26,26.49,5.02
2018-07-17,29.71,26.0,4.93
2018-07-18,29.42,25.75,4.88
2018-07-19,29.44,25.77,4.89
2018-07-20,29.46,25.79,4.89
2018-07-23,28.94,25.33,4.8
2018-07-24,30.11,26.35,5.0
2018-07-25,30.09,26.34,4.99
2018-07-26,29.77,26.06,4.94
2018-07-27,29.77,26.06,4.94
2018-07-30,29.13,25.5,4.83
2018-07-31,28.95,25.34,4.8
2018-08-01,28.1,24.59,4.66
2018-08-02,27.25,23.86,4.52
2018-08-03,26.35,23.07,4.37
2018-08-06,25.82,22.6,4.28
2018-08-07,26.68,23.35,4.43
2018-08-08,25.86,22.63,4.29
2018-08-09,26.63,23.31,4.42
2018-08-10,26.5,23.2,4.4
2018-08-13,25.84,22.62,4.29
2018-08-14,26.12,22.86,4.33
2018-08-15,25.41,22.24,4.22
2018-08-16,24.54,21.48,4.07
2018-08-17,24.32,21.29,4.04
2018-08-20,24.89,21.79,4.13
2018-08-21,25.81,22.59,4.28
2018-08-22,25.56,22.37,4.24
2018-08-23,25.74,22.53,4.27
2018-08-24,25.26,22.11,4.19
2018-08-27,26.21,22.94,4.35
2018-08-28,25.8,21.13,4.36
2018-08-29,25.55,20.93,4.32
2018-08-30,25.44,20.83,4.3
2018-08-31,24.84,20.34,4.2
2018-09-03,24.87,20.36,4.2
2018-09-04,25.19,20.63,4.26
2018-09-05,24.44,20.01,4.13
2018-09-06,23.96,19.62,4.05
2018-09-07,24.38,19.97,4.12
2018-09-10,24.23,19.84,4.1
2018-09-11,24.48,20.04,4.14
2018-09-12,23.93,19.6,4.05
2018-09-13,24.07,19.71,4.07
2018-09-14,24.69,20.22,4.17
2018-09-17,24.82,20.33,4.2
2018-09-18,25.36,20.77,4.29
2018-09-19,25.86,21.18,4.37
2018-09-20,25.84,21.16,4.37
2018-09-21,26.65,21.83,4.51
2018-09-25,26.2,21.46,4.43
2018-09-26,26.96,22.08,4.56
2018-09-27,27.03,22.14,4.57
2018-09-28,27.27,22.33,4.61
2018-10-08,25.47,20.86,4.31
2018-10-09,25.42,20.82,4.3
2018-10-10,24.4,19.98,4.13
2018-10-11,23.56,19.3,3.98
2018-10-12,24.16,19.79,4.08
2018-10-15,23.58,19.31,3.99
2018-10-16,23.66,19.38,4.0
2018-10-17,23.83,19.52,4.03
2018-10-18,23.27,19.06,3.94
2018-10-19,23.87,19.55,4.04
2018-10-22,25.07,20.53,4.24
2018-10-23,23.27,19.06,3.94
2018-10-24,22.59,18.5,3.82
2018-10-25,21.99,18.01,3.72
2018-10-26,21.79,17.84,3.68
2018-10-29,19.61,15.54,3.18
2018-10-30,19.06,15.11,3.09
2018-10-31,19.32,15.32,3.14
2018-11-01,19.92,15.79,3.23
2018-11-02,21.54,17.08,3.5
2018-11-05,20.76,16.46,3.37
2018-11-06,20.38,16.16,3.31
2018-11-07,20.26,16.06,3.29
2018-11-08,20.34,16.12,3.3
2018-11-09,20.07,15.91,3.26
2018-11-12,20.08,15.92,3.26
2018-11-13,20.56,16.3,3.34
2018-11-14,20.13,15.96,3.27
2018-11-15,20.3,16.09,3.29
2018-11-16,20.34,16.12,3.3
2018-11-19,20.74,16.44,3.37
2018-11-20,20.31,16.1,3.3
2018-11-21,20.52,16.26,3.33
2018-11-22,20.46,16.22,3.32
2018-11-23,20.07,15.91,3.26
2018-11-26,20.1,15.93,3.26
2018-11-27,19.97,15.83,3.24
2018-11-28,20.16,15.98,3.27
2018-11-29,20.24,16.04,3.28
2018-11-30,21.02,16.66,3.41
2018-12-03,22.11,17.52,3.59
2018-12-04,22.05,17.48,3.58
2018-12-05,22.03,17.47,3.58
2018-12-06,21.27,16.86,3.45
2018-12-07,21.35,16.92,3.46
2018-12-10,21.0,16.64,3.41
2018-12-11,21.19,16.8,3.44
2018-12-12,21.33,16.91,3.46
2018-12-13,21.67,17.18,3.52
2018-12-14,21.26,16.85,3.45
2018-12-17,21.19,16.8,3.44
2018-12-18,21.24,16.84,3.45
2018-12-19,21.09,16.72,3.42
2018-12-20,20.81,16.5,3.38
2018-12-21,20.3,16.09,3.3
2018-12-24,20.45,16.21,3.32
2018-12-25,20.41,16.18,3.31
2018-12-26,20.23,16.03,3.28
2018-12-27,20.12,15.95,3.27
2018-12-28,20.42,16.18,3.31
2019-01-02,20.04,15.88,3.25
2019-01-03,19.65,15.57,3.19
2019-01-04,19.88,15.76,3.23
2019-01-07,19.79,15.68,3.21
2019-01-08,19.67,15.59,3.19
2019-01-09,20.07,15.91,3.26
2019-01-10,20.01,15.86,3.25
2019-01-11,20.34,16.12,3.3
2019-01-14,19.9,15.77,3.23
2019-01-15,21.25,16.85,3.45
2019-01-16,20.95,16.6,3.4
2019-01-17,20.83,16.51,3.38
2019-01-18,21.62,17.14,3.51
2019-01-21,22.47,17.81,3.65
2019-01-22,22.15,17.56,3.6
2019-01-23,22.1,17.52,3.59
2019-01-24,22.15,17.56,3.6
2019-01-25,22.17,17.57,3.6
2019-01-28,23.06,18.28,3.74
2019-01-29,23.51,18.63,3.82
2019-01-30,22.98,18.22,3.73
2019-01-31,24.2,19.18,3.93
2019-02-01,24.55,19.46,3.98
2019-02-11,25.96,20.58,4.21
2019-02-12,25.98,20.6,4.22
2019-02-13,26.51,21.02,4.3
2019-02-14,27.27,21.62,4.43
2019-02-15,26.64,21.12,4.32
2019-02-18,28.04,22.22,4.55
2019-02-19,27.96,22.16,4.54
2019-02-20,27.69,21.95,4.49
2019-02-21,27.31,21.65,4.43
2019-02-22,27.49,21.79,4.46
2019-02-25,28.59,22.67,4.64
2019-02-26,27.65,21.92,4.49
2019-02-27,28.11,22.28,4.56
2019-02-28,28.69,22.74,4.66
2019-03-01,30.46,24.14,4.94
2019-03-04,31.0,24.57,5.03
2019-03-05,31.21,24.74,5.07
2019-03-06,30.89,24.49,5.01
2019-03-07,29.68,23.53,4.82
2019-03-08,28.67,22.72,4.65
2019-03-11,30.5,24.17,4.95
2019-03-12,30.21,23.95,4.9
2019-03-13,30.7,24.33,4.98
2019-03-14,30.96,24.54,5.02
2019-03-15,31.61,25.06,5.13
2019-03-18,34.77,27.56,5.64
2019-03-19,34.51,27.35,5.6
2019-03-20,34.39,27.26,5.58
2019-03-21,34.07,27.0,5.53
2019-03-22,34.53,27.37,5.6
2019-03-25,33.23,26.34,5.39
2019-03-26,33.89,26.87,5.5
2019-03-27,35.3,27.98,5.73
2019-03-28,26.19,26.19,5.52
2019-03-29,27.55,27.55,5.81
2019-04-01,28.01,28.01,5.9
2019-04-02,27.86,27.86,5.87
2019-04-03,27.67,27.67,5.83
2019-04-04,29.07,29.07,6.13
2019-04-08,29.58,29.58,6.24
2019-04-09,31.91,31.91,6.73
2019-04-10,31.03,31.03,6.54
2019-04-11,28.94,28.94,6.1
2019-04-12,28.89,28.89,6.09
2019-04-15,29.18,29.18,6.15
2019-04-16,29.64,29.64,6.25
2019-04-17,30.05,30.05,6.34
2019-04-18,29.68,29.68,6.26
2019-04-19,29.48,29.48,6.22
2019-04-22,29.33,29.33,6.18
2019-04-23,30.25,30.25,6.38
2019-04-24,30.02,30.02,6.33
2019-04-25,29.18,29.18,6.15
2019-04-26,29.66,29.66,6.25
2019-04-29,29.67,26.67,5.68
2019-04-30,29.69,26.69,5.68
2019-05-06,26.72,24.02,5.11
2019-05-07,27.83,25.02,5.32
2019-05-08,27.81,25.0,5.32
2019-05-09,26.63,23.94,5.09
2019-05-10,28.77,25.86,5.5
2019-05-13,30.05,27.01,5.75
2019-05-14,29.72,26.72,5.69
2019-05-15,31.87,28.65,6.1
2019-05-16,31.9,28.67,6.1
2019-05-17,30.87,27.76,5.91
2019-05-20,30.16,27.11,5.77
2019-05-21,30.22,27.17,5.78
2019-05-22,29.96,26.93,5.73
2019-05-23,28.95,26.03,5.54
2019-05-24,29.3,26.34,5.6
2019-05-27,29.58,26.59,5.66
2019-05-28,29.9,26.88,5.72
2019-05-29,30.32,27.26,5.8
2019-05-30,29.91,26.89,5.72
2019-05-31,29.36,26.4,5.62
2019-06-03,29.42,26.45,5.63
2019-06-04,28.77,25.86,5.5
2019-06-05,28.73,25.82,5.5
2019-06-06,28.22,25.36,5.4
2019-06-10,29.13,26.19,5.57
2019-06-11,31.6,28.4,6.04
2019-06-12,31.21,28.06,5.97
2019-06-13,30.97,27.84,5.93
2019-06-14,30.44,27.36,5.82
2019-06-17,30.07,27.04,5.75
2019-06-18,30.18,27.14,5.77
2019-06-19,30.71,27.61,5.88
2019-06-20,32.76,29.45,6.27
2019-06-21,32.77,29.46,6.27
2019-06-24,33.37,30.0,6.38
2019-06-25,33.32,29.96,6.37
2019-06-26,33.01,29.67,6.31
2019-06-27,34.02,30.58,6.51
2019-06-28,34.21,30.75,6.54
2019-07-01,36.54,32.85,6.99
2019-07-02,37.12,33.37,7.1
2019-07-03,35.94,32.31,6.87
2019-07-04,35.7,32.09,6.83
2019-07-05,37.65,33.84,7.2
2019-07-08,36.84,33.12,7.05
2019-07-09,36.54,32.85,6.99
2019-07-10,36.67,32.96,7.01
2019-07-11,35.82,32.2,6.85
2019-07-12,36.42,32.74,6.97
2019-07-15,36.28,32.61,6.94
2019-07-16,35.84,32.22,6.86
2019-07-17,35.85,32.22,6.86
2019-07-18,35.09,31.55,6.71
2019-07-19,35.42,31.84,6.78
2019-07-22,35.8,32.19,6.85
2019-07-23,34.82,31.3,6.66
2019-07-24,34.66,31.16,6.63
2019-07-25,35.29,31.72,6.75
2019-07-26,35.16,31.61,6.73
2019-07-29,35.89,32.26,6.87
2019-07-30,35.64,32.04,6.82
2019-07-31,35.01,31.47,6.7
2019-08-01,34.52,31.03,6.6
2019-08-02,34.26,30.8,6.55
2019-08-05,33.92,30.49,6.49
2019-08-06,35.17,31.62,6.73
2019-08-07,34.48,30.99,6.6
2019-08-08,34.95,31.42,6.69
2019-08-09,34.23,30.77,6.55
2019-08-12,35.63,32.03,6.82
2019-08-13,35.47,31.89,6.79
2019-08-14,36.5,32.81,6.98
2019-08-15,36.54,32.84,6.99
2019-08-16,36.63,32.93,7.01
2019-08-19,37.09,33.35,7.1
2019-08-20,37.58,33.79,7.19
2019-08-21,37.08,33.33,7.09
2019-08-22,37.85,34.02,7.24
2019-08-23,37.73,33.92,7.22
2019-08-26,36.95,33.22,7.07
2019-08-27,38.39,34.51,7.34
2019-08-28,38.84,34.91,7.43
2019-08-29,39.73,35.72,7.6
2019-08-30,41.04,36.89,7.85
2019-09-02,41.15,35.28,8.32
2019-09-03,41.04,35.19,8.29
2019-09-04,40.11,34.39,8.11
2019-09-05,40.28,34.54,8.14
2019-09-06,40.6,34.82,8.21
2019-09-09,40.37,34.61,8.16
2019-09-10,39.8,34.13,8.04
2019-09-11,37.49,32.14,7.58
2019-09-12,38.15,32.71,7.71
2019-09-16,37.97,32.56,7.67
2019-09-17,38.15,32.71,7.71
2019-09-18,39.31,33.71,7.95
2019-09-19,39.13,33.55,7.91
2019-09-20,39.69,34.03,8.02
2019-09-23,39.11,33.53,7.9
2019-09-24,39.59,33.95,8.0
2019-09-25,39.6,33.95,8.0
2019-09-26,38.89,33.35,7.86
2019-09-27,38.8,33.27,7.84
2019-09-30,37.64,32.28,7.61
2019-10-08,38.5,33.01,7.78
2019-10-09,38.23,32.78,7.73
2019-10-10,37.99,32.57,7.68
2019-10-11,38.06,32.64,7.69
2019-10-14,37.95,32.54,7.67
2019-10-15,38.48,33.0,7.78
2019-10-16,37.74,32.36,7.63
2019-10-17,37.79,32.4,7.64
2019-10-18,36.92,31.66,7.46
2019-10-21,37.16,31.86,7.51
2019-10-22,37.41,32.08,7.56
2019-10-23,36.92,31.66,7.46
2019-10-24,36.12,30.97,7.3
2019-10-25,37.18,31.88,7.51
2019-10-28,37.72,32.34,7.62
2019-10-29,38.14,32.7,7.71
2019-10-30,37.98,32.56,7.68
2019-10-31,38.3,31.2,7.38
2019-11-01,38.77,31.58,7.47
2019-11-04,38.86,31.65,7.49
2019-11-05,38.94,31.72,7.51
2019-11-06,38.46,31.33,7.41
2019-11-07,38.62,31.46,7.44
2019-11-08,39.03,31.79,7.52
2019-11-11,38.49,31.35,7.42
2019-11-12,38.68,31.5,7.46
2019-11-13,39.04,31.8,7.53
2019-11-14,39.02,31.78,7.52
2019-11-15,38.67,31.49,7.45
2019-11-18,38.57,31.41,7.44
2019-11-19,38.72,31.53,7.46
2019-11-20,38.86,31.65,7.49
2019-11-21,38.76,31.57,7.47
2019-11-22,37.4,30.46,7.21
2019-11-25,37.32,30.4,7.2
2019-11-26,37.91,30.88,7.31
2019-11-27,38.13,31.06,7.35
2019-11-28,37.94,30.9,7.31
2019-11-29,36.99,30.13,7.13
2019-12-02,36.83,30.0,7.1
2019-12-03,36.55,29.77,7.05
2019-12-04,37.25,30.34,7.18
2019-12-05,37.17,30.27,7.16
2019-12-06,37.99,30.94,7.32
2019-12-09,37.84,30.82,7.3
2019-12-10,37.95,30.91,7.32
2019-12-11,37.36,30.43,7.2
2019-12-12,37.06,30.18,7.14
2019-12-13,37.56,30.59,7.24
2019-12-16,37.36,30.43,7.2
2019-12-17,37.77,30.77,7.28
2019-12-18,37.97,30.93,7.32
2019-12-19,37.66,30.67,7.26
2019-12-20,37.44,30.49,7.22
2019-12-23,37.16,30.27,7.16
2019-12-24,37.32,30.4,7.2
2019-12-25,37.15,30.26,7.16
2019-12-26,37.17,30.27,7.16
2019-12-27,37.41,30.47,7.21
2019-12-30,38.52,31.37,7.43
2019-12-31,38.57,31.42,7.44
2020-01-02,38.3,31.2,7.38
2020-01-03,37.86,30.84,7.3
2020-01-06,37.47,30.52,7.22
2020-01-07,37.52,30.56,7.23
2020-01-08,37.38,30.44,7.21
2020-01-09,37.92,30.89,7.31
2020-01-10,38.75,31.56,7.47
2020-01-13,40.5,32.99,7.81
2020-01-14,40.18,32.73,7.75
2020-01-15,40.83,33.26,7.87
2020-01-16,40.79,33.22,7.86
2020-01-17,40.18,32.73,7.75
2020-01-20,39.89,32.49,7.69
2020-01-21,38.46,31.33,7.41
2020-01-22,38.19,31.11,7.36
2020-01-23,36.59,29.8,7.05
2020-02-03,32.93,26.82,6.35
2020-02-04,33.21,27.05,6.4
2020-02-05,34.08,27.76,6.57
2020-02-06,34.56,28.14,6.66
2020-02-07,34.97,28.48,6.74
2020-02-10,35.13,28.61,6.77
2020-02-11,36.19,29.48,6.98
2020-02-12,36.1,29.4,6.96
2020-02-13,36.0,29.32,6.94
2020-02-14,35.8,29.15,6.9
2020-02-17,36.05,29.36,6.95
2020-02-18,35.78,29.15,6.9
2020-02-19,36.54,29.76,7.04
2020-02-20,37.75,30.74,7.28
2020-02-21,37.7,30.71,7.27
2020-02-24,36.86,30.02,7.11
2020-02-25,36.34,29.6,7.0
2020-02-26,35.99,29.31,6.94
2020-02-27,36.63,29.83,7.06
2020-02-28,34.98,28.49,6.74
2020-03-02,35.57,28.97,6.86
2020-03-03,36.07,29.38,6.95
2020-03-04,36.33,29.59,7.0
2020-03-05,38.63,31.46,7.45
2020-03-06,37.72,30.72,7.27
2020-03-09,36.63,29.83,7.06
2020-03-10,37.91,30.88,7.31
2020-03-11,37.67,30.68,7.26
2020-03-12,36.55,29.77,7.05
2020-03-13,35.56,28.96,6.85
2020-03-16,33.5,27.28,6.46
2020-03-17,32.59,26.54,6.28
2020-03-18,31.2,25.41,6.01
2020-03-19,29.61,24.12,5.71
2020-03-20,31.47,25.63,6.07
2020-03-23,30.31,24.69,5.84
2020-03-24,31.63,25.76,6.1
2020-03-25,33.06,26.93,6.37
2020-03-26,33.03,26.9,6.37
2020-03-27,33.59,27.35,6.47
2020-03-30,32.84,26.75,6.33
2020-03-31,33.41,27.21,6.44
2020-04-01,33.35,27.16,6.43
2020-04-02,33.99,27.68,6.55
2020-04-03,34.08,27.76,6.57
2020-04-07,36.0,29.32,6.94
2020-04-08,36.33,29.59,7.0
2020-04-09,36.25,29.52,6.99
2020-04-10,36.69,29.88,7.07
2020-04-13,36.25,29.53,6.99
2020-04-14,37.25,30.34,7.18
2020-04-15,37.1,30.21,7.15
2020-04-16,36.57,29.79,7.05
2020-04-17,37.36,30.43,7.2
2020-04-20,37.5,30.54,7.23
2020-04-21,36.68,29.87,7.07
2020-04-22,37.79,30.78,7.28
2020-04-23,38.02,30.96,7.33
2020-04-24,38.11,31.04,7.35
2020-04-27,38.48,31.34,7.42
2020-04-28,31.0,28.96,6.58
2020-04-29,30.22,28.23,6.41
2020-04-30,30.28,28.29,6.43
2020-05-06,30.83,28.79,6.54
2020-05-07,31.65,29.57,6.72
2020-05-08,31.87,29.77,6.76
2020-05-11,31.64,29.55,6.72
2020-05-12,31.87,29.77,6.76
2020-05-13,32.57,30.42,6.91
2020-05-14,32.63,30.48,6.93
2020-05-15,32.39,30.25,6.87
2020-05-18,33.72,31.5,7.16
2020-05-19,33.77,31.55,7.17
2020-05-20,33.65,31.43,7.14
2020-05-21,33.83,31.6,7.18
2020-05-22,32.18,30.05,6.83
2020-05-25,32.8,30.63,6.96
2020-05-26,32.97,30.79,7.0
2020-05-27,32.6,30.45,6.92
2020-05-28,32.6,30.45,6.92
2020-05-29,33.06,30.88,7.02
2020-06-01,35.37,33.04,7.51
2020-06-02,35.41,33.08,7.52
2020-06-03,35.3,32.97,7.49
2020-06-04,35.43,33.09,7.52
2020-06-05,35.71,33.35,7.58
2020-06-08,35.82,33.46,7.6
2020-06-09,36.27,33.88,7.7
2020-06-10,36.26,33.86,7.69
2020-06-11,35.7,33.35,7.58
2020-06-12,36.02,33.65,7.65
2020-06-15,35.02,32.71,7.43
2020-06-16,35.17,32.85,7.46
2020-06-17,34.77,32.48,7.38
2020-06-18,35.32,32.99,7.5
2020-06-19,36.93,34.49,7.84
2020-06-22,36.36,33.96,7.72
2020-06-23,37.47,35.0,7.95
2020-06-24,37.61,35.13,7.98
2020-06-29,37.36,34.9,7.93
2020-06-30,38.17,35.65,8.1
2020-07-01,40.59,37.91,8.61
2020-07-02,42.27,39.48,8.97
2020-07-03,42.09,39.32,8.93
2020-07-06,43.01,40.17,9.13
2020-07-07,45.03,42.06,9.56
2020-07-08,45.36,42.37,9.63
2020-07-09,45.44,42.44,9.64
2020-07-10,46.17,43.13,9.8
2020-07-13,48.67,45.46,10.33
2020-07-14,49.27,46.02,10.46
2020-07-15,49.95,46.66,10.6
2020-07-16,44.96,41.99,9.54
2020-07-17,45.81,42.79,9.72
2020-07-20,44.99,42.02,9.55
2020-07-21,45.86,42.83,9.73
2020-07-22,46.6,43.52,9.89
2020-07-23,46.86,43.77,9.94
2020-07-24,44.92,41.96,9.53
2020-07-27,45.53,42.52,9.66
2020-07-28,47.73,44.58,10.13
2020-07-29,47.95,44.79,10.18
2020-07-30,48.25,45.07,10.24
2020-07-31,48.51,45.31,10.3
2020-08-03,48.56,45.36,10.31
2020-08-04,48.13,44.96,10.22
2020-08-05,48.51,45.31,10.3
2020-08-06,47.07,43.96,9.99
2020-08-07,46.23,43.18,9.81
2020-08-10,45.94,42.91,9.75
2020-08-11,46.62,43.54,9.89
2020-08-12,46.05,43.02,9.77
2020-08-13,46.15,43.1,9.79
2020-08-14,47.49,44.36,10.08
2020-08-17,49.07,45.83,10.41
2020-08-18,49.2,45.95,10.44
2020-08-19,49.56,46.29,10.52
2020-08-20,48.28,45.09,10.25
2020-08-21,48.71,45.5,10.34
2020-08-24,50.19,46.88,10.65
2020-08-25,52.55,49.08,11.15
2020-08-26,52.79,49.3,11.2
2020-08-27,53.1,49.6,11.27
2020-08-28,53.64,49.34,12.19
2020-08-31,53.53,49.23,12.16
2020-09-01,52.69,48.46,11.97
2020-09-02,52.42,48.21,11.91
2020-09-03,53.23,48.95,12.09
2020-09-04,51.35,47.23,11.67
2020-09-07,50.61,46.54,11.5
2020-09-08,49.5,45.53,11.25
2020-09-09,48.4,44.52,11.0
2020-09-10,49.79,45.79,11.31
2020-09-11,50.83,46.75,11.55
2020-09-14,51.32,47.2,11.66
2020-09-15,51.38,47.25,11.67
2020-09-16,50.41,46.37,11.45
2020-09-17,49.66,45.67,11.28
2020-09-18,51.2,47.08,11.63
2020-09-21,50.16,46.14,11.4
2020-09-22,49.72,45.73,11.29
2020-09-23,48.92,44.99,11.11
2020-09-24,48.25,44.37,10.96
2020-09-25,48.45,44.56,11.01
2020-09-28,49.1,45.16,11.15
2020-09-29,49.01,45.08,11.13
2020-09-30,49.29,45.34,11.2
2020-10-09,50.76,46.68,11.53
2020-10-12,53.92,49.59,12.25
2020-10-13,54.04,49.7,12.28
2020-10-14,53.4,49.11,12.13
2020-10-15,53.29,49.01,12.11
2020-10-16,52.84,48.59,12.0
2020-10-19,52.68,48.45,11.97
2020-10-20,53.75,49.43,12.21
2020-10-21,53.93,49.6,12.25
2020-10-22,53.92,49.59,12.25
2020-10-23,52.78,48.54,11.99
2020-10-26,51.88,47.72,11.79
2020-10-27,52.08,47.9,11.83
2020-10-28,53.53,49.23,12.16
2020-10-29,55.76,51.28,12.67
2020-10-30,54.5,48.88,11.81
2020-11-02,54.8,49.15,11.88
2020-11-03,55.85,50.09,12.1
2020-11-04,56.43,50.61,12.23
2020-11-05,57.86,51.89,12.54
2020-11-06,57.84,51.87,12.53
2020-11-09,60.22,54.01,13.05
2020-11-10,60.85,54.57,13.19
2020-11-11,59.98,53.79,13.0
2020-11-12,59.7,53.54,12.94
2020-11-13,59.11,53.01,12.81
2020-11-16,60.89,54.61,13.2
2020-11-17,60.02,53.83,13.01
2020-11-18,58.82,52.75,12.75
2020-11-19,59.04,52.95,12.8
2020-11-20,59.88,53.7,12.98
2020-11-23,60.8,54.53,13.18
2020-11-24,60.62,54.37,13.14
2020-11-25,58.66,52.6,12.71
2020-11-26,58.12,52.13,12.6
2020-11-27,58.51,52.47,12.68
2020-11-30,56.66,50.81,12.28
2020-12-01,57.55,51.61,12.47
2020-12-02,58.12,52.12,12.6
2020-12-03,58.36,52.34,12.65
2020-12-04,59.6,53.45,12.92
2020-12-07,60.28,54.06,13.06
2020-12-08,60.67,54.41,13.15
2020-12-09,60.16,53.95,13.04
2020-12-10,59.7,53.54,12.94
2020-12-11,59.67,53.51,12.93
2020-12-14,60.93,54.64,13.2
2020-12-15,60.4,54.17,13.09
2020-12-16,61.19,54.88,13.26
2020-12-17,61.97,55.57,13.43
2020-12-18,61.75,55.38,13.38
2020-12-21,62.88,56.39,13.63
2020-12-22,62.99,56.49,13.65
2020-12-23,62.07,55.67,13.45
2020-12-24,61.41,55.08,13.31
2020-12-25,61.54,55.2,13.34
2020-12-28,63.78,57.2,13.82
2020-12-29,62.68,56.21,13.58
2020-12-30,63.99,57.39,13.87
2020-12-31,65.1,58.38,14.11
2021-01-04,66.48,59.62,14.41
2021-01-05,71.37,64.01,15.47
2021-01-06,73.23,65.67,15.87
2021-01-07,73.61,66.01,15.95
2021-01-08,70.71,63.41,15.32
2021-01-11,67.18,60.25,14.56
2021-01-12,69.15,62.01,14.99
2021-01-13,68.1,61.08,14.76
2021-01-14,64.55,57.89,13.99
2021-01-15,64.17,57.55,13.91
2021-01-18,63.47,56.92,13.76
2021-01-19,62.79,56.31,13.61
2021-01-20,63.54,56.98,13.77
2021-01-21,66.24,59.4,14.35
2021-01-22,65.93,59.12,14.29
2021-01-25,70.42,63.15,15.26
2021-01-26,68.21,61.17,14.78
2021-01-27,65.26,58.53,14.14
2021-01-28,63.79,57.21,13.83
2021-01-29,64.94,58.24,14.07
2021-02-01,65.2,58.47,14.13
2021-02-02,67.83,60.84,14.7
2021-02-03,68.87,61.76,14.93
2021-02-04,69.95,62.73,15.16
2021-02-05,71.32,63.97,15.46
2021-02-08,71.38,64.01,15.47
2021-02-09,73.5,65.91,15.93
2021-02-10,76.43,68.54,16.56
2021-02-18,74.39,66.71,16.12
2021-02-19,76.82,68.89,16.65
2021-02-22,69.83,62.62,15.13
2021-02-23,70.26,63.01,15.23
2021-02-24,65.37,58.63,14.17
2021-02-25,64.44,57.79,13.97
2021-02-26,62.45,56.01,13.54
2021-03-01,64.47,57.82,13.97
2021-03-02,62.61,56.15,13.57
2021-03-03,63.64,57.07,13.79
2021-03-04,59.4,53.27,12.87
2021-03-05,59.44,53.31,12.88
2021-03-08,54.54,48.91,11.82
2021-03-09,54.09,48.51,11.72
2021-03-10,56.34,50.53,12.21
2021-03-11,59.12,53.02,12.81
2021-03-12,58.99,52.9,12.78
2021-03-15,55.99,50.21,12.13
2021-03-16,58.53,52.49,12.69
2021-03-17,58.96,52.87,12.78
2021-03-18,60.31,54.09,13.07
2021-03-19,58.17,52.17,12.61
2021-03-22,57.88,51.91,12.54
2021-03-23,58.5,52.46,12.68
2021-03-24,58.17,52.17,12.61
2021-03-25,57.1,51.21,12.37
2021-03-26,59.32,53.2,12.86
2021-03-29,60.69,54.43,13.15
2021-03-30,61.0,54.7,13.22
2021-03-31,59.77,53.61,12.95
2021-04-01,60.91,54.63,13.2
2021-04-02,63.47,56.92,13.76
2021-04-06,63.52,56.96,13.77
2021-04-07,60.41,54.18,13.09
2021-04-08,60.91,54.63,13.2
2021-04-09,59.18,53.07,12.82
2021-04-12,58.21,52.21,12.62
2021-04-13,58.64,52.59,12.71
2021-04-14,58.84,52.77,12.75
2021-04-15,57.06,51.17,12.37
2021-04-16,58.4,52.37,12.66
2021-04-19,59.26,53.14,12.84
2021-04-20,59.72,53.56,12.94
2021-04-21,60.41,54.18,13.09
2021-04-22,60.49,54.25,13.11
2021-04-23,62.45,56.01,13.54
2021-04-26,61.34,55.01,13.29
2021-04-27,62.86,56.38,13.62
2021-04-28,55.55,51.38,11.67
2021-04-29,56.31,52.09,11.82
2021-04-30,55.44,51.28,11.64
2021-05-06,53.77,49.74,11.29
2021-05-07,52.93,48.96,11.11
2021-05-10,51.35,47.5,10.78
2021-05-11,53.58,49.56,11.25
2021-05-12,53.98,49.93,11.34
2021-05-13,53.69,49.66,11.27
2021-05-14,55.83,51.64,11.72
2021-05-17,57.81,53.47,12.14
2021-05-18,58.26,53.89,12.23
2021-05-19,58.9,54.48,12.37
2021-05-20,59.04,54.61,12.4
2021-05-21,57.69,53.36,12.12
2021-05-24,59.33,54.88,12.46
2021-05-25,62.84,58.12,13.19
2021-05-26,62.05,57.39,13.03
2021-05-27,61.89,57.25,13.0
2021-05-28,61.64,57.02,12.94
2021-05-31,61.3,56.7,12.87
2021-06-01,61.41,56.8,12.9
2021-06-02,60.66,56.11,12.74
2021-06-03,61.0,56.42,12.81
2021-06-04,61.33,56.73,12.88
2021-06-07,60.87,56.3,12.78
2021-06-08,57.96,53.61,12.17
2021-06-09,57.68,53.35,12.11
2021-06-10,58.95,54.52,12.38
2021-06-11,58.66,54.26,12.32
2021-06-15,58.21,53.84,12.22
2021-06-16,56.86,52.59,11.94
2021-06-17,57.23,52.94,12.02
2021-06-18,56.61,52.36,11.89
2021-06-21,57.75,53.41,12.13
2021-06-22,58.33,53.96,12.25
2021-06-23,56.59,52.35,11.88
2021-06-24,56.94,52.66,11.96
2021-06-25,58.34,53.96,12.25
2021-06-28,59.58,55.11,12.51
2021-06-29,58.07,53.72,12.19
2021-06-30,57.95,53.6,12.17
2021-07-01,58.01,53.65,12.18
2021-07-02,55.64,51.46,11.68
2021-07-05,54.68,50.58,11.48
2021-07-06,53.93,49.88,11.32
2021-07-07,55.36,51.2,11.62
2021-07-08,52.49,48.55,11.02
2021-07-09,51.99,48.09,10.92
2021-07-12,52.71,48.75,11.07
2021-07-13,53.69,49.66,11.27
2021-07-14,53.55,49.53,11.24
2021-07-15,54.63,50.53,11.47
2021-07-16,53.98,49.93,11.34
2021-07-19,54.64,50.54,11.47
2021-07-20,54.91,50.79,11.53
2021-07-21,54.7,50.6,11.49
2021-07-22,54.48,50.4,11.44
2021-07-23,52.76,48.8,11.08
2021-07-26,48.54,44.9,10.19
2021-07-27,44.96,41.59,9.44
2021-07-28,46.04,42.58,9.67
2021-07-29,45.72,42.29,9.6
2021-07-30,42.94,39.72,9.02
2021-08-02,45.61,42.18,9.58
2021-08-03,46.69,43.19,9.81
2021-08-04,45.61,42.19,9.58
2021-08-05,44.19,40.87,9.28
2021-08-06,43.96,40.66,9.23
2021-08-09,44.74,41.38,9.4
2021-08-10,48.42,44.78,10.17
2021-08-11,47.89,44.3,10.06
2021-08-12,46.28,42.81,9.72
2021-08-13,46.84,43.32,9.84
2021-08-16,46.82,43.31,9.83
2021-08-17,44.73,41.37,9.39
2021-08-18,44.55,41.2,9.35
2021-08-19,43.31,40.06,9.09
2021-08-20,40.15,37.13,8.43
2021-08-23,40.08,37.07,8.42
2021-08-24,40.85,37.78,8.58
2021-08-25,42.31,39.13,8.88
2021-08-26,40.3,37.27,8.46
2021-08-27,40.01,37.01,8.4
2021-08-30,40.27,36.03,9.04
2021-08-31,39.23,35.11,8.81
2021-09-01,40.4,36.16,9.07
2021-09-02,39.14,35.03,8.79
2021-09-03,40.05,35.84,8.99
2021-09-06,41.13,36.81,9.23
2021-09-07,41.23,36.9,9.26
2021-09-08,40.41,36.16,9.07
2021-09-09,40.33,36.09,9.05
2021-09-10,41.57,37.2,9.33
2021-09-13,40.42,36.17,9.07
2021-09-14,40.02,35.81,8.98
2021-09-15,38.61,34.55,8.67
2021-09-16,38.32,34.29,8.6
2021-09-17,39.28,35.15,8.82
2021-09-22,37.72,33.76,8.47
2021-09-23,37.82,33.84,8.49
2021-09-24,39.01,34.9,8.76
2021-09-27,42.91,38.39,9.63
2021-09-28,42.2,37.76,9.47
2021-09-29,42.54,38.06,9.55
2021-09-30,42.68,38.19,9.58
2021-10-08,44.39,39.73,9.97
2021-10-11,44.31,39.65,9.95
2021-10-12,44.61,39.92,10.01
2021-10-13,46.59,41.69,10.46
2021-10-14,46.68,41.78,10.48
2021-10-15,45.58,40.79,10.23
2021-10-18,41.88,37.48,9.4
2021-10-19,42.59,38.12,9.56
2021-10-20,42.78,38.28,9.6
2021-10-21,42.99,38.47,9.65
2021-10-22,43.77,39.17,9.83
2021-10-25,42.86,38.36,9.62
2021-10-26,42.92,38.41,9.64
2021-10-27,42.02,37.6,9.43
2021-10-28,41.88,37.47,9.4
2021-10-29,42.12,37.69,9.45
2021-11-01,39.86,34.99,8.55
2021-11-02,39.16,34.37,8.4
2021-11-03,38.73,34.0,8.31
2021-11-04,40.23,35.31,8.63
2021-11-05,40.91,35.9,8.78
2021-11-08,41.04,36.02,8.8
2021-11-09,40.61,35.64,8.71
2021-11-10,40.01,35.12,8.58
2021-11-11,40.17,35.26,8.62
2021-11-12,39.65,34.8,8.51
2021-11-15,39.82,34.95,8.54
2021-11-16,41.24,36.19,8.85
2021-11-17,41.14,36.11,8.83
2021-11-18,40.58,35.62,8.71
2021-11-19,41.35,36.29,8.87
2021-11-22,42.01,36.87,9.01
2021-11-23,41.78,36.67,8.96
2021-11-24,43.65,38.31,9.36
2021-11-25,43.37,38.06,9.3
2021-11-26,43.35,38.05,9.3
2021-11-29,43.71,38.37,9.38
2021-11-30,42.41,37.22,9.1
2021-12-01,42.9,37.65,9.2
2021-12-02,43.33,38.03,9.3
2021-12-03,44.63,39.17,9.57
2021-12-06,45.19,39.66,9.69
2021-12-07,45.52,39.95,9.76
2021-12-08,47.46,41.66,10.18
2021-12-09,48.82,42.85,10.47
2021-12-10,48.05,42.17,10.31
2021-12-13,48.63,42.68,10.43
2021-12-14,48.63,42.68,10.43
2021-12-15,47.42,41.62,10.17
2021-12-16,47.37,41.57,10.16
2021-12-17,45.74,40.15,9.81
2021-12-20,45.91,40.29,9.85
2021-12-21,45.06,39.55,9.67
2021-12-22,45.15,39.63,9.69
2021-12-23,46.1,40.46,9.89
2021-12-24,47.06,41.3,10.1
2021-12-27,45.95,40.33,9.86
2021-12-28,46.21,40.56,9.91
2021-12-29,43.9,38.53,9.42
2021-12-30,43.86,38.5,9.41
2021-12-31,43.31,38.01,9.29
2022-01-04,43.49,38.17,9.33
2022-01-05,43.52,38.2,9.34
2022-01-06,42.69,37.47,9.16
2022-01-07,42.34,37.16,9.08
2022-01-10,41.81,36.7,8.97
2022-01-11,41.5,36.42,8.9
2022-01-12,42.39,37.2,9.09
2022-01-13,40.64,35.66,8.72
2022-01-14,40.3,35.37,8.65
2022-01-17,40.62,35.65,8.71
2022-01-18,41.14,36.11,8.83
2022-01-19,41.0,35.99,8.8
2022-01-20,41.48,36.4,8.9
2022-01-21,42.26,37.09,9.07
2022-01-24,41.84,36.72,8.97
2022-01-25,40.53,35.57,8.69
2022-01-26,40.08,35.18,8.6
2022-01-27,39.57,34.72,8.49
2022-01-28,38.59,33.87,8.28
2022-02-07,38.05,33.4,8.16
2022-02-08,36.96,32.44,7.93
2022-02-09,38.12,33.46,8.18
2022-02-10,37.55,32.96,8.06
2022-02-11,37.79,33.17,8.11
2022-02-14,38.52,33.8,8.26
2022-02-15,38.87,34.11,8.34
2022-02-16,38.79,34.04,8.32
2022-02-17,38.41,33.71,8.24
2022-02-18,38.71,33.97,8.3
2022-02-21,38.75,34.01,8.31
2022-02-22,37.62,33.02,8.07
2022-02-23,38.16,33.5,8.19
2022-02-24,36.7,32.21,7.87
2022-02-25,37.05,32.52,7.95
2022-02-28,36.96,32.44,7.93
2022-03-01,37.58,32.98,8.06
2022-03-02,36.8,32.3,7.9
2022-03-03,35.42,31.08,7.6
2022-03-04,34.31,30.11,7.36
2022-03-07,32.29,28.34,6.93
2022-03-08,32.34,28.38,6.94
2022-03-09,31.68,27.81,6.8
2022-03-10,33.49,29.39,7.18
2022-03-11,33.41,29.32,7.17
2022-03-14,32.34,28.39,6.94
2022-03-15,30.57,26.83,6.56
2022-03-16,32.06,28.13,6.88
2022-03-17,32.73,28.72,7.02
2022-03-18,32.66,28.66,7.01
2022-03-21,32.23,28.29,6.92
2022-03-22,31.96,28.05,6.86
2022-03-23,32.28,28.33,6.92
2022-03-24,31.39,27.55,6.73
2022-03-25,30.58,26.84,6.56
2022-03-28,29.41,25.81,6.31
2022-03-29,29.02,25.47,6.23
2022-03-30,30.53,26.79,6.55
2022-03-31,30.16,26.47,6.47
2022-04-01,31.1,27.3,6.67
2022-04-06,31.13,27.32,6.68
2022-04-07,31.21,27.39,6.7
2022-04-08,31.24,27.42,6.7
2022-04-11,29.89,26.23,6.41
2022-04-12,31.88,27.98,6.84
2022-04-13,31.57,27.71,6.77
2022-04-14,33.37,29.29,7.16
2022-04-15,33.05,29.01,7.09
2022-04-18,32.52,28.54,6.98
2022-04-19,32.1,28.17,6.89
2022-04-20,32.27,28.32,6.92
2022-04-21,31.62,27.76,6.78
2022-04-22,32.18,28.24,6.9
2022-04-25,30.15,26.46,6.47
2022-04-26,30.83,27.06,6.61
2022-04-27,31.39,27.55,6.73
2022-04-28,32.26,28.31,6.92
2022-04-29,26.92,25.3,5.73
2022-05-05,26.82,25.21,5.71
2022-05-06,26.08,24.51,5.55
2022-05-09,25.7,24.15,5.47
2022-05-10,25.79,24.24,5.49
2022-05-11,26.15,24.58,5.56
2022-05-12,26.25,24.67,5.58
2022-05-13,26.06,24.49,5.54
2022-05-16,25.77,24.21,5.48
2022-05-17,25.93,24.37,5.52
2022-05-18,25.67,24.12,5.46
2022-05-19,25.49,23.95,5.42
2022-05-20,26.98,25.35,5.74
2022-05-23,26.47,24.88,5.63
2022-05-24,26.0,24.43,5.53
2022-05-25,26.14,24.57,5.56
2022-05-26,26.11,24.53,5.55
2022-05-27,26.23,24.65,5.58
2022-05-30,27.59,25.93,5.87
2022-05-31,28.46,26.74,6.05
2022-06-01,28.3,26.59,6.02
2022-06-02,28.19,26.49,6.0
2022-06-06,28.72,26.98,6.11
2022-06-07,28.91,27.17,6.15
2022-06-08,29.58,27.79,6.29
2022-06-09,29.23,27.46,6.22
2022-06-10,29.46,27.68,6.27
2022-06-13,28.64,26.92,6.09
2022-06-14,28.86,27.12,6.14
2022-06-15,29.44,27.66,6.26
2022-06-16,29.49,27.71,6.27
2022-06-17,30.08,28.27,6.4
2022-06-20,30.47,28.63,6.48
2022-06-21,30.16,28.35,6.42
2022-06-22,29.57,27.79,6.29
2022-06-23,29.95,28.15,6.37
2022-06-24,30.72,28.87,6.53
2022-06-27,32.05,30.11,6.82
2022-06-28,33.15,31.15,7.05
2022-06-29,31.88,29.96,6.78
2022-06-30,33.53,31.51,7.13
2022-07-01,33.71,31.68,7.17
2022-07-04,33.38,31.37,7.1
2022-07-05,32.98,30.99,7.02
2022-07-06,32.34,30.39,6.88
2022-07-07,31.81,29.89,6.77
2022-07-08,32.0,30.07,6.81
2022-07-11,31.45,29.55,6.69
2022-07-12,31.55,29.65,6.71
2022-07-13,32.06,30.13,6.82
2022-07-14,31.57,29.67,6.72
2022-07-15,31.53,29.63,6.71
2022-07-18,31.1,29.23,6.62
2022-07-19,31.37,29.48,6.67
2022-07-20,31.4,29.51,6.68
2022-07-21,31.0,29.13,6.59
2022-07-22,30.87,29.01,6.57
2022-07-25,31.23,29.35,6.64
2022-07-26,31.71,29.8,6.75
2022-07-27,31.23,29.35,6.64
2022-07-28,31.07,29.2,6.61
2022-07-29,29.62,27.84,6.3
2022-08-01,29.65,27.86,6.31
2022-08-02,29.17,27.41,6.2
2022-08-03,28.99,27.24,6.17
2022-08-04,29.35,27.58,6.24
2022-08-05,29.75,27.96,6.33
2022-08-08,29.54,27.76,6.28
2022-08-09,29.39,27.62,6.25
2022-08-10,28.89,27.15,6.15
2022-08-11,29.54,27.76,6.28
2022-08-12,29.67,27.88,6.31
2022-08-15,29.22,27.46,6.22
2022-08-16,29.1,27.34,6.19
2022-08-17,29.26,27.49,6.22
2022-08-18,28.8,27.06,6.13
2022-08-19,28.84,27.1,6.13
2022-08-22,28.48,26.76,6.06
2022-08-23,27.9,26.21,5.93
2022-08-24,27.77,26.1,5.91
2022-08-25,28.13,26.43,5.98
2022-08-26,28.24,26.12,6.45
2022-08-29,27.46,25.39,6.27
2022-08-30,27.24,25.19,6.22
2022-08-31,27.76,25.68,6.34
2022-09-01,27.16,25.12,6.2
2022-09-02,26.87,24.85,6.13
2022-09-05,26.4,24.42,6.03
2022-09-06,26.65,24.65,6.08
2022-09-07,26.39,24.41,6.02
2022-09-08,26.41,24.43,6.03
2022-09-09,26.81,24.8,6.12
2022-09-13,27.17,25.13,6.2
2022-09-14,26.97,24.94,6.15
2022-09-15,27.3,25.25,6.23
2022-09-16,26.75,24.74,6.1
2022-09-19,27.07,25.04,6.18
2022-09-20,27.53,25.46,6.28
2022-09-21,27.14,25.1,6.19
2022-09-22,26.38,24.4,6.02
2022-09-23,26.42,24.44,6.03
2022-09-26,26.92,24.9,6.14
2022-09-27,28.37,26.23,6.47
2022-09-28,28.16,26.05,6.43
2022-09-29,27.98,25.88,6.39
2022-09-30,28.1,25.99,6.41
2022-10-10,26.38,24.4,6.02
2022-10-11,26.33,24.35,6.01
2022-10-12,26.0,24.05,5.93
2022-10-13,25.5,23.58,5.82
2022-10-14,26.42,24.44,6.03
2022-10-17,26.18,24.21,5.97
2022-10-18,26.35,24.37,6.01
2022-10-19,25.65,23.73,5.85
2022-10-20,25.6,23.67,5.84
2022-10-21,25.26,23.37,5.77
2022-10-24,23.78,22.0,5.43
2022-10-25,23.6,21.83,5.39
2022-10-26,23.81,22.02,5.43
2022-10-27,22.76,21.05,5.2
2022-10-28,22.83,20.5,4.97
2022-10-31,22.17,19.9,4.83
2022-11-01,23.67,21.25,5.16
2022-11-02,23.85,21.41,5.19
2022-11-03,23.4,21.01,5.1
2022-11-04,24.91,22.36,5.43
2022-11-07,25.1,22.53,5.47
2022-11-08,24.49,21.99,5.33
2022-11-09,24.14,21.67,5.26
2022-11-10,24.2,21.73,5.27
2022-11-11,24.91,22.36,5.43
2022-11-14,24.96,22.41,5.44
2022-11-15,25.6,22.98,5.58
2022-11-16,25.61,22.99,5.58
2022-11-17,25.34,22.75,5.52
2022-11-18,25.51,22.9,5.56
2022-11-21,24.73,22.2,5.39
2022-11-22,24.94,22.39,5.43
2022-11-23,24.87,22.33,5.42
2022-11-24,24.54,22.03,5.35
2022-11-25,24.47,21.97,5.33
2022-11-28,24.52,22.01,5.34
2022-11-29,25.75,23.11,5.61
2022-11-30,26.05,23.38,5.67
2022-12-01,27.33,24.54,5.95
2022-12-02,27.07,24.31,5.9
2022-12-05,27.98,25.12,6.09
2022-12-06,29.12,26.15,6.34
2022-12-07,28.84,25.89,6.28
2022-12-08,29.02,26.05,6.32
2022-12-09,30.43,27.32,6.63
2022-12-12,29.61,26.59,6.45
2022-12-13,29.8,26.75,6.49
2022-12-14,30.57,27.44,6.66
2022-12-15,30.21,27.12,6.58
2022-12-16,30.31,27.21,6.6
2022-12-19,29.88,26.82,6.51
2022-12-20,28.64,25.72,6.24
2022-12-21,28.97,26.01,6.31
2022-12-22,29.8,26.76,6.49
2022-12-23,29.94,26.88,6.52
2022-12-26,29.66,26.62,6.46
2022-12-27,30.06,26.99,6.55
2022-12-28,29.92,26.86,6.52
2022-12-29,29.68,26.65,6.46
2022-12-30,30.0,26.94,6.54
2023-01-03,29.59,26.56,6.45
2023-01-04,29.66,26.63,6.46
2023-01-05,31.38,28.17,6.84
2023-01-06,31.62,28.39,6.89
2023-01-09,32.52,29.2,7.08
2023-01-10,32.42,29.1,7.06
2023-01-11,32.23,28.93,7.02
2023-01-12,32.11,28.83,6.99
2023-01-13,32.97,29.6,7.18
2023-01-16,34.29,30.79,7.47
2023-01-17,33.68,30.24,7.34
2023-01-18,34.17,30.68,7.44
2023-01-19,34.09,30.6,7.43
2023-01-20,34.66,31.11,7.55
2023-01-30,36.13,32.44,7.87
2023-01-31,34.7,31.16,7.56
2023-02-01,34.88,31.31,7.6
2023-02-02,35.29,31.68,7.69
2023-02-03,34.87,31.3,7.6
2023-02-06,33.49,30.07,7.29
2023-02-07,33.73,30.29,7.35
2023-02-08,33.13,29.75,7.22
2023-02-09,34.44,30.92,7.5
2023-02-10,33.99,30.51,7.4
2023-02-13,35.27,31.66,7.68
2023-02-14,34.74,31.19,7.57
2023-02-15,35.04,31.45,7.63
2023-02-16,35.0,31.42,7.62
2023-02-17,34.56,31.03,7.53
2023-02-20,35.36,31.74,7.7
2023-02-21,34.88,31.32,7.6
2023-02-22,34.45,30.93,7.5
2023-02-23,34.06,30.57,7.42
2023-02-24,33.39,29.98,7.27
2023-02-27,34.01,30.53,7.41
2023-02-28,33.94,30.47,7.39
2023-03-01,34.43,30.91,7.5
2023-03-02,34.24,30.74,7.46
2023-03-03,34.17,30.67,7.44
2023-03-06,33.97,30.5,7.4
2023-03-07,33.28,29.88,7.25
2023-03-08,33.09,29.71,7.21
2023-03-09,32.88,29.52,7.16
2023-03-10,32.42,29.1,7.06
2023-03-13,32.98,29.61,7.18
2023-03-14,32.42,29.11,7.06
2023-03-15,31.93,28.67,6.96
2023-03-16,31.75,28.5,6.92
2023-03-17,31.3,28.1,6.82
2023-03-20,30.87,27.71,6.72
2023-03-21,31.92,28.66,6.95
2023-03-22,31.84,28.59,6.94
2023-03-23,32.31,29.01,7.04
2023-03-24,32.05,28.77,6.98
2023-03-27,31.62,28.38,6.89
2023-03-28,31.96,28.7,6.96
2023-03-29,32.42,29.11,7.06
2023-03-30,32.94,29.57,7.18
2023-03-31,32.71,29.37,7.12
2023-04-03,32.41,29.1,7.06
2023-04-04,32.57,29.24,7.09
2023-04-06,31.64,28.4,6.89
2023-04-07,31.39,28.18,6.84
2023-04-10,30.66,27.53,6.68
2023-04-11,29.98,26.91,6.53
2023-04-12,29.19,26.21,6.36
2023-04-13,29.54,26.52,6.43
2023-04-14,29.16,26.18,6.35
2023-04-17,29.59,26.56,6.44
2023-04-18,29.61,26.58,6.45
2023-04-19,29.27,26.28,6.38
2023-04-20,28.81,25.86,6.28
2023-04-21,28.56,25.64,6.22
2023-04-24,27.9,25.04,6.08
2023-04-25,28.19,25.31,6.14
2023-04-26,28.0,25.13,6.1
2023-04-27,28.09,25.22,6.12
2023-04-28,28.06,25.19,6.11
2023-05-04,24.57,23.08,5.18
2023-05-05,25.26,23.73,5.33
2023-05-08,24.93,23.42,5.26
2023-05-09,25.42,23.88,5.36
2023-05-10,25.21,23.68,5.32
2023-05-11,25.1,23.58,5.29
2023-05-12,24.63,23.14,5.19
2023-05-15,25.08,23.56,5.29
2023-05-16,24.79,23.29,5.23
2023-05-17,24.63,23.14,5.19
2023-05-18,24.53,23.04,5.17
2023-05-19,24.84,23.34,5.24
2023-05-22,25.83,24.27,5.45
2023-05-23,25.3,23.77,5.34
2023-05-24,24.77,23.27,5.22
2023-05-25,24.46,22.98,5.16
2023-05-26,24.74,23.24,5.22
2023-05-29,24.47,22.99,5.16
2023-05-30,24.02,22.57,5.07
2023-05-31,23.44,22.02,4.94
2023-06-01,23.75,22.31,5.01
2023-06-02,24.42,22.94,5.15
2023-06-05,24.02,22.57,5.07
2023-06-06,24.09,22.63,5.08
2023-06-07,23.85,22.41,5.03
2023-06-08,23.97,22.52,5.05
2023-06-09,23.94,22.49,5.05
2023-06-12,24.78,23.28,5.23
2023-06-13,25.17,23.65,5.31
2023-06-14,25.84,24.28,5.45
2023-06-15,26.47,24.87,5.58
2023-06-16,26.77,25.15,5.65
2023-06-19,25.82,24.26,5.44
2023-06-20,25.31,23.77,5.34
2023-06-21,24.93,23.42,5.26
2023-06-26,24.24,22.77,5.11
2023-06-27,24.16,22.7,5.09
2023-06-28,24.24,22.77,5.11
2023-06-29,23.82,22.38,5.02
2023-06-30,23.79,22.35,5.02
2023-07-03,24.34,22.87,5.13
2023-07-04,24.46,22.98,5.16
2023-07-05,24.05,22.6,5.07
2023-07-06,23.89,22.45,5.04
2023-07-07,23.8,22.36,5.02
2023-07-10,23.94,22.49,5.05
2023-07-11,24.02,22.56,5.06
2023-07-12,24.06,22.61,5.07
2023-07-13,25.11,23.59,5.29
2023-07-14,25.01,23.5,5.27
2023-07-17,24.67,23.18,5.2
2023-07-18,24.49,23.01,5.16
2023-07-19,24.48,23.0,5.16
2023-07-20,24.51,23.03,5.17
2023-07-21,24.91,23.4,5.25
2023-07-24,24.63,23.14,5.19
2023-07-25,26.1,24.52,5.5
2023-07-26,25.86,24.29,5.45
2023-07-27,25.95,24.38,5.47
2023-07-28,26.35,24.75,5.56
2023-07-31,26.32,24.73,5.55
2023-08-01,26.16,24.58,5.52
2023-08-02,25.88,24.32,5.46
2023-08-03,25.97,24.4,5.48
2023-08-04,26.07,24.49,5.5
2023-08-07,25.79,24.23,5.44
2023-08-08,25.72,24.17,5.42
2023-08-09,25.77,24.21,5.43
2023-08-10,25.64,24.09,5.41
2023-08-11,25.07,23.55,5.29
2023-08-14,24.52,23.04,5.17
2023-08-15,24.21,22.75,5.11
2023-08-16,24.24,22.78,5.11
2023-08-17,24.5,23.01,5.17
2023-08-18,23.78,22.34,5.02
2023-08-21,23.56,22.13,4.97
2023-08-22,23.58,22.15,4.97
2023-08-23,23.27,21.86,4.91
2023-08-24,23.6,22.17,4.98
2023-08-25,23.49,22.07,4.95
2023-08-28,22.9,21.35,5.25
2023-08-29,23.18,21.61,5.32
2023-08-30,22.95,21.4,5.26
2023-08-31,22.67,21.14,5.2
2023-09-01,23.23,21.66,5.33
2023-09-04,24.42,22.77,5.6
2023-09-05,24.1,22.47,5.53
2023-09-06,24.1,22.47,5.53
2023-09-07,23.72,22.11,5.44
2023-09-08,23.55,21.95,5.4
2023-09-11,23.9,22.28,5.48
2023-09-12,23.7,22.1,5.44
2023-09-13,23.8,22.19,5.46
2023-09-14,23.56,21.96,5.4
2023-09-15,23.23,21.65,5.33
2023-09-18,23.68,22.07,5.43
2023-09-19,23.4,21.82,5.37
2023-09-20,23.25,21.67,5.33
2023-09-21,22.93,21.38,5.26
2023-09-22,23.26,21.68,5.33
2023-09-25,23.11,21.54,5.3
2023-09-26,22.78,21.24,5.22
2023-09-27,22.77,21.23,5.22
2023-09-28,22.7,21.16,5.21
2023-10-09,22.44,20.92,5.15
2023-10-10,22.31,20.8,5.12
2023-10-11,22.35,20.84,5.13
2023-10-12,22.65,21.11,5.19
2023-10-13,22.34,20.83,5.12
2023-10-16,21.83,20.36,5.01
2023-10-17,21.87,20.39,5.02
2023-10-18,21.7,20.23,4.98
2023-10-19,20.98,19.56,4.81
2023-10-20,20.9,19.48,4.79
2023-10-23,20.91,19.49,4.79
2023-10-24,20.95,19.53,4.8
2023-10-25,21.72,20.25,4.98
2023-10-26,21.97,20.48,5.04
2023-10-27,22.25,20.74,5.1
2023-10-30,22.77,20.58,4.98
2023-10-31,22.69,20.5,4.96
2023-11-01,23.27,21.03,5.08
2023-11-02,22.96,20.75,5.02
2023-11-03,23.22,20.98,5.07
2023-11-06,23.25,21.01,5.08
2023-11-07,23.17,20.94,5.06
2023-11-08,23.07,20.85,5.04
2023-11-09,23.06,20.84,5.04
2023-11-10,22.82,20.62,4.98
2023-11-13,22.52,20.36,4.92
2023-11-14,22.67,20.49,4.95
2023-11-15,22.87,20.67,5.0
2023-11-16,22.74,20.55,4.97
2023-11-17,22.54,20.37,4.92
2023-11-20,22.45,20.29,4.91
2023-11-21,22.59,20.41,4.93
2023-11-22,22.32,20.18,4.88
2023-11-23,22.26,20.12,4.86
2023-11-24,22.28,20.14,4.87
2023-11-27,21.71,19.62,4.74
2023-11-28,21.63,19.55,4.73
2023-11-29,21.57,19.49,4.71
2023-11-30,21.69,19.6,4.74
2023-12-01,21.41,19.35,4.68
2023-12-04,21.21,19.17,4.63
2023-12-05,20.75,18.75,4.53
2023-12-06,20.96,18.94,4.58
2023-12-07,20.73,18.73,4.53
2023-12-08,20.79,18.78,4.54
2023-12-11,20.24,18.29,4.42
2023-12-12,20.26,18.31,4.43
2023-12-13,19.46,17.58,4.25
2023-12-14,19.29,17.43,4.21
2023-12-15,19.44,17.57,4.25
2023-12-18,19.49,17.61,4.26
2023-12-19,19.39,17.52,4.24
2023-12-20,19.22,17.37,4.2
2023-12-21,19.5,17.62,4.26
2023-12-22,19.4,17.54,4.24
2023-12-25,19.57,17.68,4.27
2023-12-26,19.53,17.65,4.27
2023-12-27,19.46,17.59,4.25
2023-12-28,20.37,18.41,4.45
2023-12-29,20.41,18.44,4.46
2024-01-02,19.78,17.87,4.32
2024-01-03,19.62,17.73,4.29
2024-01-04,19.24,17.39,4.2
2024-01-05,19.09,17.25,4.17
2024-01-08,18.63,16.84,4.07
2024-01-09,18.59,16.8,4.06
2024-01-10,18.73,16.93,4.09
2024-01-11,18.85,17.04,4.12
2024-01-12,18.72,16.92,4.09
2024-01-15,18.71,16.91,4.09
2024-01-16,18.67,16.88,4.08
2024-01-17,18.2,16.45,3.98
2024-01-18,18.6,16.81,4.06
2024-01-19,18.74,16.94,4.09
2024-01-22,18.47,16.69,4.03
2024-01-23,18.52,16.74,4.05
2024-01-24,18.62,16.83,4.07
2024-01-25,19.07,17.23,4.17
2024-01-26,19.05,17.22,4.16
2024-01-29,19.16,17.32,4.19
2024-01-30,18.57,16.78,4.06
2024-01-31,18.37,16.6,4.01
2024-02-01,18.4,16.63,4.02
2024-02-02,18.01,16.27,3.93
2024-02-05,18.41,16.63,4.02
2024-02-06,19.34,17.48,4.22
2024-02-07,19.47,17.59,4.25
2024-02-08,19.43,17.56,4.24
2024-02-19,19.8,17.89,4.33
2024-02-20,19.54,17.66,4.27
2024-02-21,20.51,18.53,4.48
2024-02-22,20.52,18.54,4.48
2024-02-23,20.61,18.62,4.5
2024-02-26,20.33,18.37,4.44
2024-02-27,20.33,18.37,4.44
2024-02-28,20.29,18.34,4.43
2024-02-29,20.69,18.7,4.52
2024-03-01,20.74,18.74,4.53
2024-03-04,20.41,18.44,4.46
2024-03-05,20.59,18.61,4.5
2024-03-06,20.22,18.28,4.42
2024-03-07,20.11,18.17,4.39
2024-03-08,20.13,18.19,4.4
2024-03-11,20.53,18.55,4.48
2024-03-12,21.57,19.49,4.71
2024-03-13,21.49,19.42,4.69
2024-03-14,21.75,19.66,4.75
2024-03-15,22.18,20.04,4.84
2024-03-18,22.32,20.17,4.88
2024-03-19,22.89,20.68,5.0
2024-03-20,22.83,20.63,4.99
2024-03-21,22.78,20.58,4.98
2024-03-22,22.31,20.16,4.87
2024-03-25,22.06,19.94,4.82
2024-03-26,22.57,20.4,4.93
2024-03-27,22.2,20.06,4.85
2024-03-28,22.27,20.12,4.86
2024-03-29,22.32,20.18,4.88
2024-04-01,22.87,20.67,5.0
2024-04-02,22.61,20.44,4.94
2024-04-03,22.48,20.32,4.91
2024-04-08,21.42,19.36,4.68
2024-04-09,21.3,19.25,4.65
2024-04-10,20.81,18.81,4.55
2024-04-11,20.7,18.71,4.52
2024-04-12,20.43,18.46,4.46
2024-04-15,21.42,19.36,4.68
2024-04-16,21.08,19.05,4.61
2024-04-17,21.13,19.1,4.62
2024-04-18,21.08,19.05,4.61
2024-04-19,20.78,18.78,4.54
2024-04-22,21.02,19.0,4.59
2024-04-23,21.38,19.32,4.67
2024-04-24,21.67,19.58,4.73
2024-04-25,21.67,19.58,4.73
2024-04-26,22.14,20.01,4.84
2024-04-29,19.5,18.57,4.1
2024-04-30,19.33,18.41,4.07
2024-05-06,19.92,18.97,4.19
2024-05-07,20.04,19.09,4.22
2024-05-08,19.92,18.97,4.19
2024-05-09,19.89,18.95,4.19
2024-05-10,19.84,18.9,4.17
2024-05-13,19.41,18.49,4.08
2024-05-14,19.44,18.52,4.09
2024-05-15,19.45,18.53,4.09
2024-05-16,19.79,18.86,4.16
2024-05-17,20.1,19.14,4.23
2024-05-20,20.21,19.25,4.25
2024-05-21,20.11,19.16,4.23
2024-05-22,19.93,18.99,4.19
2024-05-23,19.74,18.8,4.15
2024-05-24,19.42,18.5,4.09
2024-05-27,19.48,18.55,4.1
2024-05-28,19.28,18.36,4.06
2024-05-29,19.17,18.26,4.03
2024-05-30,18.79,17.9,3.95
2024-05-31,18.85,17.96,3.97
2024-06-03,18.76,17.87,3.95
2024-06-04,18.99,18.09,3.99
2024-06-05,18.73,17.84,3.94
2024-06-06,18.62,17.74,3.92
2024-06-07,18.29,17.42,3.85
2024-06-11,17.79,16.95,3.74
2024-06-12,17.72,16.88,3.73
2024-06-13,17.29,16.47,3.64
2024-06-14,17.43,16.61,3.67
2024-06-17,17.44,16.61,3.67
2024-06-18,17.2,16.39,3.62
2024-06-19,17.25,16.43,3.63
2024-06-20,16.99,16.18,3.57
2024-06-21,16.73,15.94,3.52
2024-06-24,16.84,16.04,3.54
2024-06-25,16.9,16.1,3.55
2024-06-26,16.87,16.07,3.55
2024-06-27,16.66,15.87,3.5
2024-06-28,16.45,15.67,3.46
2024-07-01,16.48,15.7,3.47
2024-07-02,16.9,16.1,3.56
2024-07-03,16.83,16.03,3.54
2024-07-04,16.78,15.98,3.53
2024-07-05,16.57,15.78,3.49
2024-07-08,16.18,15.41,3.4
2024-07-09,16.33,15.55,3.43
2024-07-10,16.26,15.49,3.42
2024-07-11,16.76,15.97,3.53
2024-07-12,16.37,15.59,3.44
2024-07-15,16.38,15.61,3.45
2024-07-16,16.38,15.6,3.45
2024-07-17,16.8,16.0,3.53
2024-07-18,16.84,16.05,3.54
2024-07-19,17.14,16.33,3.61
2024-07-22,16.86,16.06,3.55
2024-07-23,16.29,15.52,3.43
2024-07-24,16.2,15.43,3.41
2024-07-25,16.16,15.39,3.4
2024-07-26,16.21,15.45,3.41
2024-07-29,15.95,15.19,3.35
2024-07-30,15.84,15.09,3.33
2024-07-31,16.3,15.53,3.43
2024-08-01,15.93,15.18,3.35
2024-08-02,15.89,15.14,3.34
2024-08-05,16.19,15.42,3.41
2024-08-06,16.18,15.41,3.4
2024-08-07,16.32,15.54,3.43
2024-08-08,16.49,15.71,3.47
2024-08-09,16.46,15.68,3.46
2024-08-12,16.41,15.63,3.45
2024-08-13,16.14,15.37,3.4
2024-08-14,15.97,15.22,3.36
2024-08-15,16.05,15.29,3.38
2024-08-16,16.06,15.3,3.38
2024-08-19,15.93,15.17,3.35
2024-08-20,15.82,15.07,3.33
2024-08-21,15.7,14.96,3.3
2024-08-22,15.55,14.81,3.27
2024-08-23,15.56,14.82,3.27
2024-08-26,15.18,14.46,3.19
2024-08-27,15.12,14.41,3.18
2024-08-28,14.65,13.95,3.08
2024-08-29,15.26,14.3,3.53
2024-08-30,15.81,14.82,3.66
2024-09-02,15.29,14.33,3.54
2024-09-03,15.46,14.49,3.58
2024-09-04,15.3,14.34,3.54
2024-09-05,15.36,14.4,3.56
2024-09-06,15.1,14.15,3.5
2024-09-09,14.93,14.0,3.46
2024-09-10,14.96,14.02,3.46
2024-09-11,14.91,13.97,3.45
2024-09-12,14.57,13.65,3.37
2024-09-13,14.03,13.15,3.25
2024-09-18,13.84,12.97,3.2
2024-09-19,14.25,13.36,3.3
2024-09-20,14.17,13.28,3.28
2024-09-23,14.43,13.52,3.34
2024-09-24,15.46,14.5,3.58
2024-09-25,15.69,14.7,3.63
2024-09-26,17.26,16.18,4.0
2024-09-27,18.98,17.79,4.39
2024-09-30,20.88,19.57,4.83
2024-10-08,21.08,19.76,4.88
2024-10-09,18.97,17.79,4.39
2024-10-10,19.53,18.3,4.52
2024-10-11,19.23,18.02,4.45
2024-10-14,19.24,18.04,4.45
2024-10-15,18.5,17.34,4.28
2024-10-16,18.2,17.06,4.21
2024-10-17,17.72,16.61,4.1
2024-10-18,18.37,17.22,4.25
2024-10-21,18.37,17.22,4.25
2024-10-22,18.69,17.52,4.33
2024-10-23,19.08,17.89,4.42
2024-10-24,18.82,17.64,4.36
2024-10-25,19.03,17.84,4.41
2024-10-28,19.78,18.54,4.58
2024-10-29,19.38,18.16,4.49
2024-10-30,19.12,17.92,4.43
2024-10-31,18.87,17.64,4.18
2024-11-01,19.01,17.77,4.21
2024-11-04,19.09,17.85,4.23
2024-11-05,19.63,18.36,4.35
2024-11-06,19.43,18.17,4.31
2024-11-07,20.85,19.49,4.62
2024-11-08,20.1,18.8,4.45
2024-11-11,19.89,18.6,4.41
2024-11-12,19.83,18.54,4.39
2024-11-13,19.78,18.49,4.38
2024-11-14,19.72,18.44,4.37
2024-11-15,19.44,18.18,4.31
2024-11-18,19.19,17.94,4.25
2024-11-19,19.07,17.84,4.23
2024-11-20,19.22,17.97,4.26
2024-11-21,19.21,17.96,4.26
2024-11-22,18.62,17.41,4.12
2024-11-25,18.48,17.28,4.09
2024-11-26,18.6,17.4,4.12
2024-11-27,18.89,17.67,4.19
2024-11-28,18.5,17.3,4.1
2024-11-29,18.86,17.63,4.18
2024-12-02,18.94,17.71,4.2
2024-12-03,18.89,17.66,4.18
2024-12-04,18.72,17.51,4.15
2024-12-05,18.63,17.42,4.13
2024-12-06,18.82,17.59,4.17
2024-12-09,18.73,17.51,4.15
2024-12-10,19.16,17.91,4.24
2024-12-11,19.2,17.95,4.25
2024-12-12,19.51,18.24,4.32
2024-12-13,19.02,17.79,4.21
2024-12-16,18.58,17.37,4.12
2024-12-17,18.62,17.41,4.12
2024-12-18,18.66,17.44,4.13
2024-12-19,18.44,17.25,4.09
2024-12-20,18.4,17.21,4.08
2024-12-23,18.3,17.11,4.05
2024-12-24,18.43,17.24,4.08
2024-12-25,18.38,17.19,4.07
2024-12-26,18.31,17.12,4.06
2024-12-27,18.31,17.12,4.06
2024-12-30,18.14,16.97,4.02
2024-12-31,17.99,16.82,3.99
2025-01-02,17.6,16.46,3.9
2025-01-03,17.4,16.27,3.85
2025-01-06,16.81,15.72,3.72
2025-01-07,16.81,15.72,3.72
2025-01-08,16.66,15.58,3.69
2025-01-09,16.78,15.69,3.72
2025-01-10,16.52,15.45,3.66
2025-01-13,16.6,15.52,3.68
2025-01-14,17.09,15.98,3.79
2025-01-15,17.06,15.95,3.78
2025-01-16,16.89,15.8,3.74
2025-01-17,17.0,15.89,3.77
2025-01-20,17.26,16.14,3.82
2025-01-21,17.14,16.03,3.8
2025-01-22,16.75,15.66,3.71
2025-01-23,16.53,15.46,3.66
2025-01-24,16.41,15.34,3.64
2025-01-27,16.34,15.28,3.62
2025-02-05,16.06,15.02,3.56
2025-02-06,16.18,15.13,3.58
2025-02-07,16.4,15.33,3.63
2025-02-10,16.39,15.32,3.63
2025-02-11,16.22,15.17,3.59
2025-02-12,16.41,15.34,3.63
2025-02-13,16.9,15.8,3.74
2025-02-14,16.86,15.77,3.74
2025-02-17,16.9,15.8,3.74
2025-02-18,16.73,15.64,3.71
2025-02-19,16.85,15.75,3.73
2025-02-20,16.77,15.68,3.71
2025-02-21,16.85,15.75,3.73
2025-02-24,16.95,15.85,3.75
2025-02-25,16.54,15.47,3.66
2025-02-26,16.68,15.59,3.69
2025-02-27,17.06,15.95,3.78
2025-02-28,16.91,15.81,3.75
2025-03-03,16.81,15.72,3.72
2025-03-04,16.67,15.59,3.69
2025-03-05,16.52,15.45,3.66
2025-03-06,16.92,15.82,3.75
2025-03-07,17.32,16.2,3.84
2025-03-10,17.05,15.94,3.78
2025-03-11,17.37,16.24,3.85
2025-03-12,17.08,15.98,3.79
2025-03-13,17.01,15.91,3.77
2025-03-14,18.09,16.92,4.01
2025-03-17,17.97,16.8,3.98
2025-03-18,17.93,16.77,3.97
2025-03-19,17.85,16.69,3.95
2025-03-20,17.47,16.34,3.87
2025-03-21,17.29,16.17,3.83
2025-03-24,17.26,16.14,3.82
2025-03-25,17.16,16.05,3.8
2025-03-26,17.13,16.02,3.8
2025-03-27,17.2,16.09,3.81
2025-03-28,17.12,16.01,3.79
2025-03-31,16.88,15.78,3.74
2025-04-01,16.93,15.83,3.75
2025-04-02,16.85,15.76,3.73
2025-04-03,16.96,15.86,3.76
2025-04-07,16.29,15.23,3.61
2025-04-08,16.8,15.71,3.72
2025-04-09,16.99,15.89,3.76
2025-04-10,17.11,16.0,3.79
2025-04-11,16.91,15.81,3.75
2025-04-14,16.84,15.74,3.73
2025-04-15,16.88,15.78,3.74
2025-04-16,17.0,15.89,3.77
2025-04-17,17.03,15.92,3.77
2025-04-18,16.93,15.83,3.75
2025-04-21,16.75,15.66,3.71
2025-04-22,16.72,15.63,3.7
2025-04-23,16.7,15.61,3.7
2025-04-24,16.58,15.51,3.67
2025-04-25,16.58,15.5,3.67
2025-04-28,15.95,15.55,3.43
2025-04-29,15.79,15.39,3.39
2025-04-30,15.68,15.29,3.37
2025-05-06,15.78,15.39,3.39
2025-05-07,15.84,15.45,3.41
2025-05-08,16.06,15.66,3.45
2025-05-09,16.03,15.63,3.45
2025-05-12,16.2,15.8,3.48
2025-05-13,16.21,15.8,3.48
2025-05-14,16.48,16.07,3.54
2025-05-15,16.29,15.88,3.5
2025-05-16,15.97,15.57,3.43
2025-05-19,15.76,15.36,3.39
2025-05-20,15.74,15.34,3.38
2025-05-21,15.75,15.36,3.39
2025-05-22,15.73,15.34,3.38
2025-05-23,15.62,15.23,3.36
2025-05-26,15.4,15.02,3.31
2025-05-27,15.37,14.99,3.31
2025-05-28,15.47,15.08,3.33
2025-05-29,15.52,15.13,3.34
2025-05-30,15.41,15.02,3.31
2025-06-03,15.19,14.81,3.27
2025-06-04,15.18,14.8,3.26
2025-06-05,15.24,14.86,3.28
2025-06-06,15.24,14.86,3.28
2025-06-09,15.23,14.85,3.27
2025-06-10,15.16,14.78,3.26
2025-06-11,15.2,14.82,3.27
2025-06-12,14.93,14.56,3.21
2025-06-13,14.52,14.15,3.12
2025-06-16,14.41,14.05,3.1
2025-06-17,14.34,13.99,3.08
2025-06-18,14.42,14.06,3.1
2025-06-19,14.29,13.94,3.07
2025-06-20,14.57,14.21,3.13
2025-06-23,14.41,14.05,3.1
2025-06-24,14.59,14.23,3.14
2025-06-25,14.65,14.28,3.15
2025-06-26,14.59,14.23,3.14
2025-06-27,14.52,14.16,3.12
2025-06-30,14.49,14.13,3.12
2025-07-01,14.46,14.1,3.11
2025-07-02,14.52,14.16,3.12
2025-07-03,14.58,14.21,3.13
2025-07-04,14.67,14.3,3.15
2025-07-07,14.61,14.25,3.14
2025-07-08,14.72,14.35,3.16
2025-07-09,14.82,14.45,3.19
2025-07-10,14.94,14.56,3.21
2025-07-11,15.15,14.77,3.26
2025-07-14,15.28,14.9,3.29
2025-07-15,15.23,14.85,3.28
2025-07-16,15.27,14.89,3.28
2025-07-17,15.33,14.95,3.3
2025-07-18,15.08,14.71,3.24
2025-07-21,14.94,14.56,3.21
2025-07-22,15.3,14.92,3.29
2025-07-23,15.26,14.88,3.28
2025-07-24,15.3,14.92,3.29
2025-07-25,15.05,14.68,3.24
2025-07-28,15.12,14.74,3.25
2025-07-29,15.05,14.68,3.24
2025-07-30,15.17,14.8,3.26
2025-07-31,14.76,14.39,3.17
2025-08-01,14.74,14.38,3.17
2025-08-04,14.74,14.37,3.17
2025-08-05,14.86,14.49,3.2
2025-08-06,14.89,14.51,3.2
2025-08-07,14.93,14.56,3.21
2025-08-08,14.89,14.52,3.2
2025-08-11,15.1,14.73,3.25
2025-08-12,15.01,14.64,3.23
2025-08-13,15.01,14.64,3.23
2025-08-14,14.97,14.6,3.22
2025-08-15,15.0,14.63,3.23
2025-08-18,15.08,14.7,3.24
2025-08-19,15.16,14.78,3.26
2025-08-20,15.33,14.95,3.3
2025-08-21,15.29,14.91,3.29
2025-08-22,15.33,14.95,3.3
2025-08-25,15.83,15.44,3.4
2025-08-26,15.81,15.42,3.4
2025-08-27,15.43,15.04,3.32
2025-08-28,15.29,15.08,3.47
2025-08-29,15.78,15.57,3.58
2025-09-01,15.7,15.49,3.56
2025-09-02,15.67,15.46,3.55
2025-09-03,15.43,15.22,3.5
2025-09-04,15.29,15.09,3.47
2025-09-05,15.45,15.24,3.5
2025-09-08,15.73,15.52,3.57
2025-09-09,15.7,15.48,3.56
2025-09-10,15.61,15.39,3.54
2025-09-11,15.66,15.45,3.55
2025-09-12,15.5,15.29,3.51
2025-09-15,15.43,15.23,3.5
2025-09-16,15.33,15.12,3.48
2025-09-17,15.35,15.14,3.48
2025-09-18,15.1,14.9,3.42
2025-09-19,15.12,14.92,3.43
2025-09-22,14.93,14.73,3.38
2025-09-23,14.89,14.69,3.38
2025-09-24,14.91,14.71,3.38
2025-09-25,14.81,14.61,3.36
2025-09-26,14.64,14.45,3.32
2025-09-29,14.86,14.66,3.37
2025-09-30,14.8,14.6,3.36
2025-10-09,14.76,14.57,3.35
2025-10-10,14.71,14.51,3.34
2025-10-13,14.6,14.41,3.31
2025-10-14,14.88,14.67,3.37
2025-10-15,14.88,14.67,3.37
2025-10-16,14.96,14.76,3.39
2025-10-17,14.75,14.55,3.35
2025-10-20,14.68,14.48,3.33
2025-10-21,14.69,14.49,3.33
2025-10-22,14.64,14.44,3.32
2025-10-23,14.79,14.59,3.35
2025-10-24,14.66,14.46,3.32
2025-10-27,14.66,14.46,3.32
2025-10-28,14.64,14.44,3.32
2025-10-29,14.48,14.29,3.28
2025-10-30,14.44,14.24,3.27
2025-10-31,14.5,16.24,3.24
2025-11-03,14.5,16.24,3.24
2025-11-04,14.28,15.99,3.19
2025-11-05,14.16,15.86,3.16
2025-11-06,14.16,15.86,3.16
2025-11-07,14.23,15.94,3.18
2025-11-10,14.72,16.49,3.29
2025-11-11,14.72,16.49,3.29
2025-11-12,14.67,16.43,3.28
2025-11-13,14.77,16.55,3.3
2025-11-14,14.65,16.41,3.27
2025-11-17,14.64,16.4,3.27
2025-11-18,14.67,16.43,3.28
2025-11-19,14.61,16.37,3.27
2025-11-20,14.65,16.42,3.28
2025-11-21,14.58,16.34,3.26
2025-11-24,14.44,16.18,3.23
2025-11-25,14.44,16.18,3.23
2025-11-26,14.41,16.14,3.22
2025-11-27,14.37,16.1,3.21
2025-11-28,14.36,16.09,3.21
2025-12-01,14.34,16.06,3.2
2025-12-02,14.21,15.91,3.18
2025-12-03,14.09,15.78,3.15
2025-12-04,13.95,15.62,3.12
2025-12-05,14.01,15.69,3.13
2025-12-08,13.8,15.46,3.09
2025-12-09,13.51,15.14,3.02
2025-12-10,13.6,15.24,3.04
2025-12-11,13.64,15.28,3.05
2025-12-12,13.6,15.23,3.04
2025-12-15,13.7,15.35,3.06
2025-12-16,13.77,15.43,3.08
2025-12-17,13.82,15.48,3.09
2025-12-18,13.46,15.08,3.01
2025-12-19,13.47,15.09,3.01
2025-12-22,13.44,15.06,3.01
2025-12-23,13.37,14.98,2.99
2025-12-24,13.32,14.92,2.98
2025-12-25,13.48,15.1,3.01
2025-12-26,13.38,14.99,2.99
2025-12-29,13.17,14.75,2.94
2025-12-30,13.08,14.66,2.92
2025-12-31,12.91,14.46,2.89
2026-01-05,13.15,14.73,2.94
2026-01-06,13.18,14.77,2.95
2026-01-07,13.1,14.68,2.93
2026-01-08,13.03,14.59,2.91
2026-01-09,13.06,14.63,2.92
2026-01-12,13.23,14.82,2.96
2026-01-13,13.16,14.74,2.94
2026-01-14,13.04,14.61,2.92
2026-01-15,12.93,14.48,2.89
2026-01-16,12.81,14.36,2.86
2026-01-19,12.74,14.27,2.85
2026-01-20,12.78,14.32,2.86
2026-01-21,12.56,14.07,2.81
2026-01-22,12.52,14.03,2.8
2026-01-23,12.55,14.06,2.81
2026-01-26,12.47,13.97,2.79
2026-01-27,12.31,13.79,2.75
2026-01-28,12.27,13.75,2.74
2026-01-29,13.5,15.12,3.02
2026-01-30,12.8,14.33,2.86
2026-02-02,13.07,14.65,2.92
2026-02-03,13.07,14.65,2.92
2026-02-04,13.22,14.81,2.96
2026-02-05,13.27,14.87,2.97
2026-02-06,13.04,14.61,2.91
2026-02-09,13.08,14.66,2.92
2026-02-10,12.98,14.54,2.9
2026-02-11,12.92,14.48,2.89
2026-02-12,12.75,14.28,2.85
2026-02-13,12.92,14.48,2.89
2026-02-24,12.81,14.36,2.86
2026-02-25,12.82,14.36,2.86
2026-02-26,12.66,14.18,2.83
2026-02-27,12.68,14.2,2.83
2026-03-02,12.58,14.09,2.81
2026-03-03,12.5,14.0,2.79
2026-03-04,12.31,13.79,2.75
2026-03-05,12.36,13.85,2.76
2026-03-06,12.48,13.98,2.79
2026-03-09,12.37,13.86,2.77
2026-03-10,12.44,13.93,2.78
2026-03-11,12.45,13.95,2.78
2026-03-12,12.46,13.96,2.79
2026-03-13,12.55,14.05,2.8
2026-03-16,12.74,14.27,2.85
2026-03-17,12.77,14.31,2.85
2026-03-18,12.64,14.16,2.83
2026-03-19,12.49,14.0,2.79
2026-03-20,12.48,13.98,2.79
2026-03-23,12.21,13.68,2.73
2026-03-24,12.35,13.83,2.76
2026-03-25,12.48,13.99,2.79
2026-03-26,12.34,13.83,2.76
2026-03-27,12.51,14.01,2.8
2026-03-30,12.61,14.12,2.82
2026-03-31,12.58,14.1,2.81
2026-04-01,12.72,14.25,2.84
2026-04-02,12.8,14.33,2.86
2026-04-03,12.61,14.13,2.82
2026-04-07,12.56,14.08,2.81
2026-04-08,12.7,14.22,2.84
2026-04-09,12.5,14.01,2.79
2026-04-10,12.44,13.93,2.78
2026-04-13,12.48,13.98,2.79
2026-04-14,12.56,14.07,2.81
2026-04-15,12.62,14.14,2.82
2026-04-16,12.61,14.12,2.82
2026-04-17,12.41,13.91,2.77
2026-04-20,12.35,13.84,2.76
2026-04-21,12.33,13.81,2.76
2026-04-22,12.26,13.74,2.74
2026-04-23,12.33,13.81,2.76
2026-04-24,12.34,13.82,2.76
2026-04-27,12.21,13.68,2.73
2026-04-28,12.21,13.68,2.73
2026-04-29,11.98,13.42,2.68
2026-04-30,42.08,29.91,2.94
2026-05-06,39.99,28.42,2.8
2026-05-07,40.14,28.53,2.81
2026-05-08,39.94,28.38,2.79
2026-05-11,39.8,28.28,2.78
2026-05-12,39.26,27.9,2.75
2026-05-13,38.65,27.46,2.7
2026-05-14,38.58,27.41,2.7
2026-05-15,37.66,26.76,2.63
2026-05-18,37.09,26.36,2.6
2026-05-19,37.19,26.42,2.6
2026-05-20,37.05,26.33,2.59
2026-05-21,37.0,26.29,2.59
2026-05-22,36.43,25.89,2.55
2026-05-25,36.47,25.92,2.55
2026-05-26,36.14,25.68,2.53
2026-05-27,36.37,25.84,2.54
2026-05-28,35.33,25.1,2.47
2026-05-29,36.8,26.15,2.57
2026-06-01,36.16,25.69,2.53
2026-06-02,35.85,25.48,2.51
2026-06-03,35.7,25.37,2.5
2026-06-04,35.16,24.98,2.46
2026-06-05,35.15,24.98,2.46
2026-06-08,34.66,24.63,2.42
2026-06-09,34.29,24.37,2.4
2026-06-10,34.31,24.38,2.4
2026-06-11,34.59,24.58,2.42
2026-06-12,34.64,24.62,2.42
2026-06-15,34.52,24.53,2.41
2026-06-16,33.96,24.13,2.38
2026-06-17,33.59,23.87,2.35
2026-06-18,32.88,23.37,2.3
2026-06-22,33.18,23.58,2.32
2026-06-23,32.41,23.03,2.27
2026-06-24,31.77,22.58,2.22
2026-06-25,32.51,23.1,2.27
2026-06-26,31.72,22.54,2.22
2026-06-29,32.08,22.8,2.24
2026-06-30,32.08,22.8,2.24
2026-07-01,32.3,22.96,2.26
2026-07-02,31.86,22.64,2.23
2026-07-03,31.74,22.55,2.22
2026-07-06,31.97,22.72,2.24
2026-07-07,31.09,22.09,2.17
2026-07-08,30.99,22.02,2.17
2026-07-09,30.73,21.84,2.15
2026-07-10,31.94,22.7,2.23
2026-07-13,31.57,22.43,2.21
2026-07-14,31.82,22.61,2.23
2026-07-15,33.12,23.53,2.32
2026-07-16,32.04,22.76,2.24
2026-07-17,31.54,22.41,2.21
