date,open,high,low,close,volume
2025-05-26,48.210,48.940,47.550,48.330,20571196
2025-05-27,48.030,48.590,47.110,47.650,20808222
2025-05-28,47.510,48.180,47.170,47.250,16350984
2025-05-29,47.130,47.830,46.930,47.580,17638407
2025-05-30,47.350,48.660,46.950,48.030,24931212
2025-06-03,48.500,50.000,48.250,49.380,37305337
2025-06-04,49.400,49.430,48.800,49.360,16951029
2025-06-05,49.380,49.930,48.700,49.600,20233541
2025-06-06,50.500,51.500,49.970,50.000,32708820
2025-06-09,53.000,55.000,52.570,54.650,91453619
2025-06-10,53.550,53.810,52.370,52.890,53571478
2025-06-11,52.870,53.770,52.450,53.390,29208837
2025-06-12,53.000,54.450,52.960,53.280,27530730
2025-06-13,54.430,55.350,53.180,54.900,63193057
2025-06-16,54.900,55.150,53.250,54.490,40635657
2025-06-17,54.410,56.550,53.750,55.510,37941307
2025-06-18,55.500,56.870,54.710,55.280,39624635
2025-06-19,54.650,54.650,52.570,53.470,42969932
2025-06-20,53.400,53.800,52.770,53.070,23194995
2025-06-23,53.200,53.770,52.680,53.040,23381167
2025-06-24,52.000,54.000,51.840,52.900,32588728
2025-06-25,52.940,54.450,52.920,53.780,33321402
2025-06-26,53.810,55.280,53.740,53.770,30580725
2025-06-27,54.470,56.000,54.380,55.050,32873856
2025-06-30,55.600,58.910,55.600,58.620,45403989
2025-07-01,58.640,58.640,56.940,57.940,32551566
2025-07-02,57.460,57.750,56.490,56.670,21360242
2025-07-03,56.570,57.130,56.180,57.030,16540618
2025-07-04,57.010,59.820,56.710,58.580,34467615
2025-07-07,58.590,60.710,57.980,60.100,34786950
2025-07-08,59.680,60.170,58.550,59.980,24269155
2025-07-09,60.080,61.280,59.410,59.440,24748293
2025-07-10,58.840,58.980,57.700,58.400,28538324
2025-07-11,58.380,59.050,58.040,58.200,22879142
2025-07-14,58.320,58.800,57.670,57.710,20925601
2025-07-15,57.510,58.180,57.150,58.130,20626131
2025-07-16,58.100,58.110,57.150,57.980,17903262
2025-07-17,57.810,63.780,57.650,63.780,79226955
2025-07-18,63.870,66.230,63.500,65.640,65993794
2025-07-21,64.450,66.230,64.450,64.990,48326966
2025-07-22,65.000,67.880,64.810,65.710,46941425
2025-07-23,65.070,65.500,62.800,63.120,55863068
2025-07-24,63.130,64.100,62.900,63.640,34519201
2025-07-25,64.000,64.400,63.000,63.300,25492804
2025-07-28,63.300,65.150,63.020,63.980,41879126
2025-07-29,63.900,66.180,63.440,66.140,51983639
2025-07-30,66.190,66.400,62.570,64.340,54209880
2025-07-31,63.200,65.180,63.200,64.720,32822076
2025-08-01,64.720,64.720,62.200,62.200,35772691
2025-08-04,61.990,63.570,61.990,63.380,27614727
2025-08-05,63.580,63.580,62.180,62.840,30989298
2025-08-06,62.850,65.040,62.610,64.720,44047481
2025-08-07,64.060,64.080,63.010,63.600,32985112
2025-08-08,63.400,63.500,62.600,62.680,22991565
2025-08-11,62.680,62.790,61.670,62.020,36223342
2025-08-12,61.800,61.800,59.500,59.870,58214349
2025-08-13,59.780,60.670,59.620,59.950,32498798
2025-08-14,59.550,60.700,58.720,59.850,39395140
2025-08-15,59.550,59.950,59.160,59.710,31639292
2025-08-18,60.000,61.350,59.790,60.830,44320778
2025-08-19,60.170,60.170,59.110,59.600,37867102
2025-08-20,59.620,60.820,59.100,60.140,38169431
2025-08-21,60.120,61.470,59.500,60.880,39365931
2025-08-22,60.880,62.880,59.900,62.540,52595299
2025-08-25,62.840,64.880,62.840,64.190,65784810
2025-08-26,64.170,64.170,62.350,62.510,34118867
2025-08-27,62.510,63.200,61.480,61.570,38250885
2025-08-28,61.460,62.300,59.620,62.130,42596939
2025-08-29,61.930,63.490,61.440,63.470,49030466
2025-09-01,63.470,66.270,61.230,64.400,62803248
2025-09-02,63.900,63.900,62.000,62.950,39353104
2025-09-03,63.570,63.880,56.660,57.080,66713233
2025-09-04,55.380,57.080,53.400,54.240,53002227
2025-09-05,54.250,55.450,53.650,54.600,29367912
2025-09-08,54.600,54.860,53.880,54.590,24479787
2025-09-09,54.630,56.900,54.360,55.670,35648033
2025-09-10,55.750,58.180,55.700,57.240,31693304
2025-09-11,57.250,58.860,56.820,58.840,27898445
2025-09-12,58.870,59.290,58.100,58.250,19741607
2025-09-15,58.000,59.050,57.770,58.390,16291598
2025-09-16,58.300,58.390,57.030,57.890,15496586
2025-09-17,57.900,58.570,57.530,58.500,14913569
2025-09-18,58.470,59.770,58.010,58.650,26211386
2025-09-19,59.600,63.080,59.600,62.450,56957520
2025-09-22,62.100,63.950,62.020,63.740,38832790
2025-09-23,64.700,65.080,62.190,63.740,28917197
2025-09-24,63.150,65.500,62.320,64.140,25940853
2025-09-25,63.660,64.880,62.690,63.880,26205608
2025-09-26,64.000,65.970,63.310,64.480,31719096
2025-09-29,65.000,65.800,63.210,65.300,25728068
2025-09-30,65.290,71.830,65.090,71.830,63959296
2025-10-09,71.000,71.790,68.000,71.210,61482060
2025-10-10,70.640,73.660,70.100,71.190,49562551
2025-10-13,69.040,72.260,69.000,70.750,35232573
2025-10-14,70.550,70.890,67.470,67.720,39297847
2025-10-15,67.720,67.740,65.600,66.580,32203029
2025-10-16,67.880,69.300,66.990,67.140,36928184
2025-10-17,66.800,67.990,64.420,64.570,32457341
2025-10-20,65.200,65.750,63.900,64.510,21030581
2025-10-21,64.450,64.860,63.740,64.330,19484101
2025-10-22,64.230,64.230,62.880,63.100,16872132
2025-10-23,63.070,63.300,61.360,62.270,20771027
2025-10-24,63.000,64.110,62.880,63.150,24274031
2025-10-27,63.930,64.140,62.700,63.660,21306428
2025-10-28,63.670,66.160,63.450,64.880,39144495
2025-10-29,64.850,64.850,63.800,64.130,22539863
2025-10-30,63.390,64.100,61.630,62.610,30903963
2025-10-31,62.620,62.970,61.080,61.080,22119000
2025-11-03,61.080,61.700,60.600,61.410,15974672
2025-11-04,61.200,61.300,59.940,60.290,15366902
2025-11-05,59.700,60.700,59.580,60.380,11605728
2025-11-06,60.380,61.020,60.370,60.660,12814621
2025-11-07,60.410,60.520,59.650,59.820,15161989
2025-11-10,59.800,60.200,58.620,59.630,16117244
2025-11-11,59.700,60.060,58.880,58.930,12850337
2025-11-12,58.880,58.920,57.620,58.320,15067193
2025-11-13,58.280,58.800,58.030,58.450,9131033
2025-11-14,58.470,60.610,58.410,59.040,30934201
2025-11-17,61.490,62.300,59.750,60.260,43442709
2025-11-18,60.300,60.400,57.980,59.380,24888460
2025-11-19,59.020,61.290,58.880,60.440,25785036
2025-11-20,59.600,60.250,58.910,58.950,16382371
2025-11-21,58.020,59.200,57.400,57.900,18606557
2025-11-24,58.220,61.380,58.180,61.200,32989892
2025-11-25,60.590,60.590,59.590,60.370,24886564
2025-11-26,59.800,59.800,58.270,58.400,23682723
2025-11-27,58.040,59.350,58.030,58.530,14982903
2025-11-28,58.530,58.900,58.170,58.710,10702224
2025-12-01,58.700,58.950,58.010,58.230,12603173
2025-12-02,58.100,58.340,57.570,57.580,11728311
2025-12-03,57.550,57.570,55.820,55.950,19318859
2025-12-04,55.950,57.300,55.900,56.700,13455017
2025-12-05,56.710,56.980,56.210,56.850,11026799
2025-12-08,57.010,57.640,56.860,56.930,15639689
2025-12-09,56.720,56.850,55.410,55.600,18936169
2025-12-10,55.560,55.960,55.030,55.820,15406869
2025-12-11,55.770,56.080,54.330,54.400,20079933
2025-12-12,54.410,54.600,53.190,53.630,37473931
2025-12-15,53.210,54.530,53.210,54.330,30491030
2025-12-16,54.330,54.410,52.900,53.900,17459799
2025-12-17,53.960,55.330,53.780,54.510,17101652
2025-12-18,53.850,54.960,53.760,54.520,15358948
2025-12-19,54.580,56.080,54.500,55.330,18900709
2025-12-22,55.550,55.630,54.800,54.860,14913307
2025-12-23,54.870,55.060,53.760,54.010,16310432
2025-12-24,53.950,55.690,53.730,55.650,21824259
2025-12-25,55.590,58.080,55.330,57.250,40628611
2025-12-26,57.480,57.480,56.000,56.630,23125882
2025-12-29,57.040,57.800,56.060,57.120,24073530
2025-12-30,57.120,57.330,55.820,56.450,22447834
2025-12-31,56.210,57.480,55.970,56.150,17004069
2026-01-05,57.040,58.500,56.920,58.280,40209229
2026-01-06,58.100,61.040,57.500,60.100,42935087
2026-01-07,59.990,59.990,58.310,58.510,28084451
2026-01-08,58.450,63.380,58.310,61.810,57835621
2026-01-09,63.500,65.450,61.860,62.400,68351728
2026-01-12,63.000,63.100,61.500,62.670,46020644
2026-01-13,62.200,62.210,59.700,60.000,47091734
2026-01-14,59.810,61.880,58.980,59.780,37483536
2026-01-15,59.770,62.990,59.600,61.180,39299709
2026-01-16,60.000,60.940,58.750,58.930,37829151
2026-01-19,58.600,62.550,58.100,61.200,48541711
2026-01-20,60.550,62.300,59.450,60.450,27894899
2026-01-21,60.030,61.120,59.600,59.670,24049362
2026-01-22,59.550,61.590,59.500,60.830,28469176
2026-01-23,60.650,60.800,59.600,59.860,26393891
2026-01-26,59.600,59.770,56.920,56.920,43156119
2026-01-27,56.910,57.800,56.360,56.940,26038348
2026-01-28,57.060,57.090,55.680,55.970,30390945
2026-01-29,55.980,56.230,55.170,55.530,21022239
2026-01-30,55.500,55.760,54.300,54.980,18235888
2026-02-02,54.800,55.310,53.510,53.800,25165030
2026-02-03,53.990,54.610,53.870,54.530,17496011
2026-02-04,54.390,55.860,54.200,55.500,21787193
2026-02-05,55.210,56.250,54.870,55.790,19558438
2026-02-06,55.380,55.630,54.820,55.100,14473752
2026-02-09,55.630,55.980,55.120,55.360,16562141
2026-02-10,55.670,56.290,55.000,56.080,23736380
2026-02-11,55.780,55.800,54.760,54.820,17864399
2026-02-12,54.810,54.980,54.300,54.860,16158665
2026-02-13,54.900,56.080,54.670,55.660,25057143
2026-02-24,55.930,56.650,55.370,56.280,20476719
2026-02-25,56.400,56.490,55.820,56.250,16844957
2026-02-26,56.200,56.380,55.510,55.830,15904195
2026-02-27,55.830,56.220,55.000,55.340,21854448
2026-03-02,57.560,58.340,56.220,57.950,63662643
2026-03-03,57.850,57.850,55.600,55.740,35820019
2026-03-04,55.090,57.330,54.630,56.870,30938650
2026-03-05,56.430,56.430,55.600,55.950,21884598
2026-03-06,55.640,56.380,55.090,55.560,17833248
2026-03-09,55.000,55.180,53.700,54.190,20990623
2026-03-10,54.000,54.930,54.000,54.390,15571621
2026-03-11,54.390,54.450,53.790,53.870,16096169
2026-03-12,53.890,53.960,52.900,52.950,16830000
2026-03-13,52.770,52.960,51.400,51.660,21728454
2026-03-16,51.680,51.850,50.820,51.000,16244152
2026-03-17,51.020,51.210,50.320,50.500,14972119
2026-03-18,50.500,50.890,49.800,50.870,15843814
2026-03-19,50.480,50.690,49.440,49.490,13801886
2026-03-20,49.400,49.690,47.420,47.580,27270878
2026-03-23,46.660,49.200,46.210,47.400,31287845
2026-03-24,47.950,48.340,47.260,47.810,14657209
2026-03-25,47.870,49.150,47.710,49.000,19682943
2026-03-26,48.890,48.890,47.500,47.760,13301719
2026-03-27,47.000,48.060,46.890,47.820,8931376
2026-03-30,47.630,48.500,47.320,48.120,10187572
2026-03-31,48.750,50.440,48.750,49.100,27735443
2026-04-01,49.620,49.700,48.600,49.020,14644616
2026-04-02,49.020,49.180,47.860,48.300,13235936
2026-04-03,48.330,48.520,47.800,48.260,9179928
2026-04-07,48.400,48.450,47.430,47.680,9279222
2026-04-08,48.140,49.100,48.030,48.980,15819804
2026-04-09,48.480,48.660,47.610,47.800,16407707
2026-04-10,47.800,49.090,47.790,48.720,18378432
2026-04-13,48.880,52.180,48.880,51.680,44573140
2026-04-14,51.050,51.470,50.910,51.390,26314736
2026-04-15,51.950,52.080,50.490,50.660,21684179
2026-04-16,50.660,50.940,50.100,50.500,16125163
2026-04-17,50.510,51.400,50.210,50.930,20292476
2026-04-20,51.000,51.150,50.490,50.820,22106399
2026-04-21,50.700,50.950,49.880,49.950,17692401
2026-04-22,49.780,49.960,49.280,49.800,17376271
2026-04-23,49.850,50.200,48.910,49.330,22199544
2026-04-24,49.340,49.350,48.330,48.420,14948448
2026-04-27,48.450,48.990,48.040,48.560,15585281
2026-04-28,48.230,48.550,47.810,48.050,13624316
2026-04-29,46.500,47.480,46.240,47.180,24259150
2026-04-30,47.100,47.470,46.800,46.970,16232750
2026-05-06,47.890,48.530,47.890,48.220,22678799
2026-05-07,48.220,48.230,47.700,48.000,16772645
2026-05-08,48.550,49.820,48.450,49.700,40173637
2026-05-11,50.450,50.450,49.200,49.370,30974093
2026-05-12,49.380,50.970,48.280,49.910,42243806
2026-05-13,49.670,49.680,48.700,49.070,24026526
2026-05-14,49.100,49.100,47.800,47.900,21465047
2026-05-15,47.780,47.890,47.130,47.290,16193306
2026-05-18,47.300,47.630,46.410,46.630,16721149
2026-05-19,46.830,47.120,46.510,47.100,10973174
2026-05-20,46.800,46.990,45.880,45.890,18797478
2026-05-21,45.900,46.330,45.800,45.960,15323536
2026-05-22,45.990,46.260,45.270,45.440,16076209
2026-05-25,45.450,45.450,44.000,44.220,23745053
2026-05-26,44.000,44.280,43.250,43.640,17710180
2026-05-27,43.570,43.920,42.600,42.680,14727155
2026-05-28,42.630,43.220,42.380,42.830,10842108
2026-05-29,42.750,43.350,41.980,42.980,17685397
2026-06-01,42.870,43.880,42.800,43.800,15462148
2026-06-02,43.530,44.000,43.100,43.270,13223393
2026-06-03,43.100,43.200,42.300,42.410,14511256
2026-06-04,42.200,42.250,41.080,41.250,19385926
2026-06-05,41.240,41.370,40.410,40.500,19669004
2026-06-08,40.150,41.490,40.040,40.600,19383153
2026-06-09,40.460,41.160,39.910,41.140,15912197
2026-06-10,40.990,41.970,40.790,41.050,12057977
2026-06-11,40.770,41.990,40.540,41.620,18387480
2026-06-12,41.960,45.000,41.960,44.610,47764317
2026-06-15,43.690,44.350,43.140,43.280,25562499
2026-06-16,43.180,43.530,42.440,42.480,17199670
2026-06-17,42.280,42.540,41.720,42.140,14725337
2026-06-18,41.910,42.280,41.100,41.270,15347268
2026-06-22,40.880,41.820,40.580,41.800,17712373
2026-06-23,41.650,42.040,40.900,40.930,14938364
2026-06-24,40.900,41.100,40.520,40.620,12284005
2026-06-25,40.600,40.790,39.880,39.940,15502793
2026-06-26,39.610,40.770,38.600,40.590,25743760
2026-06-29,40.400,40.850,39.350,40.040,15474591
2026-06-30,39.920,41.360,39.920,41.100,19532799
2026-07-01,41.000,41.890,40.600,41.280,17566704
2026-07-02,41.080,41.680,40.780,40.780,15559474
2026-07-03,40.780,41.750,40.760,41.630,20185483
2026-07-06,41.630,41.890,40.810,40.830,14152799
2026-07-07,40.830,40.930,40.010,40.390,12628887
2026-07-08,40.390,40.390,39.810,39.810,8866177
2026-07-09,39.750,39.950,39.060,39.750,12689551
2026-07-10,39.530,41.350,39.250,40.350,22686437
2026-07-13,40.200,40.200,38.910,39.120,17450990
2026-07-14,38.990,39.060,38.380,38.860,11123195
2026-07-15,38.330,40.150,38.000,39.790,20791863
2026-07-16,39.610,40.090,39.500,39.950,12211338
2026-07-17,39.800,40.730,39.660,40.210,20306023
