date,open,close,high,low,volume
2023-06-01,94.384,99.004,99.634,94.104,212128.0
2023-06-02,99.384,100.084,104.774,99.004,216976.0
2023-06-05,98.884,99.154,101.734,98.324,122012.0
2023-06-06,98.664,93.514,99.234,93.264,157193.0
2023-06-07,94.404,93.804,95.654,92.904,95518.0
2023-06-08,97.374,94.704,99.564,93.694,124960.0
2023-06-09,95.654,96.654,96.934,92.154,123012.0
2023-06-12,98.594,103.264,105.684,98.094,266604.0
2023-06-13,103.234,104.544,106.044,101.894,176179.0
2023-06-14,104.384,103.364,105.764,101.904,103361.0
2023-06-15,103.354,103.234,107.184,102.814,127707.0
2023-06-16,101.704,107.014,110.084,99.384,216962.0
2023-06-19,110.044,110.684,114.864,108.584,258605.0
2023-06-20,108.664,111.174,112.184,107.664,134941.0
2023-06-21,110.734,106.084,111.234,105.984,118301.0
2023-06-26,104.364,102.084,109.364,101.384,131156.0
2023-06-27,102.404,103.684,104.384,100.894,81365.0
2023-06-28,102.384,94.494,102.384,91.874,195753.0
2023-06-29,94.474,96.444,97.884,94.064,103055.0
2023-06-30,96.184,95.734,96.594,92.854,106774.0
2023-07-03,96.034,96.964,99.554,95.794,90260.0
2023-07-04,95.884,108.434,111.924,95.384,253965.0
2023-07-05,109.424,104.174,110.374,103.564,157766.0
2023-07-06,103.174,105.054,107.014,102.584,113478.0
2023-07-07,104.234,100.504,105.054,98.724,121039.0
2023-07-10,101.414,100.504,102.684,99.664,79526.0
2023-07-11,99.904,104.464,105.544,98.164,139251.0
2023-07-12,104.464,100.684,106.004,100.384,105578.0
2023-07-13,100.714,99.184,101.384,97.534,136405.0
2023-07-14,99.084,99.454,100.724,98.494,84012.0
2023-07-17,98.374,96.624,98.374,96.384,72591.0
2023-07-18,97.184,96.684,98.254,96.564,52357.0
2023-07-19,97.684,97.504,99.154,96.704,53611.0
2023-07-20,97.284,90.904,97.434,90.714,132667.0
2023-07-21,90.584,89.034,90.774,88.004,80627.0
2023-07-24,88.504,88.764,89.914,88.184,52610.0
2023-07-25,89.834,89.914,91.214,88.694,85839.0
2023-07-26,89.384,87.584,89.434,87.214,69058.0
2023-07-27,90.384,87.334,91.814,87.334,88863.0
2023-07-28,86.374,88.384,89.264,84.984,81867.0
2023-07-31,88.384,89.734,90.554,87.024,59923.0
2023-08-01,89.774,88.684,89.774,87.684,51625.0
2023-08-02,88.414,88.694,89.394,87.764,33598.0
2023-08-03,88.384,87.904,89.064,87.624,40112.0
2023-08-04,87.884,89.444,90.384,87.384,72580.0
2023-08-07,89.744,89.984,91.234,89.144,67296.0
2023-08-08,89.724,89.364,90.404,89.244,38538.0
2023-08-09,89.284,87.234,89.574,86.974,60299.0
2023-08-10,87.194,86.994,87.604,85.884,45291.0
2023-08-11,86.884,85.074,87.414,85.044,38267.0
2023-08-14,83.884,85.734,85.964,83.494,43442.0
2023-08-15,85.874,83.264,86.044,82.744,58084.0
2023-08-16,84.144,81.924,84.764,81.824,64330.0
2023-08-17,81.884,82.124,82.884,80.884,48779.0
2023-08-18,82.214,79.804,82.394,79.804,58784.0
2023-08-21,79.394,79.644,80.884,79.234,40220.0
2023-08-22,80.384,80.164,80.844,77.284,79808.0
2023-08-23,79.994,76.494,79.994,76.484,60060.0
2023-08-24,77.384,76.834,78.344,76.804,51280.0
2023-08-25,76.284,74.104,76.284,73.494,66128.0
2023-08-28,79.384,73.864,80.264,73.724,88043.0
2023-08-29,73.514,77.624,78.384,73.264,82421.0
2023-08-30,77.694,79.624,80.684,77.694,80927.0
2023-08-31,79.504,79.454,80.974,78.504,50122.0
2023-09-01,79.434,79.214,80.154,78.704,31611.0
2023-09-04,79.694,80.294,80.354,78.184,43812.0
2023-09-05,80.364,80.264,81.884,79.894,56211.0
2023-09-06,79.364,81.284,81.904,78.984,55471.0
2023-09-07,80.744,79.084,80.824,78.854,46917.0
2023-09-08,78.034,79.304,79.884,77.824,43620.0
2023-09-11,79.634,82.264,83.594,79.274,96339.0
2023-09-12,83.584,82.404,84.954,82.284,102656.0
2023-09-13,81.384,77.384,81.534,76.294,117062.0
2023-09-14,77.894,76.384,78.214,75.784,55218.0
2023-09-15,76.194,75.624,77.204,75.384,45131.0
2023-09-18,75.254,77.054,79.054,75.244,66856.0
2023-09-19,77.074,75.384,77.154,75.014,42095.0
2023-09-20,75.044,75.344,76.264,74.984,29206.0
2023-09-21,75.134,74.334,75.684,74.124,37634.0
2023-09-22,74.174,76.024,76.344,73.584,48555.0
2023-09-25,76.224,76.084,76.884,74.954,53295.0
2023-09-26,76.084,75.664,77.344,75.204,42455.0
2023-09-27,75.414,75.194,76.354,74.984,45127.0
2023-09-28,75.484,75.954,76.664,75.234,40822.0
2023-10-09,77.384,78.384,79.154,76.484,72134.0
2023-10-10,78.184,79.134,79.984,77.604,71707.0
2023-10-11,79.474,78.434,79.474,77.684,59582.0
2023-10-12,78.464,78.634,79.164,78.234,33837.0
2023-10-13,77.984,77.054,78.284,76.784,45725.0
2023-10-16,76.954,74.554,77.264,73.934,53656.0
2023-10-17,74.444,74.304,75.544,73.894,35222.0
2023-10-18,73.724,69.864,73.784,66.264,112591.0
2023-10-19,69.454,69.344,71.884,69.184,64044.0
2023-10-20,68.934,67.044,70.064,66.944,52690.0
2023-10-23,66.684,66.044,67.384,64.934,63502.0
2023-10-24,66.384,66.884,67.474,65.134,58208.0
2023-10-25,67.264,66.884,67.604,66.384,69968.0
2023-10-26,66.454,67.414,67.654,65.804,49324.0
2023-10-27,66.884,67.534,67.994,66.484,62222.0
2023-10-30,67.534,69.824,70.254,67.234,79879.0
2023-10-31,69.834,69.574,69.854,68.694,46647.0
2023-11-01,69.784,72.324,75.234,69.784,147686.0
2023-11-02,73.114,77.174,79.214,73.114,214486.0
2023-11-03,78.834,78.534,79.254,77.384,123096.0
2023-11-06,79.414,80.874,81.154,78.384,132784.0
2023-11-07,80.384,83.234,84.044,80.184,116955.0
2023-11-08,83.074,82.194,84.384,81.784,88558.0
2023-11-09,81.794,81.264,82.694,80.884,59350.0
2023-11-10,80.394,80.034,81.264,79.904,50490.0
2023-11-13,80.984,83.584,84.284,80.894,91973.0
2023-11-14,83.684,87.064,87.634,83.244,108526.0
2023-11-15,87.554,86.874,89.944,85.934,95813.0
2023-11-16,86.234,85.434,87.384,85.264,50549.0
2023-11-17,85.284,87.694,88.754,85.034,71830.0
2023-11-20,87.694,86.164,88.044,86.154,50942.0
2023-11-21,86.284,85.604,87.254,84.904,65169.0
2023-11-22,85.084,83.884,85.884,83.864,42895.0
2023-11-23,84.064,85.214,86.174,82.854,51169.0
2023-11-24,84.834,82.354,85.644,82.284,50496.0
2023-11-27,82.084,82.014,82.974,81.044,45650.0
2023-11-28,81.884,81.304,82.484,80.394,50333.0
2023-11-29,81.304,80.384,81.864,80.184,35608.0
2023-11-30,80.184,79.584,80.634,78.874,39872.0
2023-12-01,79.884,81.484,81.744,79.404,58274.0
2023-12-04,81.664,81.884,83.424,80.094,69836.0
2023-12-05,81.434,79.334,81.854,79.274,36480.0
2023-12-06,79.074,79.154,79.984,78.434,40651.0
2023-12-07,79.364,80.844,81.774,78.884,49972.0
2023-12-08,81.974,82.834,83.454,80.634,83885.0
2023-12-11,82.394,84.994,85.164,81.194,68314.0
2023-12-12,85.264,84.184,85.754,83.594,51617.0
2023-12-13,84.174,83.494,85.384,83.464,38071.0
2023-12-14,83.794,82.684,85.544,82.564,31901.0
2023-12-15,82.854,82.314,83.504,81.844,32686.0
2023-12-18,81.834,81.764,82.984,81.394,30118.0
2023-12-19,81.524,81.184,82.484,80.264,35213.0
2023-12-20,81.624,79.384,81.744,79.384,28361.0
2023-12-21,79.144,79.174,80.054,77.504,44091.0
2023-12-22,78.984,77.284,79.154,76.974,44897.0
2023-12-25,77.264,77.814,78.864,77.204,22187.0
2023-12-26,77.634,75.394,77.634,74.464,47213.0
2023-12-27,75.384,75.334,76.384,75.234,31620.0
2023-12-28,75.374,78.234,78.344,74.254,48869.0
2023-12-29,78.084,79.444,80.934,78.064,47788.0
2024-01-02,79.444,77.484,79.984,77.464,31492.0
2024-01-03,77.084,75.464,77.154,74.984,38380.0
2024-01-04,75.014,72.624,75.764,72.364,54762.0
2024-01-05,73.064,71.204,73.734,70.384,55777.0
2024-01-08,71.204,69.084,71.214,68.884,58956.0
2024-01-09,69.474,68.384,70.084,67.684,50883.0
2024-01-10,68.434,65.984,68.524,65.874,91777.0
2024-01-11,65.994,66.584,67.484,65.544,94632.0
2024-01-12,66.534,65.304,66.834,65.074,68875.0
2024-01-15,64.734,64.234,65.264,63.484,70269.0
2024-01-16,64.264,63.294,64.294,62.444,97428.0
2024-01-17,63.184,61.404,63.484,61.384,64279.0
2024-01-18,61.534,62.124,62.184,60.134,102899.0
2024-01-19,61.984,59.634,62.024,59.574,102605.0
2024-01-22,59.604,56.884,60.084,56.594,111931.0
2024-01-23,56.884,57.314,58.334,55.884,90291.0
2024-01-24,57.564,56.864,57.784,54.584,110597.0
2024-01-25,57.144,58.204,58.574,55.834,109833.0
2024-01-26,57.874,55.734,57.874,55.714,97356.0
2024-01-29,55.744,54.004,56.464,53.984,87998.0
2024-01-30,53.084,52.354,55.914,52.164,83098.0
2024-01-31,51.794,49.464,52.264,49.414,109759.0
2024-02-01,49.284,49.794,51.234,48.464,100576.0
2024-02-02,49.884,47.244,50.394,45.084,127647.0
2024-02-05,47.024,44.814,47.254,42.934,157224.0
2024-02-06,44.684,48.194,48.784,43.954,138459.0
2024-02-07,48.184,49.454,50.464,47.884,153025.0
2024-02-08,50.134,52.174,52.284,49.504,149281.0
2024-02-19,54.884,54.024,54.934,52.184,226260.0
2024-02-20,52.694,53.184,53.324,51.294,134377.0
2024-02-21,52.054,53.324,55.314,51.904,149380.0
2024-02-22,53.784,55.644,55.774,53.494,147581.0
2024-02-23,56.414,56.304,56.664,54.634,148693.0
2024-02-26,56.504,57.814,58.734,55.864,194154.0
2024-02-27,57.054,60.204,60.284,56.644,187937.0
2024-02-28,61.164,57.014,62.734,56.984,255680.0
2024-02-29,56.384,60.044,60.784,56.294,200202.0
2024-03-01,60.264,62.164,62.384,59.784,205557.0
2024-03-04,64.074,62.794,64.834,61.414,224119.0
2024-03-05,61.794,60.834,62.234,60.024,186395.0
2024-03-06,60.294,61.274,62.584,60.104,146188.0
2024-03-07,62.534,58.464,62.834,58.394,184056.0
2024-03-08,59.234,59.704,59.924,57.834,131262.0
2024-03-11,58.614,60.244,60.264,58.184,130855.0
2024-03-12,60.384,61.634,61.964,60.324,157239.0
2024-03-13,62.124,61.004,62.274,60.654,139517.0
2024-03-14,61.134,60.114,62.124,59.184,136429.0
2024-03-15,59.884,62.644,62.734,58.424,209868.0
2024-03-18,63.184,62.524,63.264,61.224,276804.0
2024-03-19,62.264,65.424,66.464,61.134,373209.0
2024-03-20,62.874,63.384,63.514,61.384,338236.0
2024-03-21,63.384,61.194,63.514,61.054,252741.0
2024-03-22,60.394,56.884,60.634,56.854,297715.0
2024-03-25,57.384,54.034,57.864,53.924,242850.0
2024-03-26,53.734,53.664,54.644,52.684,171307.0
2024-03-27,52.894,49.904,53.084,49.904,180607.0
2024-03-28,49.384,51.064,52.184,49.374,179187.0
2024-03-29,50.834,50.654,51.884,49.844,112667.0
2024-04-01,50.334,52.334,52.464,50.334,132035.0
2024-04-02,52.384,51.324,52.384,50.794,111297.0
2024-04-03,51.364,50.114,51.374,49.814,87400.0
2024-04-08,50.094,50.614,52.064,49.404,117421.0
2024-04-09,50.764,50.834,51.524,50.354,90460.0
2024-04-10,50.884,48.404,50.984,48.084,145032.0
2024-04-11,47.884,47.204,48.964,47.174,123913.0
2024-04-12,47.374,46.284,47.664,46.284,97738.0
2024-04-15,46.304,46.454,47.344,45.394,112418.0
2024-04-16,46.454,43.834,46.584,43.784,148194.0
2024-04-17,44.434,45.224,45.894,44.434,150485.0
2024-04-18,44.994,45.684,46.714,44.184,127833.0
2024-04-19,45.403,44.733,45.493,44.273,94284.0
2024-04-22,43.643,44.643,45.283,43.243,93429.0
2024-04-23,44.633,44.133,45.413,44.043,83896.0
2024-04-24,44.333,45.383,45.393,43.733,107112.0
2024-04-25,44.533,43.883,44.983,43.263,177615.0
2024-04-26,43.753,46.213,46.253,43.643,195613.0
2024-04-29,47.653,48.893,49.023,47.393,231103.0
2024-04-30,49.633,48.343,49.933,47.813,170383.0
2024-05-06,49.933,49.303,50.793,49.183,179972.0
2024-05-07,49.023,49.093,50.213,48.713,127330.0
2024-05-08,48.833,47.813,49.123,47.683,105420.0
2024-05-09,47.653,48.333,48.743,47.653,88328.0
2024-05-10,48.273,47.043,48.713,46.773,103966.0
2024-05-13,46.483,45.803,46.773,45.643,99916.0
2024-05-14,46.803,46.423,47.823,46.043,107986.0
2024-05-15,46.093,45.153,46.353,45.033,85345.0
2024-05-16,45.533,46.023,47.133,45.063,125870.0
2024-05-17,45.773,46.603,46.883,45.563,88429.0
2024-05-20,46.603,46.463,47.363,46.043,99377.0
2024-05-21,46.233,45.873,46.633,45.713,77334.0
2024-05-22,46.133,50.573,52.123,46.133,382527.0
2024-05-23,52.683,50.333,54.053,50.193,391800.0
2024-05-24,50.633,48.883,52.733,48.723,324576.0
2024-05-27,49.063,49.783,50.223,48.133,249520.0
2024-05-28,49.643,48.013,49.643,47.913,178930.0
2024-05-29,48.633,50.853,52.223,48.543,341546.0
2024-05-30,50.863,51.833,52.203,49.923,297555.0
2024-05-31,52.233,56.123,57.563,51.543,507353.0
2024-06-03,56.033,57.933,59.283,54.693,474289.0
2024-06-04,57.633,56.353,58.503,55.183,355936.0
2024-06-05,57.023,55.843,58.503,55.653,289662.0
2024-06-06,55.433,56.133,58.123,54.123,343455.0
2024-06-07,55.633,53.243,55.913,52.403,288649.0
2024-06-11,53.103,53.563,53.953,52.063,175759.0
2024-06-12,54.933,53.823,56.133,53.743,256033.0
2024-06-13,54.333,53.743,56.053,53.713,255174.0
2024-06-14,53.273,53.243,53.783,52.283,181136.0
2024-06-17,53.783,55.633,55.993,53.783,275092.0
2024-06-18,55.463,57.133,57.513,55.393,287464.0
2024-06-19,57.133,53.653,57.133,53.463,294977.0
2024-06-20,53.823,49.823,54.013,49.813,280739.0
2024-06-21,49.633,49.173,49.813,48.003,228494.0
2024-06-24,48.553,46.843,48.923,46.633,175099.0
2024-06-25,47.013,44.883,47.213,44.543,170398.0
2024-06-26,45.133,46.123,46.413,44.433,169050.0
2024-06-27,45.603,44.623,46.143,44.623,139387.0
2024-06-28,44.533,45.223,46.293,44.223,138316.0
2024-07-01,45.613,46.193,46.413,45.063,117872.0
2024-07-02,46.203,45.453,46.593,45.183,115516.0
2024-07-03,45.483,44.453,45.583,44.073,111295.0
2024-07-04,44.883,43.633,45.573,43.613,112146.0
2024-07-05,43.433,43.793,44.133,42.533,97794.0
2024-07-08,43.633,41.183,43.733,40.773,188766.0
2024-07-09,41.323,43.103,43.263,41.023,166629.0
2024-07-10,43.483,46.363,47.533,43.043,308766.0
2024-07-11,47.193,47.283,47.383,46.093,230404.0
2024-07-12,46.613,47.493,47.963,46.353,201145.0
2024-07-15,47.153,46.223,47.723,46.103,149112.0
2024-07-16,45.833,46.753,47.083,45.693,137286.0
2024-07-17,46.713,45.453,46.783,45.393,112174.0
2024-07-18,44.553,44.923,45.073,43.373,152311.0
2024-07-19,44.583,45.853,46.393,44.143,129029.0
2024-07-22,46.733,45.923,47.103,45.653,119095.0
2024-07-23,45.663,43.703,45.763,43.643,115644.0
2024-07-24,43.743,42.533,44.233,42.423,99698.0
2024-07-25,42.143,42.443,42.933,41.803,77731.0
2024-07-26,42.533,42.773,43.723,42.483,90059.0
2024-07-29,42.823,43.133,44.023,42.413,111230.0
2024-07-30,42.713,42.953,43.483,42.193,91077.0
2024-07-31,43.013,45.013,45.023,42.773,145457.0
2024-08-01,45.043,44.533,45.293,44.243,109335.0
2024-08-02,44.423,43.283,44.833,43.283,110846.0
2024-08-05,42.683,41.013,43.733,40.993,151150.0
2024-08-06,41.813,41.793,41.973,40.813,98219.0
2024-08-07,41.733,41.523,42.183,41.433,67645.0
2024-08-08,41.223,40.633,41.233,40.003,95540.0
2024-08-09,41.033,40.193,41.283,40.193,63051.0
2024-08-12,39.953,38.683,40.063,38.483,137391.0
2024-08-13,38.663,38.993,39.133,38.213,76558.0
2024-08-14,38.993,38.673,39.263,38.543,58001.0
2024-08-15,38.633,39.873,40.233,38.543,117555.0
2024-08-16,39.933,40.413,41.223,39.813,130589.0
2024-08-19,40.413,39.683,40.863,39.613,93046.0
2024-08-20,39.473,38.703,39.633,38.543,76512.0
2024-08-21,38.733,38.753,39.723,38.543,84375.0
2024-08-22,38.633,37.713,39.293,37.673,86410.0
2024-08-23,37.653,38.103,38.513,37.653,76690.0
2024-08-26,38.223,37.583,38.303,37.383,83060.0
2024-08-27,33.433,31.933,33.833,31.693,320695.0
2024-08-28,31.743,32.463,32.663,31.373,156644.0
2024-08-29,32.333,33.483,33.713,32.133,126652.0
2024-08-30,33.483,33.953,35.333,33.383,150298.0
2024-09-02,34.063,32.883,34.363,32.873,108416.0
2024-09-03,32.803,33.963,34.133,32.803,92327.0
2024-09-04,33.653,33.783,34.283,33.533,62183.0
2024-09-05,33.933,34.223,34.513,33.893,60861.0
2024-09-06,34.373,33.463,34.473,33.443,51630.0
2024-09-09,33.233,33.253,33.713,33.023,54864.0
2024-09-10,33.273,33.913,34.313,32.823,68227.0
2024-09-11,33.853,33.763,34.103,33.563,45405.0
2024-09-12,34.053,33.403,34.293,33.373,66660.0
2024-09-13,33.403,32.763,33.533,32.713,84945.0
2024-09-18,32.753,32.203,32.923,31.893,56663.0
2024-09-19,32.523,32.763,33.213,32.193,80279.0
2024-09-20,32.813,32.563,33.083,32.243,65929.0
2024-09-23,32.553,35.933,36.783,32.293,293019.0
2024-09-24,35.488,36.018,36.138,34.058,295498.0
2024-09-25,35.968,36.458,37.418,35.818,276756.0
2024-09-26,36.338,38.768,38.938,35.988,328414.0
2024-09-27,39.858,43.548,44.738,38.718,429885.0
2024-09-30,47.358,52.308,52.308,46.968,561474.0
2024-10-08,62.818,62.818,62.818,59.758,491702.0
2024-10-09,62.658,65.078,73.768,57.128,780453.0
2024-10-10,64.258,57.278,64.978,53.618,480223.0
2024-10-11,56.358,56.428,60.418,54.588,378897.0
2024-10-14,56.758,61.558,61.858,53.658,442040.0
2024-10-15,60.658,58.368,64.938,58.338,491064.0
2024-10-16,55.758,57.238,58.758,55.758,245577.0
2024-10-17,60.358,59.228,62.378,58.958,430398.0
2024-10-18,59.058,62.658,64.838,58.058,539232.0
2024-10-21,63.408,65.258,68.038,61.638,513850.0
2024-10-22,64.758,62.378,64.758,60.918,332197.0
2024-10-23,62.378,61.028,63.638,60.678,284201.0
2024-10-24,60.728,59.768,62.138,59.398,244679.0
2024-10-25,59.358,59.058,60.638,58.648,264782.0
2024-10-28,58.638,59.238,59.238,57.968,191332.0
2024-10-29,58.828,57.778,60.278,57.748,269300.0
2024-10-30,57.028,58.608,58.858,56.568,222093.0
2024-10-31,58.518,57.768,59.218,57.128,243157.0
2024-11-01,57.358,53.728,57.928,53.698,282751.0
2024-11-04,53.548,55.178,55.658,53.158,154572.0
2024-11-05,55.868,59.658,60.758,55.578,364083.0
2024-11-06,59.808,58.428,60.108,57.928,300172.0
2024-11-07,57.778,59.798,59.828,57.658,224640.0
2024-11-08,61.158,60.458,62.558,59.838,346371.0
2024-11-11,60.518,63.308,63.308,59.898,361301.0
2024-11-12,64.108,60.958,64.228,59.928,308842.0
2024-11-13,60.758,61.728,61.908,60.158,186573.0
2024-11-14,61.648,58.778,61.658,58.658,185545.0
2024-11-15,57.938,57.008,60.258,56.768,186546.0
2024-11-18,57.068,54.408,57.708,53.878,176266.0
2024-11-19,55.168,57.598,57.658,54.788,190552.0
2024-11-20,57.068,57.718,57.998,56.458,153823.0
2024-11-21,57.648,56.888,57.928,56.008,129951.0
2024-11-22,56.408,54.338,57.708,54.308,161793.0
2024-11-25,54.698,53.918,55.038,52.558,130622.0
2024-11-26,53.928,52.678,54.438,52.638,95600.0
2024-11-27,52.758,54.168,54.168,51.568,121452.0
2024-11-28,54.138,53.238,54.578,53.138,91375.0
2024-11-29,53.178,54.808,55.658,52.758,149362.0
2024-12-02,54.818,55.568,56.238,54.338,128571.0
2024-12-03,55.388,55.058,55.818,54.438,122312.0
2024-12-04,55.158,53.708,55.458,53.448,116980.0
2024-12-05,53.458,54.178,54.738,53.428,105857.0
2024-12-06,54.628,55.448,56.038,53.688,169691.0
2024-12-09,55.348,56.988,58.348,55.158,220078.0
2024-12-10,59.858,56.618,60.238,56.528,234231.0
2024-12-11,56.358,63.018,65.258,56.328,557322.0
2024-12-12,63.648,62.758,64.748,61.508,389466.0
2024-12-13,62.238,65.938,70.318,62.058,700440.0
2024-12-16,66.888,63.788,66.888,63.448,398979.0
2024-12-17,64.448,61.258,64.638,60.658,292769.0
2024-12-18,61.758,64.408,65.718,59.638,315557.0
2024-12-19,63.638,66.758,67.258,62.558,366670.0
2024-12-20,66.088,65.418,67.898,64.538,332752.0
2024-12-23,66.258,65.018,68.738,64.758,306964.0
2024-12-24,65.108,62.688,66.138,61.308,277052.0
2024-12-25,62.948,61.838,64.078,61.228,200471.0
2024-12-26,61.358,63.848,63.888,61.328,243025.0
2024-12-27,64.748,65.068,69.638,64.048,410333.0
2024-12-30,64.428,64.538,66.638,63.198,235422.0
2024-12-31,65.058,59.318,65.258,59.258,291489.0
2025-01-02,58.758,55.748,58.848,55.168,224847.0
2025-01-03,55.888,52.578,56.558,52.528,166761.0
2025-01-06,52.558,52.818,55.298,51.848,163166.0
2025-01-07,52.758,53.788,53.818,51.918,170560.0
2025-01-08,53.008,52.478,53.338,49.758,238260.0
2025-01-09,51.938,52.798,53.408,51.868,149108.0
2025-01-10,52.518,51.288,54.028,51.288,165190.0
2025-01-13,50.648,50.558,51.408,49.458,149523.0
2025-01-14,50.858,52.988,53.038,50.138,221401.0
2025-01-15,52.758,52.618,54.058,52.068,210839.0
2025-01-16,52.938,53.468,55.688,52.858,227425.0
2025-01-17,53.108,52.918,53.738,52.138,154589.0
2025-01-20,53.138,53.288,54.098,52.908,138006.0
2025-01-21,53.918,56.948,57.348,53.358,331421.0
2025-01-22,55.788,55.038,56.558,54.688,216142.0
2025-01-23,55.748,54.918,57.408,54.918,200925.0
2025-01-24,54.918,64.678,65.658,54.768,679800.0
2025-01-27,65.478,61.898,66.708,61.358,365949.0
2025-02-05,66.348,65.098,66.548,63.438,456558.0
2025-02-06,65.008,69.748,70.068,64.328,515675.0
2025-02-07,70.258,68.748,74.758,67.558,713836.0
2025-02-10,69.088,70.858,71.698,67.828,423842.0
2025-02-11,70.858,68.788,72.088,68.468,339891.0
2025-02-12,68.358,68.998,70.118,67.998,304146.0
2025-02-13,68.558,65.558,68.888,65.558,364315.0
2025-02-14,65.408,66.598,67.308,64.458,287911.0
2025-02-17,67.608,67.248,68.948,66.078,312195.0
2025-02-18,66.678,63.218,66.858,63.208,289350.0
2025-02-19,63.608,65.158,65.668,62.928,270195.0
2025-02-20,65.878,66.328,66.838,64.968,333639.0
2025-02-21,66.738,66.458,67.028,64.898,334272.0
2025-02-24,66.558,66.958,68.428,66.098,377093.0
2025-02-25,65.258,67.218,69.438,64.938,388022.0
2025-02-26,67.458,68.958,69.658,66.418,381128.0
2025-02-27,68.978,67.648,70.958,65.618,352837.0
2025-02-28,65.758,61.348,66.628,60.868,357814.0
2025-03-03,61.258,60.808,62.318,59.818,193824.0
2025-03-04,60.128,62.298,63.538,59.898,181826.0
2025-03-05,63.008,63.318,65.608,62.758,197779.0
2025-03-06,64.008,65.668,67.108,63.568,279084.0
2025-03-07,65.758,65.088,67.818,64.438,267673.0
2025-03-10,64.408,63.738,65.088,63.448,159762.0
2025-03-11,62.638,63.438,64.728,62.428,135366.0
2025-03-12,64.438,63.108,64.458,63.108,150779.0
2025-03-13,62.808,61.588,63.408,60.758,164204.0
2025-03-14,61.568,64.138,64.258,61.358,187843.0
2025-03-17,64.148,66.278,67.198,63.758,285352.0
2025-03-18,66.058,65.588,66.538,65.158,169340.0
2025-03-19,65.278,65.488,67.108,64.268,186939.0
2025-03-20,65.238,63.408,65.258,63.388,149135.0
2025-03-21,62.768,61.588,64.738,61.558,174632.0
2025-03-24,61.668,60.758,61.748,58.728,161070.0
2025-03-25,60.368,59.148,60.758,58.868,101661.0
2025-03-26,59.108,58.518,59.958,58.478,101460.0
2025-03-27,58.438,58.528,59.238,57.768,89672.0
2025-03-28,58.658,57.408,59.058,57.408,86113.0
2025-03-31,56.768,57.218,57.708,56.258,84183.0
2025-04-01,57.358,57.448,58.478,57.228,84172.0
2025-04-02,57.358,57.568,58.018,57.078,56537.0
2025-04-03,57.108,56.718,58.138,56.008,79044.0
2025-04-07,51.748,45.328,53.608,45.328,245007.0
2025-04-08,46.208,47.378,48.948,45.958,218794.0
2025-04-09,47.048,49.588,50.058,45.168,190757.0
2025-04-10,51.338,50.268,52.248,50.258,159742.0
2025-04-11,49.738,51.118,51.908,49.678,133110.0
2025-04-14,52.058,51.618,52.618,51.358,105240.0
2025-04-15,51.618,51.068,51.998,50.658,84188.0
2025-04-16,50.678,50.218,51.158,49.278,84284.0
2025-04-17,49.958,49.858,50.918,49.858,67496.0
2025-04-18,49.858,49.848,50.278,49.658,53451.0
2025-04-21,50.498,51.708,51.808,50.118,99573.0
2025-04-22,51.558,51.238,51.708,50.938,77181.0
2025-04-23,52.258,52.968,53.438,52.248,151794.0
2025-04-24,53.578,52.198,53.658,51.858,97658.0
2025-04-25,52.408,52.728,53.258,52.348,75451.0
2025-04-28,53.208,52.808,53.358,52.588,74193.0
2025-04-29,51.808,53.568,53.898,51.808,89818.0
2025-04-30,53.748,55.148,55.318,53.578,105380.0
2025-05-06,55.878,56.798,57.128,55.578,116253.0
2025-05-07,57.998,57.078,58.468,56.258,135838.0
2025-05-08,57.078,57.898,58.398,56.758,118430.0
2025-05-09,57.938,56.908,58.408,56.738,128367.0
2025-05-12,57.448,57.758,57.908,57.108,93116.0
2025-05-13,58.678,57.148,58.728,57.038,83246.0
2025-05-14,57.238,57.168,57.878,56.468,84930.0
2025-05-15,57.118,55.618,57.158,55.538,84521.0
2025-05-16,55.338,56.348,57.178,55.328,81012.0
2025-05-19,56.258,55.948,56.368,55.358,56366.0
2025-05-20,55.698,55.988,56.348,55.498,57014.0
2025-05-21,55.778,55.448,55.958,55.288,53651.0
2025-05-22,55.258,55.258,56.008,54.858,50194.0
2025-05-23,55.158,54.198,55.928,54.198,80471.0
2025-05-26,54.378,55.468,56.258,54.348,81653.0
2025-05-27,55.278,54.658,55.278,54.438,51874.0
2025-05-28,54.738,54.468,55.738,54.358,55283.0
2025-05-29,54.325,56.305,56.415,54.325,102885.0
2025-05-30,55.845,55.025,56.095,54.725,72535.0
2025-06-03,54.515,54.565,55.555,54.415,59945.0
2025-06-04,54.545,54.895,55.095,54.465,45518.0
2025-06-05,54.995,56.095,56.295,54.825,75997.0
2025-06-06,56.225,55.905,56.275,55.465,58844.0
2025-06-09,55.915,56.595,57.015,55.915,86053.0
2025-06-10,56.665,54.945,56.765,54.405,106253.0
2025-06-11,54.945,55.195,55.965,54.735,57294.0
2025-06-12,54.885,54.665,55.535,54.555,66440.0
2025-06-13,54.375,53.615,54.765,53.405,82016.0
2025-06-16,53.465,54.505,55.155,53.315,63089.0
2025-06-17,54.465,54.585,54.905,54.145,43668.0
2025-06-18,54.225,55.395,55.755,54.195,80230.0
2025-06-19,55.075,54.435,55.805,54.315,67104.0
2025-06-20,54.295,52.945,54.605,52.835,81303.0
2025-06-23,52.495,52.815,53.305,52.325,71923.0
2025-06-24,53.475,55.845,56.055,53.475,165272.0
2025-06-25,55.875,56.935,56.975,55.835,140338.0
2025-06-26,56.915,56.295,57.135,56.115,98337.0
2025-06-27,56.645,56.225,57.115,56.065,87801.0
2025-06-30,56.335,57.035,57.205,56.105,97116.0
2025-07-01,56.865,56.425,57.105,56.315,74528.0
2025-07-02,56.255,55.415,56.515,55.095,70821.0
2025-07-03,55.405,55.665,55.985,55.205,55376.0
2025-07-04,55.685,54.935,55.905,54.615,73740.0
2025-07-07,54.755,53.945,54.855,53.845,80826.0
2025-07-08,53.935,55.025,55.105,53.815,88464.0
2025-07-09,55.025,54.915,55.735,54.815,83769.0
2025-07-10,54.815,55.155,55.715,54.555,66580.0
2025-07-11,55.275,55.625,56.135,54.615,103981.0
2025-07-14,55.995,55.365,55.995,55.345,75687.0
2025-07-15,55.215,56.465,56.495,55.175,142452.0
2025-07-16,56.465,56.245,57.205,55.995,125164.0
2025-07-17,56.165,57.495,58.145,55.975,158077.0
2025-07-18,58.115,58.135,59.695,57.765,212448.0
2025-07-21,59.495,59.815,60.805,59.085,300430.0
2025-07-22,58.795,58.315,59.485,58.085,192204.0
2025-07-23,58.105,57.985,58.895,57.735,132492.0
2025-07-24,57.855,58.695,58.815,57.855,106729.0
2025-07-25,59.165,59.535,59.565,58.765,137931.0
2025-07-28,60.125,59.035,60.265,58.615,126105.0
2025-07-29,58.815,59.535,60.005,58.615,123598.0
2025-07-30,59.315,58.345,60.195,58.035,139149.0
2025-07-31,58.335,58.435,60.125,58.215,206838.0
2025-08-01,58.775,59.115,59.575,57.765,154622.0
2025-08-04,58.525,59.265,59.265,58.335,100894.0
2025-08-05,59.265,59.085,59.575,58.735,92871.0
2025-08-06,58.955,59.795,59.915,58.515,143291.0
2025-08-07,59.925,59.275,60.615,58.935,129623.0
2025-08-08,59.465,57.685,59.615,57.685,150367.0
2025-08-11,57.815,59.765,59.815,57.725,189624.0
2025-08-12,59.795,60.115,60.395,59.085,142562.0
2025-08-13,60.145,60.265,60.575,59.675,157339.0
2025-08-14,60.435,59.395,61.525,59.215,204635.0
2025-08-15,59.335,60.725,60.775,59.125,184122.0
2025-08-18,61.815,63.255,63.945,61.815,327604.0
2025-08-19,63.315,64.195,65.605,62.995,346842.0
2025-08-20,63.825,64.675,64.675,62.815,220398.0
2025-08-21,64.895,63.605,65.475,63.175,193781.0
2025-08-22,63.515,65.765,66.145,63.515,292788.0
2025-08-25,67.315,66.665,69.395,66.075,358918.0
2025-08-26,66.665,68.445,69.305,65.995,315640.0
2025-08-27,72.035,76.465,82.105,72.015,796947.0
2025-08-28,75.215,77.875,79.575,74.895,649766.0
2025-08-29,78.015,78.845,80.795,77.365,481758.0
2025-09-01,78.845,78.125,81.985,77.565,381273.0
2025-09-02,77.815,74.195,78.015,73.575,410023.0
2025-09-03,74.525,75.735,80.115,74.525,412562.0
2025-09-04,75.905,72.765,77.065,71.225,361527.0
2025-09-05,73.575,73.465,74.295,71.395,301141.0
2025-09-08,73.315,75.215,75.785,72.895,275613.0
2025-09-09,74.455,71.775,74.465,71.525,225059.0
2025-09-10,72.495,72.075,73.515,71.825,158115.0
2025-09-11,72.415,74.115,74.435,71.065,249309.0
2025-09-12,74.315,74.715,76.085,74.155,267302.0
2025-09-15,76.015,75.115,77.675,75.035,315128.0
2025-09-16,74.735,75.645,76.425,74.115,236548.0
2025-09-17,75.585,77.595,78.665,74.525,329338.0
2025-09-18,78.905,74.875,79.745,73.315,455457.0
2025-09-19,74.775,74.075,76.395,73.725,250297.0
2025-09-22,73.815,73.935,74.885,73.215,189524.0
2025-09-23,73.935,72.495,74.315,70.505,249421.0
2025-09-24,72.065,74.705,74.765,71.665,217284.0
2025-09-25,75.035,76.415,77.925,75.035,286498.0
2025-09-26,75.745,73.095,76.045,73.065,199550.0
2025-09-29,73.615,73.955,74.515,72.385,152670.0
2025-09-30,74.285,77.495,77.665,74.145,308994.0
2025-10-09,78.515,79.535,80.305,76.585,328405.0
2025-10-10,78.595,73.805,78.615,73.215,330344.0
2025-10-13,70.005,71.645,72.795,69.815,222569.0
2025-10-14,72.745,69.015,73.765,68.785,203401.0
2025-10-15,69.025,70.565,70.665,67.815,137740.0
2025-10-16,69.865,69.305,70.055,68.915,121947.0
2025-10-17,68.925,66.055,69.305,66.035,154037.0
2025-10-20,67.165,67.345,68.105,66.845,113739.0
2025-10-21,67.425,67.915,68.265,66.815,111193.0
2025-10-22,67.595,66.975,67.805,66.505,89955.0
2025-10-23,66.815,67.185,67.485,65.415,91891.0
2025-10-24,67.815,69.015,69.025,67.615,133368.0
2025-10-27,70.115,69.435,70.345,68.795,133859.0
2025-10-28,70.405,70.745,72.005,69.905,192178.0
2025-10-29,70.315,70.195,70.605,68.975,192208.0
2025-10-30,70.015,68.355,70.035,68.325,150783.0
2025-10-31,68.115,68.575,69.765,68.115,114857.0
2025-11-03,69.045,68.925,69.435,68.065,119141.0
2025-11-04,68.495,66.825,68.515,66.115,132470.0
2025-11-05,65.815,65.845,66.575,64.835,101002.0
2025-11-06,66.415,66.785,66.895,65.885,84229.0
2025-11-07,66.125,65.415,66.315,65.325,88848.0
2025-11-10,65.595,65.415,66.295,65.005,84128.0
2025-11-11,65.645,63.925,66.005,63.795,102606.0
2025-11-12,63.925,63.435,64.265,62.885,79266.0
2025-11-13,63.795,64.365,64.525,63.345,72271.0
2025-11-14,63.715,62.815,64.105,62.815,78126.0
2025-11-17,62.815,63.505,63.645,62.685,69153.0
2025-11-18,63.405,63.795,64.325,62.715,98671.0
2025-11-19,64.145,63.205,64.475,62.945,86830.0
2025-11-20,64.035,62.715,64.385,62.715,80630.0
2025-11-21,61.865,61.035,62.695,60.755,110096.0
2025-11-24,61.705,62.855,63.515,61.115,99019.0
2025-11-25,63.385,63.605,64.695,63.115,122542.0
2025-11-26,63.495,63.765,64.405,63.315,91199.0
2025-11-27,63.715,63.765,64.265,63.185,100902.0
2025-11-28,64.005,65.195,65.515,63.935,169949.0
2025-12-01,65.305,67.535,68.675,64.315,297693.0
2025-12-02,68.735,66.845,69.245,66.415,224183.0
2025-12-03,67.695,65.355,67.695,65.315,173226.0
2025-12-04,65.195,65.115,65.695,64.215,115713.0
2025-12-05,65.315,65.475,65.915,64.415,111397.0
2025-12-08,65.625,65.395,65.915,65.175,138380.0
2025-12-09,65.215,64.095,65.675,63.815,132630.0
2025-12-10,63.765,63.545,63.865,62.875,101976.0
2025-12-11,63.535,62.165,63.795,62.165,90311.0
2025-12-12,62.305,63.915,64.285,62.045,132027.0
2025-12-15,63.555,62.775,63.905,62.715,86282.0
2025-12-16,64.445,63.145,64.995,62.915,148432.0
2025-12-17,62.825,64.525,64.595,62.655,150163.0
2025-12-18,63.855,63.985,64.775,63.855,95699.0
2025-12-19,64.265,65.725,66.315,64.215,178667.0
2025-12-22,66.415,66.555,68.115,66.225,182438.0
2025-12-23,66.215,65.635,66.655,65.495,106933.0
2025-12-24,65.815,66.115,66.775,65.815,94031.0
2025-12-25,65.865,66.215,66.625,65.425,100133.0
2025-12-26,65.975,65.685,66.985,65.565,101189.0
2025-12-29,65.695,65.635,66.475,65.355,90434.0
2025-12-30,65.315,66.605,66.935,65.315,124856.0
2025-12-31,66.815,67.315,67.815,66.515,140021.0
2026-01-05,68.005,69.825,69.995,67.415,242263.0
2026-01-06,70.775,72.795,74.185,70.095,348644.0
2026-01-07,73.645,72.775,74.365,71.425,287157.0
2026-01-08,71.735,72.075,73.145,71.525,204449.0
2026-01-09,72.005,74.735,75.485,71.905,302028.0
2026-01-12,76.365,84.825,84.825,76.235,547873.0
2026-01-13,88.315,83.545,89.285,82.395,549231.0
2026-01-14,83.545,83.105,88.295,81.815,557598.0
2026-01-15,83.485,84.025,85.695,82.815,328421.0
2026-01-16,84.315,82.435,86.815,82.355,326021.0
2026-01-19,81.415,78.035,82.315,77.915,371525.0
2026-01-20,78.315,76.795,79.295,76.005,205915.0
2026-01-21,75.865,76.885,78.275,75.845,168744.0
2026-01-22,77.615,77.485,78.865,77.015,159216.0
2026-01-23,77.615,80.575,80.985,77.415,231113.0
2026-01-26,80.575,77.675,80.805,76.395,204808.0
2026-01-27,77.615,78.935,79.635,76.395,170710.0
2026-01-28,78.905,77.325,79.115,76.985,157168.0
2026-01-29,76.895,76.415,80.115,75.565,222661.0
2026-01-30,75.635,75.075,76.415,74.035,181048.0
2026-02-02,74.315,71.815,75.275,71.715,177146.0
2026-02-03,73.315,72.715,73.435,71.475,138082.0
2026-02-04,72.325,71.965,73.015,70.765,120319.0
2026-02-05,71.305,70.395,71.575,70.025,104860.0
2026-02-06,70.275,70.845,71.795,69.325,125525.0
2026-02-09,72.055,72.475,72.685,71.415,132683.0
2026-02-10,73.215,72.445,73.515,71.895,145917.0
2026-02-11,72.215,72.075,73.115,72.005,90562.0
2026-02-12,72.665,74.405,74.715,72.315,168260.0
2026-02-13,73.685,73.615,75.205,73.415,132098.0
2026-02-24,75.115,71.985,75.195,71.705,156611.0
2026-02-25,72.005,72.175,72.755,71.525,114385.0
2026-02-26,72.215,72.345,72.895,71.685,119012.0
2026-02-27,71.815,72.815,73.585,71.565,131215.0
2026-03-02,70.975,69.555,71.225,68.755,200744.0
2026-03-03,69.805,65.515,70.315,65.405,191581.0
2026-03-04,64.855,65.115,66.575,64.685,110635.0
2026-03-05,66.585,66.015,67.015,65.585,102380.0
2026-03-06,66.015,66.335,66.815,65.725,91211.0
2026-03-09,67.015,70.425,71.385,66.375,305797.0
2026-03-10,71.815,70.565,73.135,69.435,247897.0
2026-03-11,69.995,69.195,70.255,69.035,155397.0
2026-03-12,69.115,69.215,70.785,68.815,143068.0
2026-03-13,68.315,66.805,68.395,66.675,137126.0
2026-03-16,66.625,66.925,66.975,65.475,101631.0
2026-03-17,67.485,65.285,67.695,65.225,94390.0
2026-03-18,65.815,66.415,66.615,65.365,93817.0
2026-03-19,64.835,65.075,65.485,64.715,95969.0
2026-03-20,65.215,62.485,65.585,62.365,135656.0
2026-03-23,61.805,60.215,63.045,59.705,145402.0
2026-03-24,61.745,60.495,61.795,58.975,114911.0
2026-03-25,60.795,60.995,61.745,60.545,110861.0
2026-03-26,60.525,58.905,60.675,58.845,103440.0
2026-03-27,58.495,59.185,59.765,58.185,76670.0
2026-03-30,58.125,58.665,58.695,56.835,98066.0
2026-03-31,58.865,58.235,59.695,57.915,81047.0
2026-04-01,59.735,59.245,59.815,58.945,82998.0
2026-04-02,58.915,57.405,59.215,57.025,88366.0
2026-04-03,58.815,56.695,58.815,56.675,77264.0
2026-04-07,56.705,56.545,57.605,56.405,66203.0
2026-04-08,57.815,61.105,61.115,57.815,157422.0
2026-04-09,59.945,59.495,60.205,59.395,94368.0
2026-04-10,60.065,60.205,61.015,60.065,93366.0
2026-04-13,59.325,60.235,60.815,59.245,77834.0
2026-04-14,61.115,61.345,61.705,60.655,104685.0
2026-04-15,61.815,60.335,62.065,60.065,95763.0
2026-04-16,60.795,61.355,61.645,60.765,97594.0
2026-04-17,61.085,61.155,61.375,60.475,85560.0
2026-04-20,60.885,61.985,62.315,60.465,107457.0
2026-04-21,61.815,60.885,61.815,60.215,104719.0
2026-04-22,62.425,64.315,64.335,62.185,230332.0
2026-04-23,64.315,64.895,65.305,63.715,195889.0
2026-04-24,63.815,63.885,64.675,62.935,136506.0
2026-04-27,63.485,64.985,65.665,62.815,175000.0
2026-04-28,64.495,63.335,65.315,62.955,130165.0
2026-04-29,63.365,63.745,64.475,63.345,105918.0
2026-04-30,63.485,63.725,63.915,62.695,106989.0
2026-05-06,64.605,65.055,66.265,64.595,181830.0
2026-05-07,65.415,65.935,65.975,64.675,141547.0
2026-05-08,65.655,66.615,67.705,65.445,171204.0
2026-05-11,67.245,66.735,67.465,66.095,163755.0
2026-05-12,66.615,65.715,67.355,65.275,135090.0
2026-05-13,65.495,67.335,67.545,64.435,178190.0
2026-05-14,67.835,65.095,68.805,65.095,163759.0
2026-05-15,65.155,64.715,66.795,63.805,187378.0
2026-05-18,64.995,67.375,68.115,64.995,217879.0
2026-05-19,67.385,69.335,69.445,67.375,238648.0
2026-05-20,68.815,68.015,70.515,67.835,219233.0
2026-05-21,68.8,69.04,71.89,68.18,336375.0
2026-05-22,70.0,71.65,72.1,69.0,313932.0
2026-05-25,72.19,71.86,74.25,70.09,331542.0
2026-05-26,71.15,74.3,74.3,69.5,306846.0
2026-05-27,73.5,73.38,74.74,72.68,269865.0
2026-05-28,73.07,69.91,73.3,68.74,291333.0
2026-05-29,70.2,63.18,71.0,62.59,332466.0
2026-06-01,64.79,65.76,68.6,64.79,274832.0
2026-06-02,67.5,63.67,68.26,63.55,248911.0
2026-06-03,62.64,63.19,65.26,62.01,209484.0
2026-06-04,62.44,61.21,63.0,60.8,180311.0
2026-06-05,61.86,63.17,65.55,59.93,234522.0
2026-06-08,61.48,64.74,65.88,61.4,255818.0
2026-06-09,65.0,66.01,66.02,63.11,215175.0
2026-06-10,64.94,62.39,65.82,61.72,208267.0
2026-06-11,61.33,59.39,61.7,58.68,185768.0
2026-06-12,60.52,59.78,62.95,59.37,186188.0
2026-06-15,60.62,61.36,61.5,60.33,126459.0
2026-06-16,60.98,61.97,62.65,60.52,134682.0
2026-06-17,61.2,61.81,62.18,60.65,124355.0
2026-06-18,61.48,65.86,66.44,61.08,279612.0
2026-06-22,65.51,64.8,66.48,62.7,220621.0
2026-06-23,64.2,63.06,64.78,62.71,147928.0
2026-06-24,62.6,64.42,65.11,61.2,167312.0
2026-06-25,63.81,61.92,64.8,61.4,180790.0
2026-06-26,61.5,59.2,61.5,59.18,160655.0
2026-06-29,59.2,58.33,60.47,57.32,146981.0
2026-06-30,58.02,61.79,62.25,58.01,144298.0
2026-07-01,61.64,62.47,64.8,61.63,160621.0
2026-07-02,62.96,61.1,63.6,60.9,145686.0
2026-07-03,60.8,62.7,64.25,60.33,181815.0
2026-07-06,62.5,59.15,62.6,59.06,176521.0
2026-07-07,58.88,57.93,60.09,57.66,108154.0
2026-07-08,57.94,58.28,59.21,57.32,118238.0
2026-07-09,58.7,59.17,59.37,56.9,124906.0
2026-07-10,59.6,59.9,62.31,58.68,171769.0
2026-07-13,59.07,55.8,59.6,55.8,152691.0
2026-07-14,55.8,53.72,56.3,51.91,157160.0
2026-07-15,53.71,53.81,54.48,52.8,89707.0
2026-07-16,55.52,57.33,60.0,55.5,250372.0
2026-07-17,56.55,56.15,59.3,55.74,239535.0
